INSERT INTO locales_creature VALUES ('40070', '', '', '', '', '', '', '', 'Тренер Паладинов', null, null, null, null, null, null, null, 'Тренер класса');        
        INSERT INTO locales_creature VALUES ('40071', '', '', '', '', '', '', '', 'Тренер Магов', null, null, null, null, null, null, null, 'Тренер класса');        
        INSERT INTO locales_creature VALUES ('40072', '', '', '', '', '', '', '', 'Тренер Шаманов', null, null, null, null, null, null, null, 'Тренер класса');        
        INSERT INTO locales_creature VALUES ('40073', '', '', '', '', '', '', '', 'Тренер Жрецов', null, null, null, null, null, null, null, 'Тренер класса');        
        INSERT INTO locales_creature VALUES ('40074', '', '', '', '', '', '', '', 'Тренер Воинов', null, null, null, null, null, null, null, 'Тренер класса');        
        INSERT INTO locales_creature VALUES ('40075', '', '', '', '', '', '', '', 'Тренер Охотников', null, null, null, null, null, null, null, 'Тренер класса');        
        INSERT INTO locales_creature VALUES ('40076', '', '', '', '', '', '', '', 'Тренер Разбойников', null, null, null, null, null, null, null, 'Тренер класса');        
        INSERT INTO locales_creature VALUES ('40077', '', '', '', '', '', '', '', 'Тренер Друидов', null, null, null, null, null, null, null, 'Тренер класса');        
        INSERT INTO locales_creature VALUES ('40078', '', '', '', '', '', '', '', 'Тренер Чернокнижников', null, null, null, null, null, null, null, 'Тренер класса');        
        INSERT INTO locales_creature VALUES ('40079', '', '', '', '', '', '', '', 'Тренер Рыцарей Смерти', null, null, null, null, null, null, null, 'Тренер класса');

REPLACE INTO `creature_template` (`entry`, `difficulty_entry_1`, `difficulty_entry_2`, `difficulty_entry_3`, `KillCredit1`, `KillCredit2`, `modelid1`, `modelid2`, `modelid3`, `modelid4`, `name`, `subname`, `IconName`, `gossip_menu_id`, `minlevel`, `maxlevel`, `exp`, `faction_A`, `faction_H`, `npcflag`, `scale`, `rank`, `mindmg`, `maxdmg`, `dmgschool`, `attackpower`, `dmg_multiplier`, `baseattacktime`, `rangeattacktime`, `unit_class`, `unit_flags`, `dynamicflags`, `family`, `trainer_type`, `trainer_spell`, `trainer_class`, `trainer_race`, `minrangedmg`, `maxrangedmg`, `rangedattackpower`, `type`, `type_flags`, `lootid`, `pickpocketloot`, `skinloot`, `resistance1`, `resistance2`, `resistance3`, `resistance4`, `resistance5`, `resistance6`, `spell1`, `spell2`, `spell3`, `spell4`, `spell5`, `spell6`, `spell7`, `spell8`, `PetSpellDataId`, `VehicleId`, `mingold`, `maxgold`, `AIName`, `MovementType`, `InhabitType`, `Health_mod`, `Mana_mod`, `RacialLeader`, `questItem1`, `questItem2`, `questItem3`, `questItem4`, `questItem5`, `questItem6`, `movementId`, `RegenHealth`, `equipment_id`, `mechanic_immune_mask`, `flags_extra`, `ScriptName`) VALUES (40070, 0, 0, 0, 0, 0, 30453, 0, 30453, 0, 'Lightbringer', 'Paladin Trainer', '', 0, 83, 83, 0, 35, 35, 49, 1, 2, 1000, 2000, 0, 2000, 100, 1500, 1500, 2, 2, 0, 0, 0, 0, 2, 0, 200, 500, 1000, 7, 2, 0, 0, 0, 0, 0, 0, 0, 0, 0, 0, 0, 0, 0, 0, 0, 0, 0, 0, 0, 10000, 10000, '', 0, 3, 10, 5, 0, 0, 0, 0, 0, 0, 0, 0, 1, 2026, 0, 2, '');

DELETE FROM `npc_trainer` WHERE (`entry`=40070);
INSERT INTO `npc_trainer` (entry, spell, spellcost, reqskill, reqskillvalue, reqlevel) VALUES 
(40070, 465, 10, 0, 0, 0),
(40070, 498, 100, 0, 0, 6),
(40070, 633, 300, 0, 0, 10),
(40070, 639, 100, 0, 0, 6),
(40070, 642, 13000, 0, 0, 34),
(40070, 643, 4000, 0, 0, 20),
(40070, 647, 2000, 0, 0, 14),
(40070, 750, 20000, 0, 0, 40),
(40070, 853, 100, 0, 0, 8),
(40070, 879, 4000, 0, 0, 20),
(40070, 1022, 300, 0, 0, 10),
(40070, 1026, 4000, 0, 0, 22),
(40070, 1032, 20000, 0, 0, 40),
(40070, 1038, 6000, 0, 0, 26),
(40070, 1042, 11000, 0, 0, 30),
(40070, 1044, 3500, 0, 0, 18),
(40070, 1152, 100, 0, 0, 8),
(40070, 2800, 11000, 0, 0, 30),
(40070, 2812, 28000, 0, 0, 50),
(40070, 3127, 100, 0, 0, 8),
(40070, 3472, 16000, 0, 0, 38),
(40070, 4987, 21000, 0, 0, 42),
(40070, 5502, 4000, 0, 0, 20),
(40070, 5588, 5000, 0, 0, 24),
(40070, 5589, 20000, 0, 0, 40),
(40070, 5599, 5000, 0, 0, 24),
(40070, 5614, 9000, 0, 0, 28),
(40070, 5615, 14000, 0, 0, 36),
(40070, 6940, 24000, 0, 0, 46),
(40070, 7294, 3000, 0, 0, 16),
(40070, 7328, 1200, 0, 0, 12),
(40070, 10278, 16000, 0, 0, 38),
(40070, 10290, 300, 0, 0, 10),
(40070, 10291, 11000, 0, 0, 30),
(40070, 10292, 28000, 0, 0, 50),
(40070, 10293, 46000, 0, 0, 60),
(40070, 10298, 6000, 0, 0, 26),
(40070, 10299, 14000, 0, 0, 36),
(40070, 10300, 24000, 0, 0, 46),
(40070, 10301, 42000, 0, 0, 56),
(40070, 10308, 40000, 0, 0, 54),
(40070, 10310, 28000, 0, 0, 50),
(40070, 10312, 22000, 0, 0, 44),
(40070, 10313, 34000, 0, 0, 52),
(40070, 10314, 46000, 0, 0, 60),
(40070, 10318, 46000, 0, 0, 60),
(40070, 10322, 5000, 0, 0, 24),
(40070, 10324, 14000, 0, 0, 36),
(40070, 10326, 5000, 0, 0, 24),
(40070, 10328, 24000, 0, 0, 46),
(40070, 10329, 40000, 0, 0, 54),
(40070, 13820, 10000, 0, 0, 20),
(40070, 19740, 100, 0, 0, 4),
(40070, 19742, 2000, 0, 0, 14),
(40070, 19746, 4000, 0, 0, 22),
(40070, 19750, 4000, 0, 0, 20),
(40070, 19752, 11000, 0, 0, 30),
(40070, 19834, 1000, 0, 0, 12),
(40070, 19835, 4000, 0, 0, 22),
(40070, 19836, 12000, 0, 0, 32),
(40070, 19837, 21000, 0, 0, 42),
(40070, 19838, 34000, 0, 0, 52),
(40070, 19850, 5000, 0, 0, 24),
(40070, 19852, 13000, 0, 0, 34),
(40070, 19853, 22000, 0, 0, 44),
(40070, 19854, 40000, 0, 0, 54),
(40070, 19876, 9000, 0, 0, 28),
(40070, 19888, 12000, 0, 0, 32),
(40070, 19891, 14000, 0, 0, 36),
(40070, 19895, 20000, 0, 0, 40),
(40070, 19896, 34000, 0, 0, 52),
(40070, 19897, 22000, 0, 0, 44),
(40070, 19898, 42000, 0, 0, 56),
(40070, 19899, 26000, 0, 0, 48),
(40070, 19900, 46000, 0, 0, 60),
(40070, 19939, 6000, 0, 0, 26),
(40070, 19940, 13000, 0, 0, 34),
(40070, 19941, 21000, 0, 0, 42),
(40070, 19942, 28000, 0, 0, 50),
(40070, 19943, 44000, 0, 0, 58),
(40070, 20116, 11000, 0, 0, 30),
(40070, 20164, 4000, 0, 0, 22),
(40070, 20165, 11000, 0, 0, 30),
(40070, 20166, 16000, 0, 0, 38),
(40070, 20217, 1000, 0, 0, 20),
(40070, 20271, 100, 0, 0, 4),
(40070, 20772, 26000, 0, 0, 48),
(40070, 20773, 46000, 0, 0, 60),
(40070, 20922, 20000, 0, 0, 40),
(40070, 20923, 28000, 0, 0, 50),
(40070, 20924, 46000, 0, 0, 60),
(40070, 20927, 1400, 0, 0, 50),
(40070, 20928, 2300, 0, 0, 60),
(40070, 20929, 1300, 0, 0, 48),
(40070, 20930, 2100, 0, 0, 56),
(40070, 23215, 200000, 0, 0, 40),
(40070, 24239, 46000, 0, 0, 60),
(40070, 24274, 34000, 0, 0, 52),
(40070, 24275, 22000, 0, 0, 44),
(40070, 25290, 50000, 0, 0, 60),
(40070, 25291, 50000, 0, 0, 60),
(40070, 25292, 46000, 0, 0, 60),
(40070, 25780, 3000, 0, 0, 16),
(40070, 25782, 46000, 0, 0, 52),
(40070, 25894, 46000, 0, 0, 54),
(40070, 25898, 2300, 0, 0, 60),
(40070, 25899, 2300, 0, 0, 60),
(40070, 25916, 46000, 0, 0, 60),
(40070, 25918, 46000, 0, 0, 60),
(40070, 26573, 4000, 0, 0, 20),
(40070, 27135, 55000, 0, 0, 62),
(40070, 27136, 130000, 0, 0, 70),
(40070, 27137, 83000, 0, 0, 66),
(40070, 27138, 100000, 0, 0, 68),
(40070, 27139, 110000, 0, 0, 69),
(40070, 27140, 200000, 0, 0, 70),
(40070, 27141, 100000, 0, 0, 70),
(40070, 27142, 75000, 0, 0, 65),
(40070, 27143, 75000, 0, 0, 65),
(40070, 27149, 130000, 0, 0, 70),
(40070, 27150, 83000, 0, 0, 66),
(40070, 27151, 61000, 0, 0, 63),
(40070, 27152, 100000, 0, 0, 68),
(40070, 27153, 130000, 0, 0, 70),
(40070, 27154, 110000, 0, 0, 69),
(40070, 27173, 130000, 0, 0, 70),
(40070, 27174, 3350, 0, 0, 64),
(40070, 27179, 6500, 0, 0, 70),
(40070, 27180, 100000, 0, 0, 68),
(40070, 31789, 4000, 0, 0, 14),
(40070, 31801, 67000, 0, 0, 64),
(40070, 31884, 130000, 0, 0, 70),
(40070, 32223, 55000, 0, 0, 62),
(40070, 32699, 2300, 0, 0, 60),
(40070, 32700, 5000, 0, 0, 70),
(40070, 33072, 6500, 0, 0, 70),
(40070, 34767, 200000, 0, 0, 40),
(40070, 34769, 100000, 0, 0, 30),
(40070, 48781, 200000, 0, 0, 75),
(40070, 48782, 200000, 0, 0, 80),
(40070, 48784, 200000, 0, 0, 74),
(40070, 48785, 200000, 0, 0, 79),
(40070, 48788, 200000, 0, 0, 78),
(40070, 48800, 200000, 0, 0, 73),
(40070, 48801, 200000, 0, 0, 79),
(40070, 48805, 200000, 0, 0, 74),
(40070, 48806, 200000, 0, 0, 80),
(40070, 48816, 200000, 0, 0, 72),
(40070, 48817, 200000, 0, 0, 78),
(40070, 48818, 200000, 0, 0, 75),
(40070, 48819, 200000, 0, 0, 80),
(40070, 48824, 10000, 0, 0, 75),
(40070, 48825, 10000, 0, 0, 80),
(40070, 48826, 10000, 0, 0, 75),
(40070, 48827, 10000, 0, 0, 80),
(40070, 48931, 200000, 0, 0, 73),
(40070, 48932, 200000, 0, 0, 79),
(40070, 48933, 200000, 0, 0, 73),
(40070, 48934, 200000, 0, 0, 79),
(40070, 48935, 200000, 0, 0, 71),
(40070, 48936, 200000, 0, 0, 77),
(40070, 48937, 200000, 0, 0, 71),
(40070, 48938, 200000, 0, 0, 77),
(40070, 48941, 200000, 0, 0, 74),
(40070, 48942, 200000, 0, 0, 79),
(40070, 48943, 200000, 0, 0, 76),
(40070, 48945, 200000, 0, 0, 77),
(40070, 48947, 200000, 0, 0, 78),
(40070, 48949, 200000, 0, 0, 72),
(40070, 48950, 200000, 0, 0, 79),
(40070, 48951, 10000, 0, 0, 75),
(40070, 48952, 10000, 0, 0, 80),
(40070, 53407, 9000, 0, 0, 28),
(40070, 53408, 1000, 0, 0, 12),
(40070, 53600, 200000, 0, 0, 75),
(40070, 53601, 100000, 0, 0, 80),
(40070, 53736, 100000, 0, 0, 66),
(40070, 54043, 200000, 0, 0, 76),
(40070, 54428, 100000, 0, 0, 71),
(40070, 56525, 3600, 0, 0, 20),
(40070, 61411, 200000, 0, 0, 80),
(40070, 62124, 3000, 0, 0, 16);

REPLACE INTO `creature_template` (`entry`, `difficulty_entry_1`, `difficulty_entry_2`, `difficulty_entry_3`, `KillCredit1`, `KillCredit2`, `modelid1`, `modelid2`, `modelid3`, `modelid4`, `name`, `subname`, `IconName`, `gossip_menu_id`, `minlevel`, `maxlevel`, `exp`, `faction_A`, `faction_H`, `npcflag`, `scale`, `rank`, `mindmg`, `maxdmg`, `dmgschool`, `attackpower`, `dmg_multiplier`, `baseattacktime`, `rangeattacktime`, `unit_class`, `unit_flags`, `dynamicflags`, `family`, `trainer_type`, `trainer_spell`, `trainer_class`, `trainer_race`, `minrangedmg`, `maxrangedmg`, `rangedattackpower`, `type`, `type_flags`, `lootid`, `pickpocketloot`, `skinloot`, `resistance1`, `resistance2`, `resistance3`, `resistance4`, `resistance5`, `resistance6`, `spell1`, `spell2`, `spell3`, `spell4`, `spell5`, `spell6`, `spell7`, `spell8`, `PetSpellDataId`, `VehicleId`, `mingold`, `maxgold`, `AIName`, `MovementType`, `InhabitType`, `Health_mod`, `Mana_mod`, `RacialLeader`, `questItem1`, `questItem2`, `questItem3`, `questItem4`, `questItem5`, `questItem6`, `movementId`, `RegenHealth`, `equipment_id`, `mechanic_immune_mask`, `flags_extra`, `ScriptName`) VALUES (40071, 0, 0, 0, 0, 0, 22975, 0, 22975, 0, 'Gabriele', 'Mage Trainer', '', 0, 83, 83, 0, 35, 35, 49, 1, 2, 600, 900, 0, 1000, 100, 1500, 1500, 2, 2, 0, 0, 0, 0, 8, 0, 480, 750, 1000, 7, 2, 0, 0, 0, 0, 0, 0, 0, 0, 0, 0, 0, 0, 0, 0, 0, 0, 0, 0, 0, 10000, 10000, '', 0, 3, 10, 5, 0, 0, 0, 0, 0, 0, 0, 0, 1, 4493, 0, 2, '');

DELETE FROM `npc_trainer` WHERE (`entry`=40071);
INSERT INTO `npc_trainer` (entry, spell, spellcost, reqskill, reqskillvalue, reqlevel) VALUES 
(40071, 10, 2000, 0, 0, 20),
(40071, 66, 96000, 0, 0, 68),
(40071, 116, 100, 0, 0, 4),
(40071, 118, 200, 0, 0, 8),
(40071, 120, 5000, 0, 0, 26),
(40071, 122, 400, 0, 0, 10),
(40071, 130, 600, 0, 0, 12),
(40071, 143, 100, 0, 0, 6),
(40071, 145, 600, 0, 0, 12),
(40071, 205, 200, 0, 0, 8),
(40071, 475, 1800, 0, 0, 18),
(40071, 543, 2000, 0, 0, 20),
(40071, 587, 100, 0, 0, 6),
(40071, 597, 600, 0, 0, 12),
(40071, 604, 600, 0, 0, 12),
(40071, 759, 7000, 0, 0, 28),
(40071, 837, 900, 0, 0, 14),
(40071, 865, 5000, 0, 0, 26),
(40071, 990, 3000, 0, 0, 22),
(40071, 1008, 1800, 0, 0, 18),
(40071, 1449, 900, 0, 0, 14),
(40071, 1459, 10, 0, 0, 0),
(40071, 1460, 900, 0, 0, 14),
(40071, 1461, 7000, 0, 0, 28),
(40071, 1463, 2000, 0, 0, 20),
(40071, 1953, 2000, 0, 0, 20),
(40071, 2120, 1500, 0, 0, 16),
(40071, 2121, 4000, 0, 0, 24),
(40071, 2136, 100, 0, 0, 6),
(40071, 2137, 900, 0, 0, 14),
(40071, 2138, 3000, 0, 0, 22),
(40071, 2139, 4000, 0, 0, 24),
(40071, 2948, 3000, 0, 0, 22),
(40071, 3140, 1800, 0, 0, 18),
(40071, 3552, 14000, 0, 0, 38),
(40071, 3561, 2000, 0, 0, 20),
(40071, 3562, 2000, 0, 0, 20),
(40071, 3563, 20, 0, 0, 80),
(40071, 3565, 8000, 0, 0, 30),
(40071, 3566, 20, 0, 0, 30),
(40071, 3567, 20, 0, 0, 80),
(40071, 5143, 200, 0, 0, 8),
(40071, 5144, 1500, 0, 0, 16),
(40071, 5145, 4000, 0, 0, 24),
(40071, 5504, 100, 0, 0, 4),
(40071, 5505, 400, 0, 0, 10),
(40071, 5506, 2000, 0, 0, 20),
(40071, 6117, 13000, 0, 0, 34),
(40071, 6127, 8000, 0, 0, 30),
(40071, 6129, 10000, 0, 0, 32),
(40071, 6131, 15000, 0, 0, 40),
(40071, 6141, 7000, 0, 0, 28),
(40071, 6143, 3000, 0, 0, 22),
(40071, 7300, 400, 0, 0, 10),
(40071, 7301, 2000, 0, 0, 20),
(40071, 7302, 8000, 0, 0, 30),
(40071, 7320, 15000, 0, 0, 40),
(40071, 7322, 2000, 0, 0, 20),
(40071, 8400, 4000, 0, 0, 24),
(40071, 8401, 8000, 0, 0, 30),
(40071, 8402, 13000, 0, 0, 36),
(40071, 8406, 5000, 0, 0, 26),
(40071, 8407, 10000, 0, 0, 32),
(40071, 8408, 14000, 0, 0, 38),
(40071, 8412, 8000, 0, 0, 30),
(40071, 8413, 14000, 0, 0, 38),
(40071, 8416, 10000, 0, 0, 32),
(40071, 8417, 15000, 0, 0, 40),
(40071, 8422, 10000, 0, 0, 32),
(40071, 8423, 15000, 0, 0, 40),
(40071, 8427, 13000, 0, 0, 36),
(40071, 8437, 3000, 0, 0, 22),
(40071, 8438, 8000, 0, 0, 30),
(40071, 8439, 14000, 0, 0, 38),
(40071, 8444, 7000, 0, 0, 28),
(40071, 8445, 12000, 0, 0, 34),
(40071, 8446, 15000, 0, 0, 40),
(40071, 8450, 4000, 0, 0, 24),
(40071, 8451, 13000, 0, 0, 36),
(40071, 8455, 8000, 0, 0, 30),
(40071, 8457, 8000, 0, 0, 30),
(40071, 8458, 15000, 0, 0, 40),
(40071, 8461, 10000, 0, 0, 32),
(40071, 8462, 18000, 0, 0, 42),
(40071, 8492, 12000, 0, 0, 34),
(40071, 8494, 7000, 0, 0, 28),
(40071, 8495, 13000, 0, 0, 36),
(40071, 10053, 28000, 0, 0, 48),
(40071, 10054, 40000, 0, 0, 58),
(40071, 10059, 15000, 0, 0, 40),
(40071, 10138, 15000, 0, 0, 40),
(40071, 10139, 32000, 0, 0, 50),
(40071, 10140, 42000, 0, 0, 60),
(40071, 10144, 18000, 0, 0, 42),
(40071, 10145, 35000, 0, 0, 52),
(40071, 10148, 18000, 0, 0, 42),
(40071, 10149, 28000, 0, 0, 48),
(40071, 10150, 36000, 0, 0, 54),
(40071, 10151, 42000, 0, 0, 60),
(40071, 10156, 18000, 0, 0, 42),
(40071, 10157, 38000, 0, 0, 56),
(40071, 10159, 18000, 0, 0, 42),
(40071, 10160, 32000, 0, 0, 50),
(40071, 10161, 40000, 0, 0, 58),
(40071, 10169, 18000, 0, 0, 42),
(40071, 10170, 36000, 0, 0, 54),
(40071, 10173, 28000, 0, 0, 48),
(40071, 10174, 42000, 0, 0, 60),
(40071, 10177, 35000, 0, 0, 52),
(40071, 10179, 23000, 0, 0, 44),
(40071, 10180, 32000, 0, 0, 50),
(40071, 10181, 38000, 0, 0, 56),
(40071, 10185, 23000, 0, 0, 44),
(40071, 10186, 35000, 0, 0, 52),
(40071, 10187, 42000, 0, 0, 60),
(40071, 10191, 23000, 0, 0, 44),
(40071, 10192, 35000, 0, 0, 52),
(40071, 10193, 42000, 0, 0, 60),
(40071, 10197, 26000, 0, 0, 46),
(40071, 10199, 36000, 0, 0, 54),
(40071, 10201, 26000, 0, 0, 46),
(40071, 10202, 36000, 0, 0, 54),
(40071, 10205, 26000, 0, 0, 46),
(40071, 10206, 35000, 0, 0, 52),
(40071, 10207, 40000, 0, 0, 58),
(40071, 10211, 28000, 0, 0, 48),
(40071, 10212, 38000, 0, 0, 56),
(40071, 10215, 28000, 0, 0, 48),
(40071, 10216, 38000, 0, 0, 56),
(40071, 10219, 32000, 0, 0, 50),
(40071, 10220, 42000, 0, 0, 60),
(40071, 10223, 32000, 0, 0, 50),
(40071, 10225, 42000, 0, 0, 60),
(40071, 10230, 36000, 0, 0, 54),
(40071, 11416, 15000, 0, 0, 40),
(40071, 11417, 15000, 0, 0, 40),
(40071, 11418, 15000, 0, 0, 40),
(40071, 11419, 15000, 0, 0, 50),
(40071, 11420, 150000, 0, 0, 50),
(40071, 12051, 2000, 0, 0, 20),
(40071, 12505, 100, 0, 0, 24),
(40071, 12522, 400, 0, 0, 30),
(40071, 12523, 650, 0, 0, 36),
(40071, 12524, 900, 0, 0, 42),
(40071, 12525, 1400, 0, 0, 48),
(40071, 12526, 1800, 0, 0, 54),
(40071, 12824, 2000, 0, 0, 20),
(40071, 12825, 15000, 0, 0, 40),
(40071, 12826, 42000, 0, 0, 60),
(40071, 13018, 400, 0, 0, 36),
(40071, 13019, 1150, 0, 0, 44),
(40071, 13020, 1750, 0, 0, 52),
(40071, 13021, 2100, 0, 0, 60),
(40071, 13031, 1700, 0, 0, 46),
(40071, 13032, 1900, 0, 0, 52),
(40071, 13033, 2100, 0, 0, 58),
(40071, 18809, 2100, 0, 0, 60),
(40071, 22782, 28000, 0, 0, 46),
(40071, 22783, 40000, 0, 0, 58),
(40071, 23028, 38000, 0, 0, 56),
(40071, 25304, 42000, 0, 0, 60),
(40071, 25306, 42000, 0, 0, 62),
(40071, 25345, 42000, 0, 0, 60),
(40071, 27070, 78000, 0, 0, 66),
(40071, 27071, 57000, 0, 0, 63),
(40071, 27072, 110000, 0, 0, 69),
(40071, 27073, 70000, 0, 0, 65),
(40071, 27074, 120000, 0, 0, 70),
(40071, 27075, 57000, 0, 0, 63),
(40071, 27078, 46000, 0, 0, 61),
(40071, 27079, 120000, 0, 0, 70),
(40071, 27080, 51000, 0, 0, 62),
(40071, 27082, 120000, 0, 0, 70),
(40071, 27085, 96000, 0, 0, 68),
(40071, 27086, 63000, 0, 0, 64),
(40071, 27087, 70000, 0, 0, 65),
(40071, 27088, 87000, 0, 0, 67),
(40071, 27090, 150000, 0, 0, 70),
(40071, 27101, 96000, 0, 0, 68),
(40071, 27124, 110000, 0, 0, 69),
(40071, 27125, 110000, 0, 0, 69),
(40071, 27126, 120000, 0, 0, 70),
(40071, 27127, 100000, 0, 0, 70),
(40071, 27128, 110000, 0, 0, 69),
(40071, 27130, 57000, 0, 0, 63),
(40071, 27131, 96000, 0, 0, 68),
(40071, 27132, 3900, 0, 0, 66),
(40071, 27133, 3500, 0, 0, 65),
(40071, 27134, 2500, 0, 0, 64),
(40071, 28272, 3000, 0, 0, 30),
(40071, 28609, 42000, 0, 0, 60),
(40071, 28612, 42000, 0, 0, 60),
(40071, 30449, 120000, 0, 0, 70),
(40071, 30451, 63000, 0, 0, 64),
(40071, 30455, 78000, 0, 0, 66),
(40071, 30482, 51000, 0, 0, 62),
(40071, 32266, 15000, 0, 0, 40),
(40071, 32267, 150000, 0, 0, 40),
(40071, 32271, 200, 0, 0, 30),
(40071, 32272, 20, 0, 0, 80),
(40071, 32796, 120000, 0, 0, 70),
(40071, 33041, 1900, 0, 0, 56),
(40071, 33042, 2200, 0, 0, 64),
(40071, 33043, 2500, 0, 0, 70),
(40071, 33405, 6000, 0, 0, 70),
(40071, 33690, 150000, 0, 0, 60),
(40071, 33691, 170000, 0, 0, 65),
(40071, 33717, 150000, 0, 0, 70),
(40071, 33933, 6000, 0, 0, 70),
(40071, 33938, 7500, 0, 0, 70),
(40071, 33944, 100000, 0, 0, 67),
(40071, 33946, 110000, 0, 0, 69),
(40071, 35715, 150000, 0, 0, 60),
(40071, 35717, 170000, 0, 0, 65),
(40071, 37420, 70000, 0, 0, 65),
(40071, 38692, 150000, 0, 0, 70),
(40071, 38697, 150000, 0, 0, 70),
(40071, 38699, 87000, 0, 0, 69),
(40071, 38704, 100000, 0, 0, 70),
(40071, 42832, 150000, 0, 0, 74),
(40071, 42833, 150000, 0, 0, 78),
(40071, 42841, 150000, 0, 0, 75),
(40071, 42842, 150000, 0, 0, 79),
(40071, 42843, 150000, 0, 0, 75),
(40071, 42846, 150000, 0, 0, 79),
(40071, 42858, 150000, 0, 0, 73),
(40071, 42859, 150000, 0, 0, 78),
(40071, 42872, 150000, 0, 0, 74),
(40071, 42873, 150000, 0, 0, 80),
(40071, 42890, 7500, 0, 0, 73),
(40071, 42891, 7500, 0, 0, 77),
(40071, 42894, 150000, 0, 0, 71),
(40071, 42896, 150000, 0, 0, 76),
(40071, 42897, 150000, 0, 0, 80),
(40071, 42913, 150000, 0, 0, 72),
(40071, 42914, 150000, 0, 0, 78),
(40071, 42917, 150000, 0, 0, 75),
(40071, 42920, 150000, 0, 0, 76),
(40071, 42921, 150000, 0, 0, 80),
(40071, 42925, 150000, 0, 0, 72),
(40071, 42926, 150000, 0, 0, 79),
(40071, 42930, 150000, 0, 0, 72),
(40071, 42931, 150000, 0, 0, 79),
(40071, 42939, 150000, 0, 0, 74),
(40071, 42940, 150000, 0, 0, 80),
(40071, 42944, 7500, 0, 0, 75),
(40071, 42945, 7500, 0, 0, 80),
(40071, 42949, 7500, 0, 0, 75),
(40071, 42950, 7500, 0, 0, 80),
(40071, 42955, 150000, 0, 0, 75),
(40071, 42956, 150000, 0, 0, 80),
(40071, 42985, 150000, 0, 0, 77),
(40071, 42995, 150000, 0, 0, 80),
(40071, 43002, 150000, 0, 0, 80),
(40071, 43008, 150000, 0, 0, 79),
(40071, 43010, 150000, 0, 0, 78),
(40071, 43012, 150000, 0, 0, 79),
(40071, 43015, 150000, 0, 0, 76),
(40071, 43017, 150000, 0, 0, 77),
(40071, 43019, 150000, 0, 0, 73),
(40071, 43020, 150000, 0, 0, 79),
(40071, 43023, 150000, 0, 0, 71),
(40071, 43024, 150000, 0, 0, 79),
(40071, 43038, 7500, 0, 0, 75),
(40071, 43039, 7500, 0, 0, 80),
(40071, 43045, 150000, 0, 0, 71),
(40071, 43046, 150000, 0, 0, 79),
(40071, 43987, 120000, 0, 0, 70),
(40071, 44614, 150000, 0, 0, 75),
(40071, 44780, 10000, 0, 0, 70),
(40071, 44781, 15000, 0, 0, 80),
(40071, 45438, 8000, 0, 0, 30),
(40071, 47610, 150000, 0, 0, 80),
(40071, 49358, 15000, 0, 0, 35),
(40071, 49359, 15000, 0, 0, 35),
(40071, 49360, 15000, 0, 0, 35),
(40071, 49361, 15000, 0, 0, 35),
(40071, 53140, 200000, 0, 0, 71),
(40071, 53142, 200000, 0, 0, 74),
(40071, 55342, 150000, 0, 0, 80),
(40071, 55359, 5000, 0, 0, 70),
(40071, 55360, 7500, 0, 0, 80),
(40071, 58659, 150000, 0, 0, 80);

REPLACE INTO `creature_template` (`entry`, `difficulty_entry_1`, `difficulty_entry_2`, `difficulty_entry_3`, `KillCredit1`, `KillCredit2`, `modelid1`, `modelid2`, `modelid3`, `modelid4`, `name`, `subname`, `IconName`, `gossip_menu_id`, `minlevel`, `maxlevel`, `exp`, `faction_A`, `faction_H`, `npcflag`, `scale`, `rank`, `mindmg`, `maxdmg`, `dmgschool`, `attackpower`, `dmg_multiplier`, `baseattacktime`, `rangeattacktime`, `unit_class`, `unit_flags`, `dynamicflags`, `family`, `trainer_type`, `trainer_spell`, `trainer_class`, `trainer_race`, `minrangedmg`, `maxrangedmg`, `rangedattackpower`, `type`, `type_flags`, `lootid`, `pickpocketloot`, `skinloot`, `resistance1`, `resistance2`, `resistance3`, `resistance4`, `resistance5`, `resistance6`, `spell1`, `spell2`, `spell3`, `spell4`, `spell5`, `spell6`, `spell7`, `spell8`, `PetSpellDataId`, `VehicleId`, `mingold`, `maxgold`, `AIName`, `MovementType`, `InhabitType`, `Health_mod`, `Mana_mod`, `RacialLeader`, `questItem1`, `questItem2`, `questItem3`, `questItem4`, `questItem5`, `questItem6`, `movementId`, `RegenHealth`, `equipment_id`, `mechanic_immune_mask`, `flags_extra`, `ScriptName`) VALUES (40072, 0, 0, 0, 0, 0, 17370, 0, 17370, 0, 'Thrall', 'Shaman Trainer', '', 0, 83, 83, 0, 35, 35, 49, 1, 2, 1190, 1790, 0, 0, 100, 1500, 1500, 2, 2, 0, 0, 0, 0, 7, 0, 100, 2000, 1000, 7, 2, 0, 0, 0, 0, 0, 0, 0, 0, 0, 0, 0, 0, 0, 0, 0, 0, 0, 0, 0, 10000, 10000, '', 0, 3, 10, 50, 0, 0, 0, 0, 0, 0, 0, 0, 1, 3934, 0, 2, '');

DELETE FROM `npc_trainer` WHERE (`entry`=40072);
INSERT INTO `npc_trainer` (entry, spell, spellcost, reqskill, reqskillvalue, reqlevel) VALUES 
(40072, 32182, 300, 0, 0, 1),
(40072, 2825, 300, 0, 0, 1),
(40072, 131, 3000, 0, 0, 22),
(40072, 324, 100, 0, 0, 8),
(40072, 325, 1800, 0, 0, 16),
(40072, 332, 100, 0, 0, 6),
(40072, 370, 800, 0, 0, 12),
(40072, 421, 8000, 0, 0, 32),
(40072, 526, 1800, 0, 0, 16),
(40072, 529, 100, 0, 0, 8),
(40072, 546, 6000, 0, 0, 28),
(40072, 547, 800, 0, 0, 12),
(40072, 548, 900, 0, 0, 14),
(40072, 556, 7000, 0, 0, 30),
(40072, 905, 3500, 0, 0, 24),
(40072, 913, 2000, 0, 0, 18),
(40072, 915, 2200, 0, 0, 20),
(40072, 930, 12000, 0, 0, 40),
(40072, 939, 3500, 0, 0, 24),
(40072, 943, 4000, 0, 0, 26),
(40072, 945, 8000, 0, 0, 32),
(40072, 959, 8000, 0, 0, 32),
(40072, 1064, 12000, 0, 0, 40),
(40072, 1535, 800, 0, 0, 12),
(40072, 2008, 800, 0, 0, 12),
(40072, 2062, 58000, 0, 0, 66),
(40072, 2484, 100, 0, 0, 6),
(40072, 2645, 2200, 0, 0, 16),
(40072, 2825, 88000, 0, 0, 70),
(40072, 2860, 22000, 0, 0, 48),
(40072, 2894, 71000, 0, 0, 68),
(40072, 3599, 1000, 0, 0, 10),
(40072, 3738, 47000, 0, 0, 64),
(40072, 5394, 2000, 0, 0, 20),
(40072, 5675, 4000, 0, 0, 26),
(40072, 5730, 100, 0, 0, 8),
(40072, 6041, 8000, 0, 0, 32),
(40072, 6196, 4000, 0, 0, 26),
(40072, 6363, 2200, 0, 0, 20),
(40072, 6364, 7000, 0, 0, 30),
(40072, 6365, 12000, 0, 0, 40),
(40072, 6375, 7000, 0, 0, 30),
(40072, 6377, 12000, 0, 0, 40),
(40072, 6390, 2000, 0, 0, 18),
(40072, 6391, 6000, 0, 0, 28),
(40072, 6392, 11000, 0, 0, 38),
(40072, 6495, 9000, 0, 0, 34),
(40072, 8004, 2200, 0, 0, 20),
(40072, 8005, 12000, 0, 0, 40),
(40072, 8008, 6000, 0, 0, 28),
(40072, 8010, 10000, 0, 0, 36),
(40072, 8012, 8000, 0, 0, 32),
(40072, 8017, 10, 0, 0, 0),
(40072, 8018, 100, 0, 0, 8),
(40072, 8019, 1800, 0, 0, 16),
(40072, 8024, 400, 0, 0, 10),
(40072, 8027, 2000, 0, 0, 18),
(40072, 8030, 4000, 0, 0, 26),
(40072, 8033, 2200, 0, 0, 20),
(40072, 8038, 6000, 0, 0, 28),
(40072, 8042, 100, 0, 0, 4),
(40072, 8044, 100, 0, 0, 8),
(40072, 8045, 900, 0, 0, 14),
(40072, 8046, 3500, 0, 0, 24),
(40072, 8050, 400, 0, 0, 10),
(40072, 8052, 2000, 0, 0, 18),
(40072, 8053, 6000, 0, 0, 28),
(40072, 8056, 2200, 0, 0, 20),
(40072, 8058, 9000, 0, 0, 34),
(40072, 8071, 100, 0, 0, 4),
(40072, 8075, 400, 0, 0, 10),
(40072, 8134, 12000, 0, 0, 40),
(40072, 8143, 2000, 0, 0, 18),
(40072, 8154, 900, 0, 0, 14),
(40072, 8155, 3500, 0, 0, 24),
(40072, 8160, 3500, 0, 0, 24),
(40072, 8161, 11000, 0, 0, 38),
(40072, 8170, 11000, 0, 0, 38),
(40072, 8177, 7000, 0, 0, 30),
(40072, 8181, 3500, 0, 0, 24),
(40072, 8184, 6000, 0, 0, 28),
(40072, 8190, 4000, 0, 0, 26),
(40072, 8227, 6000, 0, 0, 28),
(40072, 8232, 7000, 0, 0, 30),
(40072, 8235, 12000, 0, 0, 40),
(40072, 8249, 11000, 0, 0, 38),
(40072, 8498, 3000, 0, 0, 22),
(40072, 8499, 8000, 0, 0, 32),
(40072, 8512, 8000, 0, 0, 32),
(40072, 8737, 12000, 0, 0, 40),
(40072, 10391, 11000, 0, 0, 38),
(40072, 10392, 18000, 0, 0, 44),
(40072, 10395, 22000, 0, 0, 48),
(40072, 10396, 30000, 0, 0, 56),
(40072, 10399, 3500, 0, 0, 24),
(40072, 10406, 9000, 0, 0, 34),
(40072, 10407, 18000, 0, 0, 44),
(40072, 10408, 29000, 0, 0, 54),
(40072, 10412, 10000, 0, 0, 36),
(40072, 10413, 22000, 0, 0, 48),
(40072, 10414, 34000, 0, 0, 60),
(40072, 10427, 22000, 0, 0, 48),
(40072, 10428, 32000, 0, 0, 58),
(40072, 10431, 22000, 0, 0, 48),
(40072, 10432, 30000, 0, 0, 56),
(40072, 10437, 24000, 0, 0, 50),
(40072, 10438, 34000, 0, 0, 60),
(40072, 10442, 27000, 0, 0, 52),
(40072, 10447, 12000, 0, 0, 40),
(40072, 10448, 27000, 0, 0, 52),
(40072, 10456, 11000, 0, 0, 38),
(40072, 10462, 24000, 0, 0, 50),
(40072, 10463, 34000, 0, 0, 60),
(40072, 10466, 18000, 0, 0, 44),
(40072, 10467, 27000, 0, 0, 52),
(40072, 10468, 34000, 0, 0, 60),
(40072, 10472, 20000, 0, 0, 46),
(40072, 10473, 32000, 0, 0, 58),
(40072, 10478, 11000, 0, 0, 38),
(40072, 10479, 29000, 0, 0, 54),
(40072, 10486, 24000, 0, 0, 50),
(40072, 10495, 10000, 0, 0, 36),
(40072, 10496, 20000, 0, 0, 46),
(40072, 10497, 30000, 0, 0, 56),
(40072, 10526, 22000, 0, 0, 48),
(40072, 10537, 16000, 0, 0, 42),
(40072, 10538, 32000, 0, 0, 58),
(40072, 10585, 10000, 0, 0, 36),
(40072, 10586, 20000, 0, 0, 46),
(40072, 10587, 30000, 0, 0, 56),
(40072, 10595, 7000, 0, 0, 30),
(40072, 10600, 18000, 0, 0, 44),
(40072, 10601, 34000, 0, 0, 60),
(40072, 10605, 30000, 0, 0, 56),
(40072, 10622, 20000, 0, 0, 46),
(40072, 10623, 29000, 0, 0, 54),
(40072, 11314, 16000, 0, 0, 42),
(40072, 11315, 27000, 0, 0, 52),
(40072, 15207, 24000, 0, 0, 50),
(40072, 15208, 30000, 0, 0, 56),
(40072, 16339, 10000, 0, 0, 36),
(40072, 16341, 20000, 0, 0, 46),
(40072, 16342, 30000, 0, 0, 56),
(40072, 16355, 22000, 0, 0, 48),
(40072, 16356, 32000, 0, 0, 58),
(40072, 16362, 34000, 0, 0, 60),
(40072, 16387, 32000, 0, 0, 58),
(40072, 20608, 7000, 0, 0, 30),
(40072, 20609, 3500, 0, 0, 24),
(40072, 20610, 10000, 0, 0, 36),
(40072, 20776, 22000, 0, 0, 48),
(40072, 20777, 34000, 0, 0, 60),
(40072, 24398, 38000, 0, 0, 62),
(40072, 25357, 6500, 0, 0, 60),
(40072, 25361, 34000, 0, 0, 60),
(40072, 25391, 42000, 0, 0, 63),
(40072, 25396, 88000, 0, 0, 70),
(40072, 25420, 58000, 0, 0, 66),
(40072, 25422, 34000, 0, 0, 61),
(40072, 25423, 71000, 0, 0, 68),
(40072, 25439, 42000, 0, 0, 63),
(40072, 25442, 88000, 0, 0, 70),
(40072, 25448, 38000, 0, 0, 62),
(40072, 25449, 64000, 0, 0, 67),
(40072, 25454, 79000, 0, 0, 69),
(40072, 25457, 88000, 0, 0, 70),
(40072, 25464, 71000, 0, 0, 68),
(40072, 25469, 42000, 0, 0, 63),
(40072, 25472, 88000, 0, 0, 70),
(40072, 25489, 47000, 0, 0, 64),
(40072, 25500, 58000, 0, 0, 66),
(40072, 25505, 71000, 0, 0, 68),
(40072, 25508, 42000, 0, 0, 63),
(40072, 25509, 88000, 0, 0, 70),
(40072, 25525, 64000, 0, 0, 67),
(40072, 25528, 52000, 0, 0, 65),
(40072, 25533, 79000, 0, 0, 69),
(40072, 25546, 34000, 0, 0, 61),
(40072, 25547, 88000, 0, 0, 70),
(40072, 25552, 52000, 0, 0, 65),
(40072, 25557, 64000, 0, 0, 67),
(40072, 25560, 64000, 0, 0, 67),
(40072, 25563, 71000, 0, 0, 68),
(40072, 25567, 79000, 0, 0, 69),
(40072, 25570, 52000, 0, 0, 65),
(40072, 25574, 79000, 0, 0, 69),
(40072, 25590, 79000, 0, 0, 69),
(40072, 29228, 65000, 0, 0, 60),
(40072, 32182, 88000, 0, 0, 70),
(40072, 32593, 1700, 0, 0, 60),
(40072, 32594, 5000, 0, 0, 70),
(40072, 33736, 79000, 0, 0, 69),
(40072, 36936, 7000, 0, 0, 30),
(40072, 49230, 180000, 0, 0, 74),
(40072, 49231, 180000, 0, 0, 79),
(40072, 49232, 180000, 0, 0, 75),
(40072, 49233, 180000, 0, 0, 80),
(40072, 49235, 180000, 0, 0, 73),
(40072, 49236, 180000, 0, 0, 78),
(40072, 49237, 180000, 0, 0, 73),
(40072, 49238, 180000, 0, 0, 79),
(40072, 49270, 180000, 0, 0, 74),
(40072, 49271, 180000, 0, 0, 80),
(40072, 49272, 180000, 0, 0, 75),
(40072, 49273, 180000, 0, 0, 80),
(40072, 49275, 180000, 0, 0, 72),
(40072, 49276, 180000, 0, 0, 77),
(40072, 49277, 180000, 0, 0, 80),
(40072, 49280, 180000, 0, 0, 75),
(40072, 49281, 180000, 0, 0, 80),
(40072, 49283, 9000, 0, 0, 75),
(40072, 49284, 9000, 0, 0, 80),
(40072, 51505, 180000, 0, 0, 75),
(40072, 51514, 180000, 0, 0, 80),
(40072, 51730, 7000, 0, 0, 30),
(40072, 51988, 12000, 0, 0, 40),
(40072, 51991, 24000, 0, 0, 50),
(40072, 51992, 34000, 0, 0, 60),
(40072, 51993, 71000, 0, 0, 70),
(40072, 51994, 180000, 0, 0, 80),
(40072, 52127, 2200, 0, 0, 20),
(40072, 52129, 6000, 0, 0, 28),
(40072, 52131, 9000, 0, 0, 34),
(40072, 52134, 12000, 0, 0, 41),
(40072, 52136, 22000, 0, 0, 48),
(40072, 52138, 29000, 0, 0, 55),
(40072, 55458, 180000, 0, 0, 74),
(40072, 55459, 180000, 0, 0, 80),
(40072, 57622, 180000, 0, 0, 75),
(40072, 57720, 3400, 0, 0, 60),
(40072, 57721, 5200, 0, 0, 70),
(40072, 57722, 10000, 0, 0, 80),
(40072, 57960, 180000, 0, 0, 76),
(40072, 57994, 2500, 0, 0, 16),
(40072, 58580, 180000, 0, 0, 71),
(40072, 58581, 180000, 0, 0, 75),
(40072, 58582, 180000, 0, 0, 78),
(40072, 58643, 180000, 0, 0, 80),
(40072, 58649, 180000, 0, 0, 71),
(40072, 58652, 180000, 0, 0, 75),
(40072, 58656, 180000, 0, 0, 80),
(40072, 58699, 180000, 0, 0, 71),
(40072, 58703, 180000, 0, 0, 75),
(40072, 58704, 180000, 0, 0, 80),
(40072, 58731, 180000, 0, 0, 73),
(40072, 58734, 180000, 0, 0, 78),
(40072, 58737, 180000, 0, 0, 75),
(40072, 58739, 180000, 0, 0, 80),
(40072, 58741, 180000, 0, 0, 75),
(40072, 58745, 180000, 0, 0, 80),
(40072, 58746, 180000, 0, 0, 75),
(40072, 58749, 180000, 0, 0, 80),
(40072, 58751, 180000, 0, 0, 73),
(40072, 58753, 180000, 0, 0, 78),
(40072, 58755, 180000, 0, 0, 71),
(40072, 58756, 180000, 0, 0, 76),
(40072, 58757, 180000, 0, 0, 80),
(40072, 58771, 180000, 0, 0, 71),
(40072, 58773, 180000, 0, 0, 76),
(40072, 58774, 180000, 0, 0, 80),
(40072, 58785, 180000, 0, 0, 71),
(40072, 58789, 180000, 0, 0, 76),
(40072, 58790, 180000, 0, 0, 80),
(40072, 58794, 180000, 0, 0, 71),
(40072, 58795, 180000, 0, 0, 76),
(40072, 58796, 180000, 0, 0, 80),
(40072, 58801, 180000, 0, 0, 71),
(40072, 58803, 180000, 0, 0, 76),
(40072, 58804, 180000, 0, 0, 80),
(40072, 59156, 88000, 0, 0, 70),
(40072, 59158, 180000, 0, 0, 75),
(40072, 59159, 180000, 0, 0, 80),
(40072, 60043, 180000, 0, 0, 80),
(40072, 61299, 9000, 0, 0, 70),
(40072, 61300, 9000, 0, 0, 75),
(40072, 61301, 9000, 0, 0, 80),
(40072, 61649, 180000, 0, 0, 75),
(40072, 61657, 180000, 0, 0, 80),
(40072, 66842, 7000, 0, 0, 30),
(40072, 66843, 7000, 0, 0, 40),
(40072, 66844, 7000, 0, 0, 50);

REPLACE INTO `creature_template` (`entry`, `difficulty_entry_1`, `difficulty_entry_2`, `difficulty_entry_3`, `KillCredit1`, `KillCredit2`, `modelid1`, `modelid2`, `modelid3`, `modelid4`, `name`, `subname`, `IconName`, `gossip_menu_id`, `minlevel`, `maxlevel`, `exp`, `faction_A`, `faction_H`, `npcflag`, `scale`, `rank`, `mindmg`, `maxdmg`, `dmgschool`, `attackpower`, `dmg_multiplier`, `baseattacktime`, `rangeattacktime`, `unit_class`, `unit_flags`, `dynamicflags`, `family`, `trainer_type`, `trainer_spell`, `trainer_class`, `trainer_race`, `minrangedmg`, `maxrangedmg`, `rangedattackpower`, `type`, `type_flags`, `lootid`, `pickpocketloot`, `skinloot`, `resistance1`, `resistance2`, `resistance3`, `resistance4`, `resistance5`, `resistance6`, `spell1`, `spell2`, `spell3`, `spell4`, `spell5`, `spell6`, `spell7`, `spell8`, `PetSpellDataId`, `VehicleId`, `mingold`, `maxgold`, `AIName`, `MovementType`, `InhabitType`, `Health_mod`, `Mana_mod`, `RacialLeader`, `questItem1`, `questItem2`, `questItem3`, `questItem4`, `questItem5`, `questItem6`, `movementId`, `RegenHealth`, `equipment_id`, `mechanic_immune_mask`, `flags_extra`, `ScriptName`) VALUES (40073, 0, 0, 0, 0, 0, 21567, 0, 21567, 0, 'Lady Archon', 'Priest Trainer', '', 0, 83, 83, 0, 35, 35, 49, 1, 2, 700, 800, 0, 2000, 100, 1500, 1500, 1, 2, 0, 0, 0, 0, 5, 0, 500, 600, 1500, 7, 2, 0, 0, 0, 0, 0, 0, 0, 0, 0, 0, 0, 0, 0, 0, 0, 0, 0, 0, 0, 1000, 1000, '', 0, 3, 10, 50, 0, 0, 0, 0, 0, 0, 0, 0, 1, 4313, 0, 2, '');

DELETE FROM `npc_trainer` WHERE (`entry`=40073);
INSERT INTO `npc_trainer` (entry, spell, spellcost, reqskill, reqskillvalue, reqlevel) VALUES 
(40073, 17, 100, 0, 0, 6),
(40073, 139, 200, 0, 0, 8),
(40073, 453, 3000, 0, 0, 20),
(40073, 527, 2000, 0, 0, 18),
(40073, 528, 1200, 0, 0, 14),
(40073, 552, 11000, 0, 0, 32),
(40073, 586, 200, 0, 0, 8),
(40073, 588, 800, 0, 0, 12),
(40073, 589, 100, 0, 0, 4),
(40073, 591, 100, 0, 0, 6),
(40073, 592, 800, 0, 0, 12),
(40073, 594, 300, 0, 0, 10),
(40073, 596, 10000, 0, 0, 30),
(40073, 598, 1200, 0, 0, 14),
(40073, 600, 2000, 0, 0, 18),
(40073, 602, 10000, 0, 0, 30),
(40073, 605, 10000, 0, 0, 30),
(40073, 970, 2000, 0, 0, 18),
(40073, 976, 10000, 0, 0, 30),
(40073, 984, 4000, 0, 0, 22),
(40073, 988, 14000, 0, 0, 36),
(40073, 992, 6000, 0, 0, 26),
(40073, 996, 18000, 0, 0, 40),
(40073, 1004, 10000, 0, 0, 30),
(40073, 1006, 18000, 0, 0, 40),
(40073, 1243, 10, 0, 0, 0),
(40073, 1244, 800, 0, 0, 12),
(40073, 1245, 5000, 0, 0, 24),
(40073, 1706, 12000, 0, 0, 34),
(40073, 2006, 300, 0, 0, 10),
(40073, 2010, 4000, 0, 0, 22),
(40073, 2052, 100, 0, 0, 4),
(40073, 2053, 300, 0, 0, 10),
(40073, 2054, 1600, 0, 0, 16),
(40073, 2055, 4000, 0, 0, 22),
(40073, 2060, 18000, 0, 0, 40),
(40073, 2061, 3000, 0, 0, 20),
(40073, 2096, 4000, 0, 0, 22),
(40073, 2767, 12000, 0, 0, 34),
(40073, 2791, 14000, 0, 0, 36),
(40073, 2944, 3000, 0, 0, 20),
(40073, 3747, 5000, 0, 0, 24),
(40073, 6060, 16000, 0, 0, 38),
(40073, 6063, 8000, 0, 0, 28),
(40073, 6064, 12000, 0, 0, 34),
(40073, 6065, 10000, 0, 0, 30),
(40073, 6066, 14000, 0, 0, 36),
(40073, 6074, 1200, 0, 0, 14),
(40073, 6075, 3000, 0, 0, 20),
(40073, 6076, 6000, 0, 0, 26),
(40073, 6077, 11000, 0, 0, 32),
(40073, 6078, 16000, 0, 0, 38),
(40073, 6346, 800, 0, 0, 20),
(40073, 7128, 3000, 0, 0, 20),
(40073, 8092, 300, 0, 0, 10),
(40073, 8102, 1600, 0, 0, 16),
(40073, 8103, 4000, 0, 0, 22),
(40073, 8104, 8000, 0, 0, 28),
(40073, 8105, 12000, 0, 0, 34),
(40073, 8106, 18000, 0, 0, 40),
(40073, 8122, 1200, 0, 0, 14),
(40073, 8124, 8000, 0, 0, 28),
(40073, 8129, 5000, 0, 0, 24),
(40073, 9472, 6000, 0, 0, 26),
(40073, 9473, 11000, 0, 0, 32),
(40073, 9474, 16000, 0, 0, 38),
(40073, 9484, 3000, 0, 0, 20),
(40073, 9485, 18000, 0, 0, 40),
(40073, 10880, 12000, 0, 0, 34),
(40073, 10881, 26000, 0, 0, 46),
(40073, 10888, 22000, 0, 0, 42),
(40073, 10890, 42000, 0, 0, 56),
(40073, 10892, 22000, 0, 0, 42),
(40073, 10893, 30000, 0, 0, 50),
(40073, 10894, 44000, 0, 0, 58),
(40073, 10898, 22000, 0, 0, 42),
(40073, 10899, 28000, 0, 0, 48),
(40073, 10900, 40000, 0, 0, 54),
(40073, 10901, 46000, 0, 0, 60),
(40073, 10909, 24000, 0, 0, 44),
(40073, 10915, 24000, 0, 0, 44),
(40073, 10916, 30000, 0, 0, 50),
(40073, 10917, 42000, 0, 0, 56),
(40073, 10927, 24000, 0, 0, 44),
(40073, 10928, 30000, 0, 0, 50),
(40073, 10929, 42000, 0, 0, 56),
(40073, 10933, 26000, 0, 0, 46),
(40073, 10934, 40000, 0, 0, 54),
(40073, 10937, 28000, 0, 0, 48),
(40073, 10938, 46000, 0, 0, 60),
(40073, 10945, 26000, 0, 0, 46),
(40073, 10946, 38000, 0, 0, 52),
(40073, 10947, 44000, 0, 0, 58),
(40073, 10951, 30000, 0, 0, 50),
(40073, 10952, 46000, 0, 0, 60),
(40073, 10955, 46000, 0, 0, 60),
(40073, 10957, 22000, 0, 0, 42),
(40073, 10958, 42000, 0, 0, 56),
(40073, 10960, 30000, 0, 0, 50),
(40073, 10961, 46000, 0, 0, 60),
(40073, 10963, 26000, 0, 0, 46),
(40073, 10964, 38000, 0, 0, 52),
(40073, 10965, 44000, 0, 0, 58),
(40073, 14752, 600, 0, 0, 30),
(40073, 14818, 900, 0, 0, 40),
(40073, 14819, 1500, 0, 0, 50),
(40073, 14914, 3000, 0, 0, 20),
(40073, 15237, 3000, 0, 0, 20),
(40073, 15261, 46000, 0, 0, 60),
(40073, 15262, 5000, 0, 0, 24),
(40073, 15263, 10000, 0, 0, 30),
(40073, 15264, 14000, 0, 0, 36),
(40073, 15265, 22000, 0, 0, 42),
(40073, 15266, 28000, 0, 0, 48),
(40073, 15267, 40000, 0, 0, 54),
(40073, 15430, 8000, 0, 0, 28),
(40073, 15431, 14000, 0, 0, 36),
(40073, 17311, 400, 0, 0, 28),
(40073, 17312, 700, 0, 0, 36),
(40073, 17313, 1200, 0, 0, 44),
(40073, 17314, 1900, 0, 0, 52),
(40073, 18807, 2300, 0, 0, 60),
(40073, 19238, 60, 0, 0, 26),
(40073, 19240, 300, 0, 0, 34),
(40073, 19241, 600, 0, 0, 42),
(40073, 19242, 1100, 0, 0, 50),
(40073, 19243, 1500, 0, 0, 58),
(40073, 19276, 8000, 0, 0, 28),
(40073, 19277, 14000, 0, 0, 36),
(40073, 19278, 24000, 0, 0, 44),
(40073, 19279, 38000, 0, 0, 52),
(40073, 19280, 46000, 0, 0, 60),
(40073, 20770, 44000, 0, 0, 58),
(40073, 21562, 28000, 0, 0, 48),
(40073, 21564, 46000, 0, 0, 60),
(40073, 25210, 65000, 0, 0, 63),
(40073, 25213, 110000, 0, 0, 68),
(40073, 25217, 80000, 0, 0, 65),
(40073, 25218, 140000, 0, 0, 70),
(40073, 25221, 80000, 0, 0, 65),
(40073, 25222, 140000, 0, 0, 70),
(40073, 25233, 53000, 0, 0, 61),
(40073, 25235, 99000, 0, 0, 67),
(40073, 25308, 110000, 0, 0, 68),
(40073, 25312, 2300, 0, 0, 70),
(40073, 25314, 65000, 0, 0, 60),
(40073, 25315, 6500, 0, 0, 60),
(40073, 25316, 6500, 0, 0, 60),
(40073, 25331, 110000, 0, 0, 68),
(40073, 25363, 53000, 0, 0, 61),
(40073, 25364, 65000, 0, 0, 69),
(40073, 25367, 80000, 0, 0, 65),
(40073, 25368, 140000, 0, 0, 70),
(40073, 25372, 65000, 0, 0, 63),
(40073, 25375, 65000, 0, 0, 69),
(40073, 25384, 65000, 0, 0, 66),
(40073, 25387, 6500, 0, 0, 68),
(40073, 25389, 65000, 0, 0, 70),
(40073, 25392, 100000, 0, 0, 70),
(40073, 25431, 65000, 0, 0, 69),
(40073, 25433, 110000, 0, 0, 68),
(40073, 25435, 110000, 0, 0, 68),
(40073, 25437, 2200, 0, 0, 66),
(40073, 25467, 110000, 0, 0, 68),
(40073, 27681, 2300, 0, 0, 60),
(40073, 27683, 42000, 0, 0, 56),
(40073, 27799, 24000, 0, 0, 44),
(40073, 27800, 38000, 0, 0, 52),
(40073, 27801, 46000, 0, 0, 60),
(40073, 27841, 2300, 0, 0, 60),
(40073, 27870, 1200, 0, 0, 50),
(40073, 27871, 1500, 0, 0, 60),
(40073, 28275, 1500, 0, 0, 70),
(40073, 32375, 110000, 0, 0, 70),
(40073, 32379, 59000, 0, 0, 62),
(40073, 32546, 72000, 0, 0, 64),
(40073, 32996, 110000, 0, 0, 70),
(40073, 32999, 3400, 0, 0, 70),
(40073, 33076, 110000, 0, 0, 68),
(40073, 34433, 89000, 0, 0, 66),
(40073, 34863, 2100, 0, 0, 56),
(40073, 34864, 2300, 0, 0, 60),
(40073, 34865, 4000, 0, 0, 65),
(40073, 34866, 7000, 0, 0, 70),
(40073, 34916, 2300, 0, 0, 60),
(40073, 34917, 2300, 0, 0, 70),
(40073, 39374, 100000, 0, 0, 70),
(40073, 48040, 180000, 0, 0, 71),
(40073, 48045, 10000, 0, 0, 75),
(40073, 48062, 180000, 0, 0, 73),
(40073, 48063, 180000, 0, 0, 78),
(40073, 48065, 180000, 0, 0, 75),
(40073, 48066, 180000, 0, 0, 80),
(40073, 48067, 180000, 0, 0, 75),
(40073, 48068, 180000, 0, 0, 80),
(40073, 48070, 180000, 0, 0, 73),
(40073, 48071, 180000, 0, 0, 79),
(40073, 48072, 180000, 0, 0, 76),
(40073, 48073, 9000, 0, 0, 80),
(40073, 48074, 9000, 0, 0, 80),
(40073, 48077, 180000, 0, 0, 75),
(40073, 48078, 180000, 0, 0, 80),
(40073, 48086, 9000, 0, 0, 75),
(40073, 48087, 9000, 0, 0, 80),
(40073, 48088, 9000, 0, 0, 75),
(40073, 48089, 9000, 0, 0, 80),
(40073, 48112, 100000, 0, 0, 74),
(40073, 48113, 180000, 0, 0, 79),
(40073, 48119, 180000, 0, 0, 72),
(40073, 48120, 180000, 0, 0, 78),
(40073, 48122, 180000, 0, 0, 74),
(40073, 48123, 180000, 0, 0, 79),
(40073, 48124, 180000, 0, 0, 75),
(40073, 48125, 180000, 0, 0, 80),
(40073, 48126, 180000, 0, 0, 74),
(40073, 48127, 180000, 0, 0, 79),
(40073, 48134, 180000, 0, 0, 72),
(40073, 48135, 180000, 0, 0, 78),
(40073, 48155, 9000, 0, 0, 74),
(40073, 48156, 9000, 0, 0, 80),
(40073, 48157, 180000, 0, 0, 75),
(40073, 48158, 180000, 0, 0, 80),
(40073, 48159, 9000, 0, 0, 75),
(40073, 48160, 9000, 0, 0, 80),
(40073, 48161, 180000, 0, 0, 80),
(40073, 48162, 180000, 0, 0, 80),
(40073, 48168, 180000, 0, 0, 77),
(40073, 48169, 180000, 0, 0, 76),
(40073, 48170, 180000, 0, 0, 77),
(40073, 48171, 180000, 0, 0, 78),
(40073, 48172, 3250, 0, 0, 73),
(40073, 48173, 9000, 0, 0, 80),
(40073, 48299, 180000, 0, 0, 73),
(40073, 48300, 180000, 0, 0, 79),
(40073, 53005, 5000, 0, 0, 70),
(40073, 53006, 9000, 0, 0, 75),
(40073, 53007, 9000, 0, 0, 80),
(40073, 53023, 100000, 0, 0, 80),
(40073, 64843, 180000, 0, 0, 80),
(40073, 64901, 65000, 0, 0, 60);

REPLACE INTO `creature_template` (`entry`, `difficulty_entry_1`, `difficulty_entry_2`, `difficulty_entry_3`, `KillCredit1`, `KillCredit2`, `modelid1`, `modelid2`, `modelid3`, `modelid4`, `name`, `subname`, `IconName`, `gossip_menu_id`, `minlevel`, `maxlevel`, `exp`, `faction_A`, `faction_H`, `npcflag`, `scale`, `rank`, `mindmg`, `maxdmg`, `dmgschool`, `attackpower`, `dmg_multiplier`, `baseattacktime`, `rangeattacktime`, `unit_class`, `unit_flags`, `dynamicflags`, `family`, `trainer_type`, `trainer_spell`, `trainer_class`, `trainer_race`, `minrangedmg`, `maxrangedmg`, `rangedattackpower`, `type`, `type_flags`, `lootid`, `pickpocketloot`, `skinloot`, `resistance1`, `resistance2`, `resistance3`, `resistance4`, `resistance5`, `resistance6`, `spell1`, `spell2`, `spell3`, `spell4`, `spell5`, `spell6`, `spell7`, `spell8`, `PetSpellDataId`, `VehicleId`, `mingold`, `maxgold`, `AIName`, `MovementType`, `InhabitType`, `Health_mod`, `Mana_mod`, `RacialLeader`, `questItem1`, `questItem2`, `questItem3`, `questItem4`, `questItem5`, `questItem6`, `movementId`, `RegenHealth`, `equipment_id`, `mechanic_immune_mask`, `flags_extra`, `ScriptName`) VALUES (40074, 0, 0, 0, 0, 0, 18593, 0, 18593, 0, 'Warshtainer', 'Warrior Trainer', '', 0, 83, 83, 0, 35, 35, 49, 1, 2, 600, 900, 0, 2000, 1000, 1500, 1500, 1, 2, 0, 0, 0, 0, 1, 0, 700, 800, 1500, 7, 2, 0, 0, 0, 0, 0, 0, 0, 0, 0, 0, 0, 0, 0, 0, 0, 0, 0, 0, 0, 1000, 1000, '', 0, 3, 10, 0, 0, 0, 0, 0, 0, 0, 0, 0, 1, 4321, 0, 2, '');

DELETE FROM `npc_trainer` WHERE (`entry`=40074);
INSERT INTO `npc_trainer` (entry, spell, spellcost, reqskill, reqskillvalue, reqlevel) VALUES 



(40074, 30022, 3250, 0, 0, 70),
(40074, 30324, 100000, 0, 0, 70),
(40074, 30330, 3500, 0, 0, 70),
(40074, 30356, 67450, 0, 0, 70),
(40074, 30357, 260000, 0, 0, 70),
(40074, 34428, 100, 0, 0, 6),
(40074, 46845, 260000, 0, 0, 71),
(40074, 47436, 260000, 0, 0, 78),
(40074, 47437, 260000, 0, 0, 79),
(40074, 47439, 100000, 0, 0, 74),
(40074, 47440, 260000, 0, 0, 80),
(40074, 47449, 260000, 0, 0, 72),
(40074, 47450, 260000, 0, 0, 76),
(40074, 47465, 260000, 0, 0, 76),
(40074, 47470, 260000, 0, 0, 73),
(40074, 47471, 260000, 0, 0, 80),
(40074, 47474, 260000, 0, 0, 74),
(40074, 47475, 260000, 0, 0, 79),
(40074, 47485, 13000, 0, 0, 75),
(40074, 47486, 13000, 0, 0, 80),
(40074, 47487, 260000, 0, 0, 75),
(40074, 47488, 260000, 0, 0, 80),
(40074, 47497, 5000, 0, 0, 75),
(40074, 47498, 5000, 0, 0, 80),
(40074, 47501, 260000, 0, 0, 73),
(40074, 47502, 260000, 0, 0, 78),
(40074, 47519, 260000, 0, 0, 72),
(40074, 47520, 260000, 0, 0, 77),
(40074, 55694, 100000, 0, 0, 75),
(40074, 57755, 100000, 0, 0, 80),
(40074, 57823, 260000, 0, 0, 80),
(40074, 64382, 260000, 0, 0, 71);

REPLACE INTO `creature_template` (`entry`, `difficulty_entry_1`, `difficulty_entry_2`, `difficulty_entry_3`, `KillCredit1`, `KillCredit2`, `modelid1`, `modelid2`, `modelid3`, `modelid4`, `name`, `subname`, `IconName`, `gossip_menu_id`, `minlevel`, `maxlevel`, `exp`, `faction_A`, `faction_H`, `npcflag`, `scale`, `rank`, `mindmg`, `maxdmg`, `dmgschool`, `attackpower`, `dmg_multiplier`, `baseattacktime`, `rangeattacktime`, `unit_class`, `unit_flags`, `dynamicflags`, `family`, `trainer_type`, `trainer_spell`, `trainer_class`, `trainer_race`, `minrangedmg`, `maxrangedmg`, `rangedattackpower`, `type`, `type_flags`, `lootid`, `pickpocketloot`, `skinloot`, `resistance1`, `resistance2`, `resistance3`, `resistance4`, `resistance5`, `resistance6`, `spell1`, `spell2`, `spell3`, `spell4`, `spell5`, `spell6`, `spell7`, `spell8`, `PetSpellDataId`, `VehicleId`, `mingold`, `maxgold`, `AIName`, `MovementType`, `InhabitType`, `Health_mod`, `Mana_mod`, `RacialLeader`, `questItem1`, `questItem2`, `questItem3`, `questItem4`, `questItem5`, `questItem6`, `movementId`, `RegenHealth`, `equipment_id`, `mechanic_immune_mask`, `flags_extra`, `ScriptName`) VALUES (40075, 0, 0, 0, 0, 0, 21379, 0, 21379, 0, 'Lord Beast', 'Hunter Trainer', '', 0, 83, 83, 0, 35, 35, 49, 1, 2, 110, 200, 0, 200, 100, 1500, 1500, 1, 2, 0, 0, 0, 0, 3, 0, 250, 500, 200, 7, 2, 0, 0, 0, 0, 0, 0, 0, 0, 0, 0, 0, 0, 0, 0, 0, 0, 0, 0, 0, 1000, 1000, '', 0, 3, 10, 5, 0, 0, 0, 0, 0, 0, 0, 0, 1, 3245, 0, 2, '');

DELETE FROM `npc_trainer` WHERE (`entry`=40075);
INSERT INTO `npc_trainer` (entry, spell, spellcost, reqskill, reqskillvalue, reqlevel) VALUES 
(40075, 136, 600, 0, 0, 12),
(40075, 674, 2200, 0, 0, 20),
(40075, 781, 2200, 0, 0, 20),
(40075, 883, 2000, 0, 0, 10),
(40075, 982, 2000, 0, 0, 10),
(40075, 1002, 1200, 0, 0, 14),
(40075, 1130, 100, 0, 0, 6),
(40075, 1462, 7000, 0, 0, 24),
(40075, 1494, 10, 0, 0, 0),
(40075, 1495, 1800, 0, 0, 16),
(40075, 1499, 2200, 0, 0, 20),
(40075, 1510, 18000, 0, 0, 40),
(40075, 1513, 1200, 0, 0, 14),
(40075, 1515, 2000, 0, 0, 10),
(40075, 1543, 10000, 0, 0, 32),
(40075, 1978, 100, 0, 0, 4),
(40075, 2641, 2000, 0, 0, 10),
(40075, 2643, 2000, 0, 0, 18),
(40075, 2974, 600, 0, 0, 12),
(40075, 3034, 14000, 0, 0, 36),
(40075, 3043, 6000, 0, 0, 22),
(40075, 3044, 100, 0, 0, 6),
(40075, 3045, 7000, 0, 0, 26),
(40075, 3111, 2200, 0, 0, 20),
(40075, 3127, 200, 0, 0, 8),
(40075, 3661, 8000, 0, 0, 28),
(40075, 3662, 14000, 0, 0, 36),
(40075, 5116, 200, 0, 0, 8),
(40075, 5118, 2200, 0, 0, 16),
(40075, 5384, 8000, 0, 0, 30),
(40075, 6197, 1200, 0, 0, 14),
(40075, 6991, 2000, 0, 0, 10),
(40075, 8737, 18000, 0, 0, 40),
(40075, 13159, 18000, 0, 0, 40),
(40075, 13161, 8000, 0, 0, 30),
(40075, 13163, 100, 0, 0, 4),
(40075, 13165, 400, 0, 0, 10),
(40075, 13542, 26000, 0, 0, 44),
(40075, 13543, 40000, 0, 0, 52),
(40075, 13544, 50000, 0, 0, 60),
(40075, 13549, 400, 0, 0, 10),
(40075, 13550, 2000, 0, 0, 18),
(40075, 13551, 7000, 0, 0, 26),
(40075, 13552, 12000, 0, 0, 34),
(40075, 13553, 24000, 0, 0, 42),
(40075, 13554, 36000, 0, 0, 50),
(40075, 13555, 48000, 0, 0, 58),
(40075, 13795, 1800, 0, 0, 16),
(40075, 13809, 8000, 0, 0, 28),
(40075, 13813, 12000, 0, 0, 34),
(40075, 14260, 200, 0, 0, 8),
(40075, 14261, 1800, 0, 0, 16),
(40075, 14262, 7000, 0, 0, 24),
(40075, 14263, 10000, 0, 0, 32),
(40075, 14264, 18000, 0, 0, 40),
(40075, 14265, 32000, 0, 0, 48),
(40075, 14266, 46000, 0, 0, 56),
(40075, 14267, 16000, 0, 0, 38),
(40075, 14268, 50000, 0, 0, 60),
(40075, 14269, 8000, 0, 0, 30),
(40075, 14270, 26000, 0, 0, 44),
(40075, 14271, 48000, 0, 0, 58),
(40075, 14281, 600, 0, 0, 12),
(40075, 14282, 2200, 0, 0, 20),
(40075, 14283, 8000, 0, 0, 28),
(40075, 14284, 14000, 0, 0, 36),
(40075, 14285, 26000, 0, 0, 44),
(40075, 14286, 40000, 0, 0, 52),
(40075, 14287, 50000, 0, 0, 60),
(40075, 14288, 8000, 0, 0, 30),
(40075, 14289, 24000, 0, 0, 42),
(40075, 14290, 42000, 0, 0, 54),
(40075, 14294, 36000, 0, 0, 50),
(40075, 14295, 48000, 0, 0, 58),
(40075, 14302, 7000, 0, 0, 26),
(40075, 14303, 14000, 0, 0, 36),
(40075, 14304, 28000, 0, 0, 46),
(40075, 14305, 46000, 0, 0, 56),
(40075, 14310, 18000, 0, 0, 40),
(40075, 14311, 50000, 0, 0, 60),
(40075, 14316, 26000, 0, 0, 44),
(40075, 14317, 42000, 0, 0, 54),
(40075, 14318, 2000, 0, 0, 18),
(40075, 14319, 8000, 0, 0, 28),
(40075, 14320, 16000, 0, 0, 38),
(40075, 14321, 32000, 0, 0, 48),
(40075, 14322, 48000, 0, 0, 58),
(40075, 14323, 6000, 0, 0, 22),
(40075, 14324, 18000, 0, 0, 40),
(40075, 14325, 48000, 0, 0, 58),
(40075, 14326, 8000, 0, 0, 30),
(40075, 14327, 28000, 0, 0, 46),
(40075, 19263, 2200, 0, 0, 60),
(40075, 19801, 50000, 0, 0, 60),
(40075, 19878, 10000, 0, 0, 32),
(40075, 19879, 36000, 0, 0, 50),
(40075, 19880, 7000, 0, 0, 26),
(40075, 19882, 18000, 0, 0, 40),
(40075, 19883, 400, 0, 0, 10),
(40075, 19884, 2000, 0, 0, 18),
(40075, 19885, 7000, 0, 0, 24),
(40075, 20043, 28000, 0, 0, 46),
(40075, 20190, 46000, 0, 0, 56),
(40075, 20736, 600, 0, 0, 12),
(40075, 20900, 400, 0, 0, 28),
(40075, 20901, 700, 0, 0, 36),
(40075, 20902, 1300, 0, 0, 44),
(40075, 20903, 2000, 0, 0, 52),
(40075, 20904, 2500, 0, 0, 60),
(40075, 20909, 1200, 0, 0, 42),
(40075, 20910, 2100, 0, 0, 54),
(40075, 24132, 1800, 0, 0, 50),
(40075, 24133, 2500, 0, 0, 60),
(40075, 25294, 50000, 0, 0, 60),
(40075, 25295, 50000, 0, 0, 60),
(40075, 25296, 50000, 0, 0, 60),
(40075, 27014, 87000, 0, 0, 63),
(40075, 27016, 140000, 0, 0, 67),
(40075, 27019, 170000, 0, 0, 69),
(40075, 27021, 140000, 0, 0, 67),
(40075, 27022, 140000, 0, 0, 67),
(40075, 27023, 110000, 0, 0, 65),
(40075, 27025, 68000, 0, 0, 61),
(40075, 27044, 150000, 0, 0, 68),
(40075, 27045, 150000, 0, 0, 68),
(40075, 27046, 150000, 0, 0, 68),
(40075, 27065, 10000, 0, 0, 70),
(40075, 27067, 2500, 0, 0, 66),
(40075, 27068, 5000, 0, 0, 70),
(40075, 34026, 120000, 0, 0, 66),
(40075, 34074, 2200, 0, 0, 20),
(40075, 34120, 70000, 0, 0, 62),
(40075, 34477, 190000, 0, 0, 70),
(40075, 34600, 150000, 0, 0, 68),
(40075, 36916, 300000, 0, 0, 70),
(40075, 48989, 300000, 0, 0, 74),
(40075, 48990, 300000, 0, 0, 80),
(40075, 48995, 300000, 0, 0, 71),
(40075, 48996, 300000, 0, 0, 77),
(40075, 48998, 15000, 0, 0, 72),
(40075, 48999, 15000, 0, 0, 78),
(40075, 49000, 300000, 0, 0, 73),
(40075, 49001, 300000, 0, 0, 79),
(40075, 49011, 100000, 0, 0, 75),
(40075, 49012, 100000, 0, 0, 80),
(40075, 49044, 300000, 0, 0, 73),
(40075, 49045, 300000, 0, 0, 79),
(40075, 49047, 300000, 0, 0, 74),
(40075, 49048, 300000, 0, 0, 80),
(40075, 49049, 10000, 0, 0, 75),
(40075, 49050, 10000, 0, 0, 80),
(40075, 49051, 300000, 0, 0, 71),
(40075, 49052, 300000, 0, 0, 77),
(40075, 49055, 300000, 0, 0, 72),
(40075, 49056, 300000, 0, 0, 78),
(40075, 49066, 300000, 0, 0, 71),
(40075, 49067, 300000, 0, 0, 77),
(40075, 49071, 300000, 0, 0, 76),
(40075, 53271, 10000, 0, 0, 75),
(40075, 53338, 10000, 0, 0, 76),
(40075, 53339, 300000, 0, 0, 80),
(40075, 53351, 300000, 0, 0, 71),
(40075, 56641, 36000, 0, 0, 50),
(40075, 58431, 300000, 0, 0, 74),
(40075, 58434, 300000, 0, 0, 80),
(40075, 60051, 400, 0, 0, 70),
(40075, 60052, 400, 0, 0, 75),
(40075, 60053, 100000, 0, 0, 80),
(40075, 60192, 100000, 0, 0, 80),
(40075, 61005, 300000, 0, 0, 75),
(40075, 61006, 300000, 0, 0, 80),
(40075, 61846, 300000, 0, 0, 74),
(40075, 61847, 300000, 0, 0, 80),
(40075, 63668, 1800, 0, 0, 57),
(40075, 63669, 7000, 0, 0, 63),
(40075, 63670, 10000, 0, 0, 69),
(40075, 63671, 10000, 0, 0, 75),
(40075, 63672, 10000, 0, 0, 80);

REPLACE INTO `creature_template` (`entry`, `difficulty_entry_1`, `difficulty_entry_2`, `difficulty_entry_3`, `KillCredit1`, `KillCredit2`, `modelid1`, `modelid2`, `modelid3`, `modelid4`, `name`, `subname`, `IconName`, `gossip_menu_id`, `minlevel`, `maxlevel`, `exp`, `faction_A`, `faction_H`, `npcflag`, `scale`, `rank`, `mindmg`, `maxdmg`, `dmgschool`, `attackpower`, `dmg_multiplier`, `baseattacktime`, `rangeattacktime`, `unit_class`, `unit_flags`, `dynamicflags`, `family`, `trainer_type`, `trainer_spell`, `trainer_class`, `trainer_race`, `minrangedmg`, `maxrangedmg`, `rangedattackpower`, `type`, `type_flags`, `lootid`, `pickpocketloot`, `skinloot`, `resistance1`, `resistance2`, `resistance3`, `resistance4`, `resistance5`, `resistance6`, `spell1`, `spell2`, `spell3`, `spell4`, `spell5`, `spell6`, `spell7`, `spell8`, `PetSpellDataId`, `VehicleId`, `mingold`, `maxgold`, `AIName`, `MovementType`, `InhabitType`, `Health_mod`, `Mana_mod`, `RacialLeader`, `questItem1`, `questItem2`, `questItem3`, `questItem4`, `questItem5`, `questItem6`, `movementId`, `RegenHealth`, `equipment_id`, `mechanic_immune_mask`, `flags_extra`, `ScriptName`) VALUES (40076, 0, 0, 0, 0, 0, 21570, 0, 21570, 0, 'Corleones', 'Rogue Trainer', '', 0, 83, 83, 0, 35, 35, 49, 1, 2, 1000, 2000, 0, 2000, 100, 1500, 1500, 1, 2, 0, 0, 0, 0, 4, 0, 450, 500, 2000, 7, 2, 0, 0, 0, 0, 0, 0, 0, 0, 0, 0, 0, 0, 0, 0, 0, 0, 0, 0, 0, 1000, 1000, '', 0, 3, 100, 0, 0, 0, 0, 0, 0, 0, 0, 0, 1, 4321, 0, 2, '');

DELETE FROM `npc_trainer` WHERE (`entry`=40076);
INSERT INTO `npc_trainer` (entry, spell, spellcost, reqskill, reqskillvalue, reqlevel) VALUES 
(40076, 53, 100, 0, 0, 4),
(40076, 408, 10000, 0, 0, 30),
(40076, 674, 300, 0, 0, 10),
(40076, 703, 1200, 0, 0, 14),
(40076, 921, 100, 0, 0, 4),
(40076, 1725, 4000, 0, 0, 22),
(40076, 1757, 100, 0, 0, 6),
(40076, 1758, 1200, 0, 0, 14),
(40076, 1759, 4000, 0, 0, 22),
(40076, 1760, 10000, 0, 0, 30),
(40076, 1766, 800, 0, 0, 12),
(40076, 1776, 100, 0, 0, 6),
(40076, 1784, 10, 0, 0, 0),
(40076, 1785, 3000, 0, 0, 20),
(40076, 1786, 20000, 0, 0, 40),
(40076, 1787, 54000, 0, 0, 60),
(40076, 1804, 1800, 0, 0, 16),
(40076, 1833, 6000, 0, 0, 26),
(40076, 1842, 10000, 0, 0, 30),
(40076, 1856, 4000, 0, 0, 22),
(40076, 1857, 27000, 0, 0, 42),
(40076, 1860, 20000, 0, 0, 40),
(40076, 1943, 3000, 0, 0, 20),
(40076, 1966, 1800, 0, 0, 16),
(40076, 2070, 8000, 0, 0, 28),
(40076, 2094, 14000, 0, 0, 34),
(40076, 2589, 800, 0, 0, 12),
(40076, 2590, 3000, 0, 0, 20),
(40076, 2591, 8000, 0, 0, 28),
(40076, 2836, 5000, 0, 0, 24),
(40076, 2983, 300, 0, 0, 10),
(40076, 3127, 800, 0, 0, 12),
(40076, 5171, 300, 0, 0, 10),
(40076, 5277, 200, 0, 0, 8),
(40076, 5938, 100000, 0, 0, 70),
(40076, 6760, 200, 0, 0, 8),
(40076, 6761, 1800, 0, 0, 16),
(40076, 6762, 5000, 0, 0, 24),
(40076, 6768, 8000, 0, 0, 28),
(40076, 6770, 300, 0, 0, 10),
(40076, 6774, 27000, 0, 0, 42),
(40076, 8621, 18000, 0, 0, 38),
(40076, 8623, 12000, 0, 0, 32),
(40076, 8624, 20000, 0, 0, 40),
(40076, 8631, 4000, 0, 0, 22),
(40076, 8632, 10000, 0, 0, 30),
(40076, 8633, 18000, 0, 0, 38),
(40076, 8637, 20000, 0, 0, 40),
(40076, 8639, 8000, 0, 0, 28),
(40076, 8640, 16000, 0, 0, 36),
(40076, 8643, 35000, 0, 0, 50),
(40076, 8647, 1200, 0, 0, 14),
(40076, 8676, 2900, 0, 0, 18),
(40076, 8696, 14000, 0, 0, 34),
(40076, 8721, 16000, 0, 0, 36),
(40076, 8724, 6000, 0, 0, 26),
(40076, 8725, 14000, 0, 0, 34),
(40076, 11267, 27000, 0, 0, 42),
(40076, 11268, 35000, 0, 0, 50),
(40076, 11269, 52000, 0, 0, 58),
(40076, 11273, 29000, 0, 0, 44),
(40076, 11274, 46000, 0, 0, 52),
(40076, 11275, 54000, 0, 0, 60),
(40076, 11279, 29000, 0, 0, 44),
(40076, 11280, 46000, 0, 0, 52),
(40076, 11281, 54000, 0, 0, 60),
(40076, 11289, 31000, 0, 0, 46),
(40076, 11290, 48000, 0, 0, 54),
(40076, 11293, 31000, 0, 0, 46),
(40076, 11294, 48000, 0, 0, 54),
(40076, 11297, 33000, 0, 0, 48),
(40076, 11299, 33000, 0, 0, 48),
(40076, 11300, 50000, 0, 0, 56),
(40076, 11303, 46000, 0, 0, 52),
(40076, 11305, 52000, 0, 0, 58),
(40076, 17347, 385, 0, 0, 46),
(40076, 17348, 650, 0, 0, 58),
(40076, 25300, 72000, 0, 0, 60),
(40076, 25302, 50000, 0, 0, 60),
(40076, 26669, 35000, 0, 0, 50),
(40076, 26679, 72000, 0, 0, 64),
(40076, 26839, 50000, 0, 0, 61),
(40076, 26861, 50000, 0, 0, 62),
(40076, 26862, 100000, 0, 0, 70),
(40076, 26863, 110000, 0, 0, 68),
(40076, 26864, 2700, 0, 0, 70),
(40076, 26865, 140000, 0, 0, 64),
(40076, 26867, 120000, 0, 0, 68),
(40076, 26884, 100000, 0, 0, 70),
(40076, 26889, 59000, 0, 0, 62),
(40076, 27441, 80000, 0, 0, 66),
(40076, 27448, 72000, 0, 0, 64),
(40076, 31016, 65000, 0, 0, 60),
(40076, 31224, 89000, 0, 0, 66),
(40076, 32645, 59000, 0, 0, 62),
(40076, 32684, 100000, 0, 0, 69),
(40076, 34411, 5500, 0, 0, 50),
(40076, 34412, 6500, 0, 0, 60),
(40076, 34413, 7500, 0, 0, 70),
(40076, 48637, 300000, 0, 0, 76),
(40076, 48638, 300000, 0, 0, 80),
(40076, 48656, 300000, 0, 0, 74),
(40076, 48657, 300000, 0, 0, 80),
(40076, 48658, 300000, 0, 0, 72),
(40076, 48659, 300000, 0, 0, 78),
(40076, 48660, 15000, 0, 0, 80),
(40076, 48663, 15000, 0, 0, 75),
(40076, 48666, 15000, 0, 0, 80),
(40076, 48667, 300000, 0, 0, 73),
(40076, 48668, 300000, 0, 0, 79),
(40076, 48671, 300000, 0, 0, 74),
(40076, 48672, 300000, 0, 0, 79),
(40076, 48673, 100000, 0, 0, 70),
(40076, 48674, 300000, 0, 0, 76),
(40076, 48675, 300000, 0, 0, 75),
(40076, 48676, 300000, 0, 0, 80),
(40076, 48689, 140000, 0, 0, 70),
(40076, 48690, 300000, 0, 0, 75),
(40076, 48691, 300000, 0, 0, 80),
(40076, 51722, 3000, 0, 0, 20),
(40076, 51723, 300000, 0, 0, 80),
(40076, 51724, 300000, 0, 0, 71),
(40076, 57934, 300000, 0, 0, 75),
(40076, 57992, 300000, 0, 0, 74),
(40076, 57993, 300000, 0, 0, 80);

REPLACE INTO `creature_template` (`entry`, `difficulty_entry_1`, `difficulty_entry_2`, `difficulty_entry_3`, `KillCredit1`, `KillCredit2`, `modelid1`, `modelid2`, `modelid3`, `modelid4`, `name`, `subname`, `IconName`, `gossip_menu_id`, `minlevel`, `maxlevel`, `exp`, `faction_A`, `faction_H`, `npcflag`, `scale`, `rank`, `mindmg`, `maxdmg`, `dmgschool`, `attackpower`, `dmg_multiplier`, `baseattacktime`, `rangeattacktime`, `unit_class`, `unit_flags`, `dynamicflags`, `family`, `trainer_type`, `trainer_spell`, `trainer_class`, `trainer_race`, `minrangedmg`, `maxrangedmg`, `rangedattackpower`, `type`, `type_flags`, `lootid`, `pickpocketloot`, `skinloot`, `resistance1`, `resistance2`, `resistance3`, `resistance4`, `resistance5`, `resistance6`, `spell1`, `spell2`, `spell3`, `spell4`, `spell5`, `spell6`, `spell7`, `spell8`, `PetSpellDataId`, `VehicleId`, `mingold`, `maxgold`, `AIName`, `MovementType`, `InhabitType`, `Health_mod`, `Mana_mod`, `RacialLeader`, `questItem1`, `questItem2`, `questItem3`, `questItem4`, `questItem5`, `questItem6`, `movementId`, `RegenHealth`, `equipment_id`, `mechanic_immune_mask`, `flags_extra`, `ScriptName`) VALUES (40077, 0, 0, 0, 0, 0, 30481, 0, 30481, 0, 'Moonstalker', 'Druid Trainer', '', 0, 83, 83, 0, 35, 35, 49, 1, 2, 200, 300, 0, 300, 100, 1500, 1500, 1, 2, 0, 0, 0, 0, 11, 0, 250, 500, 200, 7, 2, 0, 0, 0, 0, 0, 0, 0, 0, 0, 0, 0, 0, 0, 0, 0, 0, 0, 0, 0, 1000, 1000, '', 0, 3, 100, 120, 0, 0, 0, 0, 0, 0, 0, 0, 1, 2033, 0, 2, '');

DELETE FROM `npc_trainer` WHERE (`entry`=40077);
INSERT INTO `npc_trainer` (entry, spell, spellcost, reqskill, reqskillvalue, reqlevel) VALUES 
(40077, 5487, 300, 0, 0, 10),  -- облик медведя
(40077, 99, 300, 0, 0, 10),
(40077, 5487, 30, 0, 0, 10),
(40077, 339, 200, 0, 0, 8),
(40077, 467, 100, 0, 0, 6),
(40077, 740, 6000, 0, 0, 30),
(40077, 768, 2000, 0, 0, 20),
(40077, 769, 10000, 0, 0, 34),
(40077, 770, 1900, 0, 0, 18),
(40077, 774, 100, 0, 0, 4),
(40077, 779, 1800, 0, 0, 16),
(40077, 780, 4000, 0, 0, 24),
(40077, 782, 900, 0, 0, 14),
(40077, 783, 6000, 0, 0, 16),
(40077, 1058, 300, 0, 0, 10),
(40077, 1062, 1900, 0, 0, 18),
(40077, 1066, 1600, 0, 0, 16),
(40077, 1075, 4000, 0, 0, 24),
(40077, 1079, 2000, 0, 0, 20),
(40077, 1082, 2000, 0, 0, 20),
(40077, 1126, 10, 0, 0, 0),
(40077, 1430, 1800, 0, 0, 16),
(40077, 1735, 2000, 0, 0, 20),
(40077, 1822, 4000, 0, 0, 24),
(40077, 1823, 10000, 0, 0, 34),
(40077, 1824, 18000, 0, 0, 44),
(40077, 1850, 4500, 0, 0, 26),
(40077, 2090, 3000, 0, 0, 22),
(40077, 2091, 5000, 0, 0, 28),
(40077, 2637, 1900, 0, 0, 18),
(40077, 2782, 4000, 0, 0, 24),
(40077, 2893, 4500, 0, 0, 26),
(40077, 2908, 3000, 0, 0, 22),
(40077, 2912, 2000, 0, 0, 20),
(40077, 3029, 5000, 0, 0, 28),
(40077, 3627, 10000, 0, 0, 34),
(40077, 5177, 100, 0, 0, 6),
(40077, 5178, 900, 0, 0, 14),
(40077, 5179, 3000, 0, 0, 22),
(40077, 5180, 6000, 0, 0, 30),
(40077, 5186, 200, 0, 0, 8),
(40077, 5187, 900, 0, 0, 14),
(40077, 5188, 2000, 0, 0, 20),
(40077, 5189, 4500, 0, 0, 26),
(40077, 5195, 5000, 0, 0, 28),
(40077, 5196, 12000, 0, 0, 38),
(40077, 5201, 12000, 0, 0, 38),
(40077, 5209, 5000, 0, 0, 28),
(40077, 5211, 900, 0, 0, 14),
(40077, 5215, 2000, 0, 0, 20),
(40077, 5217, 4000, 0, 0, 24),
(40077, 5221, 3000, 0, 0, 22),
(40077, 5225, 8000, 0, 0, 32),
(40077, 5229, 800, 0, 0, 12),
(40077, 5232, 300, 0, 0, 10),
(40077, 5234, 6000, 0, 0, 30),
(40077, 6756, 2000, 0, 0, 20),
(40077, 6778, 8000, 0, 0, 32),
(40077, 6780, 12000, 0, 0, 38),
(40077, 6783, 14000, 0, 0, 40),
(40077, 6785, 8000, 0, 0, 32),
(40077, 6787, 16000, 0, 0, 42),
(40077, 6793, 11000, 0, 0, 36),
(40077, 6795, 1000, 0, 0, 10),
(40077, 6798, 6000, 0, 0, 30),
(40077, 6800, 6000, 0, 0, 30),
(40077, 6807, 1000, 0, 0, 10),
(40077, 6808, 1900, 0, 0, 18),
(40077, 6809, 4500, 0, 0, 26),
(40077, 8903, 12000, 0, 0, 38),
(40077, 8905, 20000, 0, 0, 46),
(40077, 8907, 14000, 0, 0, 40),
(40077, 8910, 14000, 0, 0, 40),
(40077, 8914, 10000, 0, 0, 34),
(40077, 8918, 14000, 0, 0, 40),
(40077, 8921, 100, 0, 0, 4),
(40077, 8924, 300, 0, 0, 10),
(40077, 8925, 1800, 0, 0, 16),
(40077, 8926, 3000, 0, 0, 22),
(40077, 8927, 5000, 0, 0, 28),
(40077, 8928, 10000, 0, 0, 34),
(40077, 8929, 14000, 0, 0, 40),
(40077, 8936, 800, 0, 0, 12),
(40077, 8938, 1900, 0, 0, 18),
(40077, 8939, 4000, 0, 0, 24),
(40077, 8940, 6000, 0, 0, 30),
(40077, 8941, 11000, 0, 0, 36),
(40077, 8949, 4500, 0, 0, 26),
(40077, 8950, 10000, 0, 0, 34),
(40077, 8951, 16000, 0, 0, 42),
(40077, 8955, 12000, 0, 0, 38),
(40077, 8972, 10000, 0, 0, 34),
(40077, 8983, 20000, 0, 0, 46),
(40077, 8992, 12000, 0, 0, 38),
(40077, 8998, 5000, 0, 0, 28),
(40077, 9000, 14000, 0, 0, 40),
(40077, 9005, 11000, 0, 0, 36),
(40077, 9490, 8000, 0, 0, 32),
(40077, 9492, 5000, 0, 0, 28),
(40077, 9493, 11000, 0, 0, 36),
(40077, 9634, 14000, 0, 0, 40),
(40077, 9745, 16000, 0, 0, 42),
(40077, 9747, 16000, 0, 0, 42),
(40077, 9750, 16000, 0, 0, 42),
(40077, 9752, 18000, 0, 0, 44),
(40077, 9754, 18000, 0, 0, 44),
(40077, 9756, 18000, 0, 0, 44),
(40077, 9758, 18000, 0, 0, 44),
(40077, 9821, 20000, 0, 0, 46),
(40077, 9823, 20000, 0, 0, 46),
(40077, 9827, 30000, 0, 0, 56),
(40077, 9829, 20000, 0, 0, 46),
(40077, 9830, 28000, 0, 0, 54),
(40077, 9833, 20000, 0, 0, 46),
(40077, 9834, 26000, 0, 0, 52),
(40077, 9835, 32000, 0, 0, 58),
(40077, 9839, 20000, 0, 0, 46),
(40077, 9840, 26000, 0, 0, 52),
(40077, 9841, 32000, 0, 0, 58),
(40077, 9845, 22000, 0, 0, 48),
(40077, 9846, 34000, 0, 0, 60),
(40077, 9849, 22000, 0, 0, 48),
(40077, 9850, 32000, 0, 0, 58),
(40077, 9852, 22000, 0, 0, 48),
(40077, 9853, 32000, 0, 0, 58),
(40077, 9856, 22000, 0, 0, 48),
(40077, 9857, 28000, 0, 0, 54),
(40077, 9858, 34000, 0, 0, 60),
(40077, 9862, 23000, 0, 0, 50),
(40077, 9863, 34000, 0, 0, 60),
(40077, 9866, 23000, 0, 0, 50),
(40077, 9867, 32000, 0, 0, 58),
(40077, 9875, 23000, 0, 0, 50),
(40077, 9876, 32000, 0, 0, 58),
(40077, 9880, 23000, 0, 0, 50),
(40077, 9881, 32000, 0, 0, 58),
(40077, 9884, 23000, 0, 0, 50),
(40077, 9885, 34000, 0, 0, 60),
(40077, 9888, 23000, 0, 0, 50),
(40077, 9889, 30000, 0, 0, 56),
(40077, 9892, 26000, 0, 0, 52),
(40077, 9894, 26000, 0, 0, 52),
(40077, 9896, 34000, 0, 0, 60),
(40077, 9898, 26000, 0, 0, 52),
(40077, 9901, 28000, 0, 0, 54),
(40077, 9904, 28000, 0, 0, 54),
(40077, 9908, 28000, 0, 0, 54),
(40077, 9910, 28000, 0, 0, 54),
(40077, 9912, 28000, 0, 0, 54),
(40077, 9913, 34000, 0, 0, 60),
(40077, 16689, 300, 0, 0, 10),
(40077, 16810, 1900, 0, 0, 18),
(40077, 16811, 5000, 0, 0, 28),
(40077, 16812, 12000, 0, 0, 38),
(40077, 16813, 22000, 0, 0, 48),
(40077, 16857, 1900, 0, 0, 18),
(40077, 16914, 14000, 0, 0, 40),
(40077, 17329, 32000, 0, 0, 58),
(40077, 17401, 23000, 0, 0, 50),
(40077, 17402, 34000, 0, 0, 60),
(40077, 18657, 12000, 0, 0, 38),
(40077, 18658, 32000, 0, 0, 58),
(40077, 20484, 2000, 0, 0, 20),
(40077, 20719, 14000, 0, 0, 40),
(40077, 20739, 6000, 0, 0, 30),
(40077, 20742, 14000, 0, 0, 40),
(40077, 20747, 23000, 0, 0, 50),
(40077, 20748, 34000, 0, 0, 60),
(40077, 21849, 23000, 0, 0, 50),
(40077, 21850, 34000, 0, 0, 60),
(40077, 22568, 8000, 0, 0, 32),
(40077, 22570, 43000, 0, 0, 62),
(40077, 22812, 18000, 0, 0, 44),
(40077, 22827, 14000, 0, 0, 40),
(40077, 22828, 22000, 0, 0, 48),
(40077, 22829, 30000, 0, 0, 56),
(40077, 22842, 11000, 0, 0, 36),
(40077, 24248, 48000, 0, 0, 63),
(40077, 24974, 6000, 0, 0, 30),
(40077, 24975, 14000, 0, 0, 40),
(40077, 24976, 12000, 0, 0, 50),
(40077, 24977, 34000, 0, 0, 60),
(40077, 25297, 34000, 0, 0, 60),
(40077, 25298, 34000, 0, 0, 60),
(40077, 25299, 34000, 0, 0, 60),
(40077, 26978, 43000, 0, 0, 62),
(40077, 26979, 90000, 0, 0, 69),
(40077, 26980, 59000, 0, 0, 65),
(40077, 26981, 48000, 0, 0, 63),
(40077, 26982, 90000, 0, 0, 69),
(40077, 26983, 100000, 0, 0, 70),
(40077, 26984, 39000, 0, 0, 61),
(40077, 26985, 90000, 0, 0, 69),
(40077, 26986, 73000, 0, 0, 67),
(40077, 26987, 48000, 0, 0, 63),
(40077, 26988, 100000, 0, 0, 70),
(40077, 26989, 81000, 0, 0, 68),
(40077, 26990, 100000, 0, 0, 70),
(40077, 26991, 100000, 0, 0, 70),
(40077, 26992, 53000, 0, 0, 64),
(40077, 26994, 90000, 0, 0, 69),
(40077, 26995, 100000, 0, 0, 70),
(40077, 26996, 73000, 0, 0, 67),
(40077, 26997, 53000, 0, 0, 64),
(40077, 26998, 43000, 0, 0, 62),
(40077, 27000, 73000, 0, 0, 67),
(40077, 27001, 39000, 0, 0, 61),
(40077, 27002, 100000, 0, 0, 70),
(40077, 27003, 53000, 0, 0, 64),
(40077, 27004, 90000, 0, 0, 69),
(40077, 27005, 66000, 0, 0, 66),
(40077, 27006, 66000, 0, 0, 66),
(40077, 27008, 73000, 0, 0, 67),
(40077, 27009, 81000, 0, 0, 68),
(40077, 27012, 100000, 0, 0, 70),
(40077, 27013, 200000, 0, 0, 70),
(40077, 29166, 14000, 0, 0, 40),
(40077, 31018, 30000, 0, 0, 60),
(40077, 31709, 34000, 0, 0, 60),
(40077, 33357, 59000, 0, 0, 65),
(40077, 33745, 66000, 0, 0, 66),
(40077, 33763, 53000, 0, 0, 64),
(40077, 33786, 100000, 0, 0, 70),
(40077, 33943, 100000, 0, 0, 60),
(40077, 33982, 1700, 0, 0, 58),
(40077, 33983, 1700, 0, 0, 68),
(40077, 33986, 1700, 0, 0, 58),
(40077, 33987, 1900, 0, 0, 68),
(40077, 40120, 200000, 762, 300, 70),
(40077, 48377, 200000, 0, 0, 74),
(40077, 48378, 200000, 0, 0, 79),
(40077, 48440, 200000, 0, 0, 75),
(40077, 48441, 200000, 0, 0, 80),
(40077, 48442, 200000, 0, 0, 71),
(40077, 48443, 200000, 0, 0, 77),
(40077, 48446, 200000, 0, 0, 75),
(40077, 48447, 200000, 0, 0, 80),
(40077, 48450, 200000, 0, 0, 72),
(40077, 48451, 200000, 0, 0, 80),
(40077, 48459, 200000, 0, 0, 74),
(40077, 48461, 200000, 0, 0, 79),
(40077, 48462, 200000, 0, 0, 75),
(40077, 48463, 200000, 0, 0, 80),
(40077, 48464, 200000, 0, 0, 72),
(40077, 48465, 200000, 0, 0, 78),
(40077, 48467, 200000, 0, 0, 80),
(40077, 48468, 200000, 0, 0, 80),
(40077, 48469, 200000, 0, 0, 80),
(40077, 48470, 200000, 0, 0, 80),
(40077, 48477, 200000, 0, 0, 79),
(40077, 48479, 200000, 0, 0, 73),
(40077, 48480, 200000, 0, 0, 79),
(40077, 48559, 200000, 0, 0, 71),
(40077, 48560, 200000, 0, 0, 77),
(40077, 48561, 200000, 0, 0, 72),
(40077, 48562, 200000, 0, 0, 77),
(40077, 48563, 10000, 0, 0, 75),
(40077, 48564, 10000, 0, 0, 80),
(40077, 48565, 10000, 0, 0, 75),
(40077, 48566, 10000, 0, 0, 80),
(40077, 48567, 200000, 0, 0, 73),
(40077, 48568, 200000, 0, 0, 80),
(40077, 48569, 200000, 0, 0, 73),
(40077, 48570, 200000, 0, 0, 79),
(40077, 48571, 200000, 0, 0, 75),
(40077, 48572, 200000, 0, 0, 80),
(40077, 48573, 200000, 0, 0, 72),
(40077, 48574, 200000, 0, 0, 78),
(40077, 48575, 200000, 0, 0, 76),
(40077, 48576, 200000, 0, 0, 72),
(40077, 48577, 200000, 0, 0, 78),
(40077, 48578, 200000, 0, 0, 73),
(40077, 48579, 200000, 0, 0, 79),
(40077, 49799, 200000, 0, 0, 71),
(40077, 49800, 200000, 0, 0, 80),
(40077, 49802, 200000, 0, 0, 74),
(40077, 49803, 200000, 0, 0, 77),
(40077, 50212, 200000, 0, 0, 71),
(40077, 50213, 200000, 0, 0, 79),
(40077, 50464, 200000, 0, 0, 80),
(40077, 50763, 200000, 0, 0, 80),
(40077, 50764, 90000, 0, 0, 69),
(40077, 50765, 34000, 0, 0, 60),
(40077, 50766, 22000, 0, 0, 48),
(40077, 50767, 11000, 0, 0, 36),
(40077, 50768, 4000, 0, 0, 24),
(40077, 50769, 800, 0, 0, 12),
(40077, 52610, 200000, 0, 0, 75),
(40077, 53199, 10000, 0, 0, 70),
(40077, 53200, 10000, 0, 0, 75),
(40077, 53201, 10000, 0, 0, 80),
(40077, 53223, 600, 0, 0, 60),
(40077, 53225, 1700, 0, 0, 70),
(40077, 53226, 10000, 0, 0, 75),
(40077, 53248, 1700, 0, 0, 70),
(40077, 53249, 10000, 0, 0, 75),
(40077, 53251, 10000, 0, 0, 80),
(40077, 53307, 200000, 0, 0, 74),
(40077, 53308, 200000, 0, 0, 78),
(40077, 53312, 200000, 0, 0, 78),
(40077, 61384, 10000, 0, 0, 80),
(40077, 62078, 200000, 0, 0, 71),
(40077, 62600, 4500, 0, 0, 40);

REPLACE INTO `creature_template` (`entry`, `difficulty_entry_1`, `difficulty_entry_2`, `difficulty_entry_3`, `KillCredit1`, `KillCredit2`, `modelid1`, `modelid2`, `modelid3`, `modelid4`, `name`, `subname`, `IconName`, `gossip_menu_id`, `minlevel`, `maxlevel`, `exp`, `faction_A`, `faction_H`, `npcflag`, `scale`, `rank`, `mindmg`, `maxdmg`, `dmgschool`, `attackpower`, `dmg_multiplier`, `baseattacktime`, `rangeattacktime`, `unit_class`, `unit_flags`, `dynamicflags`, `family`, `trainer_type`, `trainer_spell`, `trainer_class`, `trainer_race`, `minrangedmg`, `maxrangedmg`, `rangedattackpower`, `type`, `type_flags`, `lootid`, `pickpocketloot`, `skinloot`, `resistance1`, `resistance2`, `resistance3`, `resistance4`, `resistance5`, `resistance6`, `spell1`, `spell2`, `spell3`, `spell4`, `spell5`, `spell6`, `spell7`, `spell8`, `PetSpellDataId`, `VehicleId`, `mingold`, `maxgold`, `AIName`, `MovementType`, `InhabitType`, `Health_mod`, `Mana_mod`, `RacialLeader`, `questItem1`, `questItem2`, `questItem3`, `questItem4`, `questItem5`, `questItem6`, `movementId`, `RegenHealth`, `equipment_id`, `mechanic_immune_mask`, `flags_extra`, `ScriptName`) VALUES (40078, 0, 0, 0, 0, 0, 21576, 0, 21576, 0, 'Lacrimatum', 'Warlock Trainer', '', 0, 83, 83, 0, 35, 35, 49, 1, 2, 400, 500, 0, 200, 100, 1500, 1500, 1, 2, 0, 0, 0, 0, 9, 0, 450, 500, 200, 7, 2, 0, 0, 0, 0, 0, 0, 0, 0, 0, 0, 0, 0, 0, 0, 0, 0, 0, 0, 0, 1000, 1000, '', 0, 3, 100, 120, 0, 0, 0, 0, 0, 0, 0, 0, 1, 2050, 0, 2, '');

DELETE FROM `npc_trainer` WHERE (`entry`=40078);
INSERT INTO `npc_trainer` (entry, spell, spellcost, reqskill, reqskillvalue, reqlevel) VALUES 
(40078, 126, 2500, 0, 0, 22),
(40078, 132, 4000, 0, 0, 26),
(40078, 172, 100, 0, 0, 4),
(40078, 348, 10, 0, 0, 0),
(40078, 603, 26000, 0, 0, 60),
(40078, 688, 100, 0, 0, 4),
(40078, 689, 900, 0, 0, 14),
(40078, 691, 3000, 0, 0, 30),
(40078, 693, 1500, 0, 0, 18),
(40078, 695, 100, 0, 0, 6),
(40078, 696, 300, 0, 0, 10),
(40078, 697, 1000, 0, 0, 10),
(40078, 698, 2000, 0, 0, 20),
(40078, 699, 2500, 0, 0, 22),
(40078, 702, 100, 0, 0, 4),
(40078, 705, 600, 0, 0, 12),
(40078, 706, 2000, 0, 0, 20),
(40078, 707, 300, 0, 0, 10),
(40078, 709, 6000, 0, 0, 30),
(40078, 710, 5000, 0, 0, 28),
(40078, 712, 2000, 0, 0, 20),
(40078, 755, 600, 0, 0, 12),
(40078, 980, 200, 0, 0, 8),
(40078, 1014, 1500, 0, 0, 18),
(40078, 1086, 6000, 0, 0, 30),
(40078, 1088, 2000, 0, 0, 20),
(40078, 1094, 2000, 0, 0, 20),
(40078, 1098, 6000, 0, 0, 30),
(40078, 1106, 5000, 0, 0, 28),
(40078, 1108, 600, 0, 0, 12),
(40078, 1120, 300, 0, 0, 10),
(40078, 1122, 5000, 0, 0, 50),
(40078, 1454, 100, 0, 0, 6),
(40078, 1455, 1200, 0, 0, 16),
(40078, 1456, 4000, 0, 0, 26),
(40078, 1490, 7000, 0, 0, 32),
(40078, 1710, 3500, 0, 0, 20),
(40078, 1714, 4000, 0, 0, 26),
(40078, 1949, 6000, 0, 0, 30),
(40078, 2362, 9000, 0, 0, 36),
(40078, 2941, 6000, 0, 0, 30),
(40078, 3698, 2000, 0, 0, 20),
(40078, 3699, 5000, 0, 0, 28),
(40078, 3700, 9000, 0, 0, 36),
(40078, 5138, 3000, 0, 0, 24),
(40078, 5484, 11000, 0, 0, 40),
(40078, 5500, 3000, 0, 0, 24),
(40078, 5676, 1500, 0, 0, 18),
(40078, 5697, 1200, 0, 0, 16),
(40078, 5699, 8000, 0, 0, 34),
(40078, 5740, 2000, 0, 0, 20),
(40078, 5782, 200, 0, 0, 8),
(40078, 6201, 300, 0, 0, 10),
(40078, 6202, 2500, 0, 0, 22),
(40078, 6205, 2500, 0, 0, 22),
(40078, 6213, 7000, 0, 0, 32),
(40078, 6215, 22000, 0, 0, 56),
(40078, 6217, 5000, 0, 0, 28),
(40078, 6219, 8000, 0, 0, 34),
(40078, 6222, 900, 0, 0, 14),
(40078, 6223, 3000, 0, 0, 24),
(40078, 6229, 7000, 0, 0, 32),
(40078, 6353, 14000, 0, 0, 48),
(40078, 6366, 5000, 0, 0, 28),
(40078, 6789, 11000, 0, 0, 42),
(40078, 7641, 9000, 0, 0, 36),
(40078, 7646, 7000, 0, 0, 32),
(40078, 7648, 8000, 0, 0, 34),
(40078, 7651, 10000, 0, 0, 38),
(40078, 8288, 3000, 0, 0, 24),
(40078, 8289, 10000, 0, 0, 38),
(40078, 11659, 12000, 0, 0, 44),
(40078, 11660, 18000, 0, 0, 52),
(40078, 11661, 26000, 0, 0, 60),
(40078, 11665, 11000, 0, 0, 40),
(40078, 11667, 15000, 0, 0, 50),
(40078, 11668, 26000, 0, 0, 60),
(40078, 11671, 12000, 0, 0, 44),
(40078, 11672, 20000, 0, 0, 54),
(40078, 11675, 18000, 0, 0, 52),
(40078, 11677, 13000, 0, 0, 46),
(40078, 11678, 24000, 0, 0, 58),
(40078, 11683, 11000, 0, 0, 42),
(40078, 11684, 20000, 0, 0, 54),
(40078, 11687, 8100, 0, 0, 36),
(40078, 11688, 11700, 0, 0, 46),
(40078, 11689, 19800, 0, 0, 56),
(40078, 11693, 12000, 0, 0, 44),
(40078, 11694, 18000, 0, 0, 52),
(40078, 11695, 26000, 0, 0, 60),
(40078, 11699, 13000, 0, 0, 46),
(40078, 11700, 20000, 0, 0, 54),
(40078, 11707, 11000, 0, 0, 42),
(40078, 11708, 18000, 0, 0, 52),
(40078, 11711, 10000, 0, 0, 38),
(40078, 11712, 14000, 0, 0, 48),
(40078, 11713, 24000, 0, 0, 58),
(40078, 11719, 15000, 0, 0, 50),
(40078, 11721, 13000, 0, 0, 46),
(40078, 11722, 26000, 0, 0, 60),
(40078, 11725, 12000, 0, 0, 44),
(40078, 11726, 24000, 0, 0, 58),
(40078, 11729, 13000, 0, 0, 46),
(40078, 11730, 24000, 0, 0, 58),
(40078, 11733, 11000, 0, 0, 40),
(40078, 11734, 15000, 0, 0, 50),
(40078, 11735, 26000, 0, 0, 60),
(40078, 11739, 11000, 0, 0, 42),
(40078, 11740, 18000, 0, 0, 52),
(40078, 17727, 14000, 0, 0, 48),
(40078, 17728, 26000, 0, 0, 60),
(40078, 17919, 4000, 0, 0, 26),
(40078, 17920, 8000, 0, 0, 34),
(40078, 17921, 11000, 0, 0, 42),
(40078, 17922, 15000, 0, 0, 50),
(40078, 17923, 24000, 0, 0, 58),
(40078, 17924, 22000, 0, 0, 56),
(40078, 17925, 15000, 0, 0, 50),
(40078, 17926, 24000, 0, 0, 58),
(40078, 17928, 20000, 0, 0, 54),
(40078, 17951, 9000, 0, 0, 36),
(40078, 17952, 13000, 0, 0, 46),
(40078, 17953, 22000, 0, 0, 56),
(40078, 18540, 5000, 0, 0, 50),
(40078, 18647, 14000, 0, 0, 48),
(40078, 18867, 150, 0, 0, 24),
(40078, 18868, 350, 0, 0, 32),
(40078, 18869, 550, 0, 0, 40),
(40078, 18870, 700, 0, 0, 48),
(40078, 18871, 1100, 0, 0, 56),
(40078, 18937, 750, 0, 0, 50),
(40078, 18938, 1300, 0, 0, 60),
(40078, 20752, 6000, 0, 0, 30),
(40078, 20755, 11000, 0, 0, 40),
(40078, 20756, 15000, 0, 0, 50),
(40078, 20757, 26000, 0, 0, 60),
(40078, 23161, 200000, 0, 150, 40),
(40078, 25307, 26000, 0, 0, 62),
(40078, 25309, 26000, 0, 0, 60),
(40078, 25311, 26000, 0, 0, 60),
(40078, 27209, 70000, 0, 0, 69),
(40078, 27210, 46000, 0, 0, 65),
(40078, 27211, 42000, 0, 0, 64),
(40078, 27212, 70000, 0, 0, 69),
(40078, 27213, 63000, 0, 0, 68),
(40078, 27215, 70000, 0, 0, 69),
(40078, 27216, 46000, 0, 0, 65),
(40078, 27217, 57000, 0, 0, 67),
(40078, 27218, 57000, 0, 0, 67),
(40078, 27219, 30000, 0, 0, 62),
(40078, 27220, 70000, 0, 0, 69),
(40078, 27222, 56700, 0, 0, 68),
(40078, 27223, 63000, 0, 0, 68),
(40078, 27224, 30000, 0, 0, 61),
(40078, 27228, 70000, 0, 0, 69),
(40078, 27230, 63000, 0, 0, 68),
(40078, 27238, 78000, 0, 0, 70),
(40078, 27243, 78000, 0, 0, 70),
(40078, 27250, 51000, 0, 0, 66),
(40078, 27259, 57000, 0, 0, 67),
(40078, 27260, 78000, 0, 0, 70),
(40078, 27263, 1300, 0, 0, 63),
(40078, 27265, 1300, 0, 0, 70),
(40078, 28172, 51000, 0, 0, 66),
(40078, 28176, 34000, 0, 0, 62),
(40078, 28189, 70000, 0, 0, 69),
(40078, 28610, 34000, 0, 0, 60),
(40078, 29722, 42000, 0, 0, 64),
(40078, 29858, 51000, 0, 0, 66),
(40078, 29893, 63000, 0, 0, 68),
(40078, 30404, 2500, 0, 0, 60),
(40078, 30405, 2500, 0, 0, 70),
(40078, 30413, 2500, 0, 0, 60),
(40078, 30414, 2500, 0, 0, 70),
(40078, 30459, 78000, 0, 0, 70),
(40078, 30545, 78000, 0, 0, 70),
(40078, 30546, 3900, 0, 0, 70),
(40078, 30909, 70000, 0, 0, 69),
(40078, 30910, 78000, 0, 0, 70),
(40078, 32231, 78000, 0, 0, 70),
(40078, 47793, 160000, 0, 0, 76),
(40078, 47808, 160000, 0, 0, 74),
(40078, 47809, 160000, 0, 0, 79),
(40078, 47810, 160000, 0, 0, 75),
(40078, 47811, 160000, 0, 0, 80),
(40078, 47812, 160000, 0, 0, 71),
(40078, 47813, 160000, 0, 0, 77),
(40078, 47814, 160000, 0, 0, 74),
(40078, 47815, 160000, 0, 0, 79),
(40078, 47819, 160000, 0, 0, 72),
(40078, 47820, 160000, 0, 0, 79),
(40078, 47823, 160000, 0, 0, 78),
(40078, 47824, 160000, 0, 0, 75),
(40078, 47825, 160000, 0, 0, 80),
(40078, 47826, 8000, 0, 0, 75),
(40078, 47827, 8000, 0, 0, 80),
(40078, 47835, 160000, 0, 0, 75),
(40078, 47836, 160000, 0, 0, 80),
(40078, 47837, 100000, 0, 0, 74),
(40078, 47838, 100000, 0, 0, 80),
(40078, 47841, 8000, 0, 0, 75),
(40078, 47843, 8000, 0, 0, 80),
(40078, 47846, 8000, 0, 0, 75),
(40078, 47847, 8000, 0, 0, 80),
(40078, 47855, 160000, 0, 0, 77),
(40078, 47856, 160000, 0, 0, 76),
(40078, 47857, 160000, 0, 0, 78),
(40078, 47859, 160000, 0, 0, 73),
(40078, 47860, 160000, 0, 0, 78),
(40078, 47863, 160000, 0, 0, 73),
(40078, 47864, 160000, 0, 0, 79),
(40078, 47865, 160000, 0, 0, 78),
(40078, 47867, 160000, 0, 0, 80),
(40078, 47871, 160000, 0, 0, 73),
(40078, 47878, 160000, 0, 0, 79),
(40078, 47884, 160000, 0, 0, 76),
(40078, 47886, 160000, 0, 0, 72),
(40078, 47888, 160000, 0, 0, 78),
(40078, 47889, 160000, 0, 0, 80),
(40078, 47890, 160000, 0, 0, 72),
(40078, 47891, 160000, 0, 0, 78),
(40078, 47892, 160000, 0, 0, 74),
(40078, 47893, 160000, 0, 0, 79),
(40078, 47897, 10000, 0, 0, 75),
(40078, 48018, 160000, 0, 0, 80),
(40078, 48020, 160000, 0, 0, 80),
(40078, 50511, 160000, 0, 0, 71),
(40078, 50589, 5000, 0, 0, 50),
(40078, 54785, 5000, 0, 0, 50),
(40078, 57946, 160000, 0, 0, 80),
(40078, 58887, 160000, 0, 0, 80),
(40078, 59092, 160000, 0, 0, 80),
(40078, 59161, 2500, 0, 0, 70),
(40078, 59163, 8000, 0, 0, 75),
(40078, 59164, 8000, 0, 0, 80),
(40078, 59170, 2500, 0, 0, 70),
(40078, 59171, 8000, 0, 0, 75),
(40078, 59172, 8000, 0, 0, 80),
(40078, 59671, 5000, 0, 0, 50),
(40078, 60219, 160000, 0, 0, 74),
(40078, 60220, 160000, 0, 0, 80),
(40078, 61191, 70000, 0, 0, 72),
(40078, 61290, 10000, 0, 0, 80);

REPLACE INTO `creature_template` (`entry`, `difficulty_entry_1`, `difficulty_entry_2`, `difficulty_entry_3`, `KillCredit1`, `KillCredit2`, `modelid1`, `modelid2`, `modelid3`, `modelid4`, `name`, `subname`, `IconName`, `gossip_menu_id`, `minlevel`, `maxlevel`, `exp`, `faction_A`, `faction_H`, `npcflag`, `scale`, `rank`, `mindmg`, `maxdmg`, `dmgschool`, `attackpower`, `dmg_multiplier`, `baseattacktime`, `rangeattacktime`, `unit_class`, `unit_flags`, `dynamicflags`, `family`, `trainer_type`, `trainer_spell`, `trainer_class`, `trainer_race`, `minrangedmg`, `maxrangedmg`, `rangedattackpower`, `type`, `type_flags`, `lootid`, `pickpocketloot`, `skinloot`, `resistance1`, `resistance2`, `resistance3`, `resistance4`, `resistance5`, `resistance6`, `spell1`, `spell2`, `spell3`, `spell4`, `spell5`, `spell6`, `spell7`, `spell8`, `PetSpellDataId`, `VehicleId`, `mingold`, `maxgold`, `AIName`, `MovementType`, `InhabitType`, `Health_mod`, `Mana_mod`, `RacialLeader`, `questItem1`, `questItem2`, `questItem3`, `questItem4`, `questItem5`, `questItem6`, `movementId`, `RegenHealth`, `equipment_id`, `mechanic_immune_mask`, `flags_extra`, `ScriptName`) VALUES (40079, 0, 0, 0, 0, 0, 24191, 0, 24191, 0, 'Lich King', 'Death Knight Trainer', '', 0, 83, 83, 0, 35, 35, 49, 1, 2, 4500, 5000, 0, 200, 1000, 1500, 1500, 1, 2, 0, 0, 0, 0, 6, 0, 200, 500, 200, 7, 2, 0, 0, 0, 0, 0, 0, 0, 0, 0, 0, 0, 0, 0, 0, 0, 0, 0, 0, 0, 1000, 1000, '', 0, 3, 100, 0, 0, 0, 0, 0, 0, 0, 0, 0, 1, 0, 0, 2, '');

DELETE FROM `npc_trainer` WHERE (`entry`=40079);
INSERT INTO `npc_trainer` (entry, spell, spellcost, reqskill, reqskillvalue, reqlevel) VALUES 
(40079, 53431, 61000, 0, 0, 61),  -- гравирование
(40079, 50977, 61000, 0, 0, 61), -- врата смерти
(40079, 53428, 61000, 0, 0, 61),
(40079, 3714, 61000, 0, 0, 61),
(40079, 42650, 360000, 0, 0, 80),
(40079, 43265, 6000, 0, 0, 60),
(40079, 45463, 63000, 0, 0, 70),
(40079, 45524, 5800, 0, 0, 58),
(40079, 45529, 64000, 0, 0, 64),
(40079, 46584, 5600, 0, 0, 56),
(40079, 47476, 5900, 0, 0, 59),
(40079, 47528, 5700, 0, 0, 57),
(40079, 47568, 360000, 0, 0, 75),
(40079, 48263, 5700, 0, 0, 57),
(40079, 48265, 360000, 0, 0, 70),
(40079, 48707, 68000, 0, 0, 68),
(40079, 48721, 5800, 0, 0, 58),
(40079, 48743, 66000, 0, 0, 66),
(40079, 48778, 200000, 0, 0, 72),
(40079, 48792, 62000, 0, 0, 62),
(40079, 49020, 61000, 0, 0, 61),
(40079, 49892, 59000, 0, 0, 62),
(40079, 49893, 68000, 0, 0, 68),
(40079, 49894, 360000, 0, 0, 76),
(40079, 49895, 360000, 0, 0, 80),
(40079, 49896, 61000, 0, 0, 61),
(40079, 49903, 67000, 0, 0, 67),
(40079, 49904, 360000, 0, 0, 73),
(40079, 49909, 360000, 0, 0, 78),
(40079, 49913, 65000, 0, 0, 65),
(40079, 49914, 69000, 0, 0, 69),
(40079, 49915, 360000, 0, 0, 74),
(40079, 49916, 360000, 0, 0, 79),
(40079, 49917, 5800, 0, 0, 60),
(40079, 49918, 65000, 0, 0, 65),
(40079, 49919, 360000, 0, 0, 70),
(40079, 49920, 360000, 0, 0, 75),
(40079, 49921, 360000, 0, 0, 80),
(40079, 49923, 360000, 0, 0, 75),
(40079, 49924, 360000, 0, 0, 80),
(40079, 49926, 5900, 0, 0, 59),
(40079, 49927, 64000, 0, 0, 64),
(40079, 49928, 69000, 0, 0, 69),
(40079, 49929, 360000, 0, 0, 74),
(40079, 49930, 360000, 0, 0, 80),
(40079, 49936, 68000, 0, 0, 67),
(40079, 49937, 360000, 0, 0, 73),
(40079, 49938, 360000, 0, 0, 80),
(40079, 49939, 66000, 0, 0, 66),
(40079, 49940, 360000, 0, 0, 72),
(40079, 49941, 360000, 0, 0, 78),
(40079, 49998, 5600, 0, 0, 56),
(40079, 49999, 65000, 0, 0, 63),
(40079, 50842, 5600, 0, 0, 56),
(40079, 51325, 6000, 0, 0, 60),
(40079, 51326, 18000, 0, 0, 70),
(40079, 51327, 18000, 0, 0, 75),
(40079, 51328, 18000, 0, 0, 80),
(40079, 51409, 6500, 0, 0, 70),
(40079, 51410, 10000, 0, 0, 75),
(40079, 51411, 10000, 0, 0, 80),
(40079, 51416, 6200, 0, 0, 60),
(40079, 51417, 3250, 0, 0, 65),
(40079, 51418, 18000, 0, 0, 70),
(40079, 51419, 18000, 0, 0, 75),
(40079, 51423, 67000, 0, 0, 67),
(40079, 51424, 360000, 0, 0, 73),
(40079, 51425, 360000, 0, 0, 79),
(40079, 51426, 62000, 0, 0, 62),
(40079, 51427, 68000, 0, 0, 68),
(40079, 51428, 360000, 0, 0, 74),
(40079, 51429, 360000, 0, 0, 79),
(40079, 53323, 63000, 0, 0, 40),
(40079, 53331, 6000, 0, 0, 40),
(40079, 53341, 55000, 0, 0, 40),
(40079, 53342, 5700, 0, 0, 40),
(40079, 53343, 55000, 0, 0, 40),
(40079, 53344, 360000, 0, 0, 40),
(40079, 54446, 63000, 0, 0, 40),
(40079, 54447, 5700, 0, 0, 40),
(40079, 55258, 5900, 0, 0, 59),
(40079, 55259, 3200, 0, 0, 64),
(40079, 55260, 3450, 0, 0, 69),
(40079, 55261, 18000, 0, 0, 74),
(40079, 55262, 18000, 0, 0, 80),
(40079, 55265, 18000, 0, 0, 67),
(40079, 55268, 18000, 0, 0, 80),
(40079, 55270, 18000, 0, 0, 73),
(40079, 55271, 18000, 0, 0, 79),
(40079, 56222, 65000, 0, 0, 65),
(40079, 56815, 67000, 0, 0, 67),
(40079, 57330, 65000, 0, 0, 65),
(40079, 57623, 360000, 0, 0, 75),
(40079, 61999, 360000, 0, 0, 72),
(40079, 62158, 360000, 0, 0, 72);

REPLACE INTO `creature_template` (`entry`, `difficulty_entry_1`, `difficulty_entry_2`, `difficulty_entry_3`, `KillCredit1`, `KillCredit2`, `modelid1`, `modelid2`, `modelid3`, `modelid4`, `name`, `subname`, `IconName`, `gossip_menu_id`, `minlevel`, `maxlevel`, `exp`, `faction_A`, `faction_H`, `npcflag`, `scale`, `rank`, `mindmg`, `maxdmg`, `dmgschool`, `attackpower`, `dmg_multiplier`, `baseattacktime`, `rangeattacktime`, `unit_class`, `unit_flags`, `dynamicflags`, `family`, `trainer_type`, `trainer_spell`, `trainer_class`, `trainer_race`, `minrangedmg`, `maxrangedmg`, `rangedattackpower`, `type`, `type_flags`, `lootid`, `pickpocketloot`, `skinloot`, `resistance1`, `resistance2`, `resistance3`, `resistance4`, `resistance5`, `resistance6`, `spell1`, `spell2`, `spell3`, `spell4`, `spell5`, `spell6`, `spell7`, `spell8`, `PetSpellDataId`, `VehicleId`, `mingold`, `maxgold`, `AIName`, `MovementType`, `InhabitType`, `Health_mod`, `Mana_mod`, `RacialLeader`, `questItem1`, `questItem2`, `questItem3`, `questItem4`, `questItem5`, `questItem6`, `movementId`, `RegenHealth`, `equipment_id`, `mechanic_immune_mask`, `flags_extra`, `ScriptName`) VALUES (40010, 0, 0, 0, 0, 0, 28220, 0, 28220, 0, 'Demolisher', 'Flying Trainer', '', 0, 83, 83, 0, 35, 35, 81, 1, 2, 700, 900, 0, 2000, 100, 1500, 1500, 8, 2, 0, 0, 1, 0, 0, 0, 1500, 2000, 2000, 7, 2, 0, 0, 0, 0, 0, 0, 0, 0, 0, 0, 0, 0, 0, 0, 0, 0, 0, 0, 0, 0, 0, '', 0, 3, 100, 51, 0, 0, 0, 0, 0, 0, 0, 0, 1, 0, 0, 0, '');

DELETE FROM `npc_trainer` WHERE (`entry`=40010);
INSERT INTO `npc_trainer` (entry, spell, spellcost, reqskill, reqskillvalue, reqlevel) VALUES 
(40010, 33389, 40000, 0, 0, 20),
(40010, 33392, 500000, 762, 75, 40),
(40010, 34092, 2500000, 762, 150, 60),
(40010, 34093, 50000000, 762, 225, 70),
(40010, 54197, 10000000, 762, 225, 77);

REPLACE INTO `creature_template` (`entry`, `difficulty_entry_1`, `difficulty_entry_2`, `difficulty_entry_3`, `KillCredit1`, `KillCredit2`, `modelid1`, `modelid2`, `modelid3`, `modelid4`, `name`, `subname`, `IconName`, `gossip_menu_id`, `minlevel`, `maxlevel`, `exp`, `faction_A`, `faction_H`, `npcflag`, `scale`, `rank`, `mindmg`, `maxdmg`, `dmgschool`, `attackpower`, `dmg_multiplier`, `baseattacktime`, `rangeattacktime`, `unit_class`, `unit_flags`, `dynamicflags`, `family`, `trainer_type`, `trainer_spell`, `trainer_class`, `trainer_race`, `minrangedmg`, `maxrangedmg`, `rangedattackpower`, `type`, `type_flags`, `lootid`, `pickpocketloot`, `skinloot`, `resistance1`, `resistance2`, `resistance3`, `resistance4`, `resistance5`, `resistance6`, `spell1`, `spell2`, `spell3`, `spell4`, `spell5`, `spell6`, `spell7`, `spell8`, `PetSpellDataId`, `VehicleId`, `mingold`, `maxgold`, `AIName`, `MovementType`, `InhabitType`, `Health_mod`, `Mana_mod`, `RacialLeader`, `questItem1`, `questItem2`, `questItem3`, `questItem4`, `questItem5`, `questItem6`, `movementId`, `RegenHealth`, `equipment_id`, `mechanic_immune_mask`, `flags_extra`, `ScriptName`) VALUES (12704, 0, 0, 0, 0, 0, 11081, 0, 11081, 0, 'Hanashi Luntark', 'Weapon Master', '', 0, 80, 80, 0, 35, 35, 81, 1, 0, 851, 1121, 0, 2061, 1, 2000, 0, 1, 2, 0, 0, 2, 0, 0, 0, 58, 86, 20, 7, 2, 0, 0, 0, 0, 0, 0, 0, 0, 0, 0, 0, 0, 0, 0, 0, 0, 0, 0, 0, 1000, 1000, '', 0, 3, 70, 1, 0, 0, 0, 0, 0, 0, 0, 0, 1, 1320, 0, 2, '');

DELETE FROM `npc_trainer` WHERE (`entry`=12704);
INSERT INTO `npc_trainer` (entry, spell, spellcost, reqskill, reqskillvalue, reqlevel) VALUES 
(12704, 196, 1000, 0, 0, 0),
(12704, 197, 1000, 0, 0, 0),
(12704, 198, 1000, 0, 0, 0),
(12704, 199, 1000, 0, 0, 0),
(12704, 200, 1000, 0, 0, 20),
(12704, 201, 1000, 0, 0, 0),
(12704, 202, 1000, 0, 0, 0),
(12704, 227, 1000, 0, 0, 0),
(12704, 264, 1000, 0, 0, 0),
(12704, 266, 1000, 0, 0, 0),
(12704, 1180, 1000, 0, 0, 0),
(12704, 2567, 1000, 0, 0, 0),
(12704, 5011, 1000, 0, 0, 0),
(12704, 15590, 1000, 0, 0, 0),
(12704, 63680, 0, 0, 0, 0);







DELETE FROM `creature` WHERE `id`=40070;
INSERT INTO `creature` (`guid`,`id`,`map`,`spawnMask`,`phaseMask`,`modelid`,`equipment_id`,`position_x`,`position_y`,`position_z`,`orientation`,`spawntimesecs`,`spawndist`,`currentwaypoint`,`curhealth`,`curmana`,`MovementType`) VALUES
(204302, 40070, 0, 1, 1, 0, 2026, -8893, 561.573, 92.8915, 2.19847, 300, 0, 0, 46460, 21290, 0),
(9337690, 40070, 1, 1, 1, 0, 2026, 1421.93, -4356.06, 25.4629, 4.89668, 300, 0, 0, 46460, 21290, 0);

DELETE FROM `creature` WHERE `id`=40071;
INSERT INTO `creature` (`guid`,`id`,`map`,`spawnMask`,`phaseMask`,`modelid`,`equipment_id`,`position_x`,`position_y`,`position_z`,`orientation`,`spawntimesecs`,`spawndist`,`currentwaypoint`,`curhealth`,`curmana`,`MovementType`) VALUES
(201204, 40071, 0, 1, 1, 0, 4493, -8895.74, 559.463, 93.0128, 2.27908, 300, 0, 0, 46460, 21290, 0),
(9337693, 40071, 1, 1, 1, 0, 4493, 1428.85, -4355.53, 25.4629, 4.75999, 300, 0, 0, 46460, 21290, 0);

DELETE FROM `creature` WHERE `id`=40072;
INSERT INTO `creature` (`guid`,`id`,`map`,`spawnMask`,`phaseMask`,`modelid`,`equipment_id`,`position_x`,`position_y`,`position_z`,`orientation`,`spawntimesecs`,`spawndist`,`currentwaypoint`,`curhealth`,`curmana`,`MovementType`) VALUES
(201205, 40072, 0, 1, 1, 0, 0, -8898.53, 557.201, 93.2434, 2.22803, 300, 0, 0, 46460, 21290, 0),
(9337689, 40072, 1, 1, 1, 0, 3934, 1425.31, -4355.79, 25.4629, 4.87028, 300, 0, 0, 46460, 212900, 0);

DELETE FROM `creature` WHERE `id`=40073;
INSERT INTO `creature` (`guid`,`id`,`map`,`spawnMask`,`phaseMask`,`modelid`,`equipment_id`,`position_x`,`position_y`,`position_z`,`orientation`,`spawntimesecs`,`spawndist`,`currentwaypoint`,`curhealth`,`curmana`,`MovementType`) VALUES
(201365, 40073, 1, 1, 1, 0, 4493, 1430.92, -4355.66, 25.4627, 4.61947, 300, 0, 0, 58080, 0, 0),
(201206, 40073, 0, 1, 1, 0, 4493, -8901.79, 554.804, 93.471, 2.26337, 300, 0, 0, 58080, 0, 0);

DELETE FROM `creature` WHERE `id`=40074;
INSERT INTO `creature` (`guid`,`id`,`map`,`spawnMask`,`phaseMask`,`modelid`,`equipment_id`,`position_x`,`position_y`,`position_z`,`orientation`,`spawntimesecs`,`spawndist`,`currentwaypoint`,`curhealth`,`curmana`,`MovementType`) VALUES
(204305, 40074, 1, 1, 1, 18595, 4321, 1432.81, -4355.49, 25.4624, 4.71667, 300, 0, 0, 58080, 0, 0),
(204299, 40074, 0, 1, 1, 0, 4321, -8903.78, 553.214, 93.6497, 2.40424, 300, 0, 0, 58080, 0, 0);

DELETE FROM `creature` WHERE `id`=40075;
INSERT INTO `creature` (`guid`,`id`,`map`,`spawnMask`,`phaseMask`,`modelid`,`equipment_id`,`position_x`,`position_y`,`position_z`,`orientation`,`spawntimesecs`,`spawndist`,`currentwaypoint`,`curhealth`,`curmana`,`MovementType`) VALUES
(204306, 40075, 1, 1, 1, 0, 3245, 1435.85, -4355.5, 25.4624, 4.65384, 300, 0, 0, 58080, 0, 0),
(204300, 40075, 0, 1, 1, 0, 3245, -8906.32, 551.087, 93.8911, 2.20396, 300, 0, 0, 58080, 0, 0);

DELETE FROM `creature` WHERE `id`=40076;
INSERT INTO `creature` (`guid`,`id`,`map`,`spawnMask`,`phaseMask`,`modelid`,`equipment_id`,`position_x`,`position_y`,`position_z`,`orientation`,`spawntimesecs`,`spawndist`,`currentwaypoint`,`curhealth`,`curmana`,`MovementType`) VALUES
(201467, 40076, 1, 1, 1, 0, 4321, 1439.1, -4356.47, 25.4626, 3.91162, 300, 0, 0, 58080, 0, 0),
(201245, 40076, 0, 1, 1, 0, 4321, -8908.93, 548.799, 94.1543, 2.32651, 300, 0, 0, 58080, 0, 0);

DELETE FROM `creature` WHERE `id`=40077;
INSERT INTO `creature` (`guid`,`id`,`map`,`spawnMask`,`phaseMask`,`modelid`,`equipment_id`,`position_x`,`position_y`,`position_z`,`orientation`,`spawntimesecs`,`spawndist`,`currentwaypoint`,`curhealth`,`curmana`,`MovementType`) VALUES
(204308, 40077, 1, 1, 1, 0, 2033, 1440.63, -4358.68, 25.4624, 3.34222, 300, 0, 0, 580800, 0, 0),
(204303, 40077, 0, 1, 1, 0, 2033, -8910.99, 547.083, 94.2951, 2.22124, 300, 0, 0, 580800, 0, 0);

DELETE FROM `creature` WHERE `id`=40078;
INSERT INTO `creature` (`guid`,`id`,`map`,`spawnMask`,`phaseMask`,`modelid`,`equipment_id`,`position_x`,`position_y`,`position_z`,`orientation`,`spawntimesecs`,`spawndist`,`currentwaypoint`,`curhealth`,`curmana`,`MovementType`) VALUES
(204310, 40078, 1, 1, 1, 20561, 2050, 1440.75, -4361.67, 25.4624, 3.22833, 300, 0, 0, 580800, 0, 0),
(204301, 40078, 0, 1, 1, 0, 2050, -8913.67, 545.036, 94.4015, 2.28643, 300, 0, 0, 580800, 0, 0);

DELETE FROM `creature` WHERE `id`=40079;
INSERT INTO `creature` (`guid`,`id`,`map`,`spawnMask`,`phaseMask`,`modelid`,`equipment_id`,`position_x`,`position_y`,`position_z`,`orientation`,`spawntimesecs`,`spawndist`,`currentwaypoint`,`curhealth`,`curmana`,`MovementType`) VALUES
(204309, 40079, 1, 1, 1, 0, 0, 1441.15, -4364.32, 25.4624, 3.27939, 300, 0, 0, 580800, 0, 0),
(201213, 40079, 0, 1, 1, 0, 0, -8915.59, 543.354, 94.5188, 2.21309, 300, 0, 0, 58080, 0, 0);

DELETE FROM `creature` WHERE `id`=40010;
INSERT INTO `creature` (`guid`,`id`,`map`,`spawnMask`,`phaseMask`,`modelid`,`equipment_id`,`position_x`,`position_y`,`position_z`,`orientation`,`spawntimesecs`,`spawndist`,`currentwaypoint`,`curhealth`,`curmana`,`MovementType`) VALUES
(201255, 40010, 0, 1, 1, 0, 0, -8918.31, 541.199, 94.6074, 2.33229, 300, 0, 0, 409000, 475575, 0),
(201403, 40010, 1, 1, 1, 0, 0, 1441.36, -4367.8, 25.4627, 3.28562, 300, 0, 0, 409000, 475575, 0);

DELETE FROM `creature` WHERE `id`=12704;
INSERT INTO `creature` (`guid`,`id`,`map`,`spawnMask`,`phaseMask`,`modelid`,`equipment_id`,`position_x`,`position_y`,`position_z`,`orientation`,`spawntimesecs`,`spawndist`,`currentwaypoint`,`curhealth`,`curmana`,`MovementType`) VALUES
(201256, 12704, 0, 1, 1, 0, 836, -8919.77, 539.192, 94.6958, 3.11375, 300, 0, 0, 37394, 0, 0),
(201405, 12704, 1, 1, 1, 0, 836, 1438.36, -4371.82, 25.4627, 3.24791, 300, 0, 0, 37394, 0, 0);
