/* H
 пал 23128
 маг 5882
 шам 3344
 жрец 6014
 воин 3353
 хант 3406
 рога 3327
 друль 3034
 лок 3324
 дк 28471
   A
 пал 5491
 маг 5498
 шам 20407
 прист 5484
 вар 5479
 хант 5517
 рога 918
 дру 5506
 лок 5496
 дк 28471
*/
/*
UPDATE `creature_template` 
SET `faction_A` = 35
AND `faction_H` = 35
WHERE `entry` IN  (23128, 5882, 3344, 6014, 3353, 3406, 3327, 3034, 3324, 28471);

UPDATE `creature_template` 
SET `faction_A` = 35
AND `faction_H` = 35
WHERE `entry` IN  (5491, 5498, 20407, 5484, 5479, 5517, 918, 5506, 5496, 28471);

UPDATE `creature_template` 
SET `mindmg` = 1000
AND `maxdmg` = 3000
AND `attackpower` = 2000
AND `Health_mod` = 1000
AND `RegenHealth` = 1000
AND `Mana_mod` = 1000
WHERE `entry` IN  (23128, 5882, 3344, 6014, 3353, 3406, 3327, 3034, 3324, 28471, 5491, 5498, 20407, 5484, 5479, 5517, 918, 5506, 5496, 28471);
*/

INSERT IGNORE INTO `npc_trainer` (entry, spell, spellcost, reqskill, reqskillvalue, reqlevel) VALUES 
(3353, 71, 10, 0, 0, 0),
(3353, 2458, 10, 0, 0, 0),
(5479, 71, 10, 0, 0, 0),
(5479, 2458, 10, 0, 0, 0);

REPLACE INTO locales_creature VALUES ('23128', '', '', '', '', '', '', '', 'Тренер Паладинов', null, null, null, null, null, null, null, 'Тренер класса');        
REPLACE INTO locales_creature VALUES ('5882', '', '', '', '', '', '', '', 'Тренер Магов', null, null, null, null, null, null, null, 'Тренер класса');        
REPLACE INTO locales_creature VALUES ('3344', '', '', '', '', '', '', '', 'Тренер Шаманов', null, null, null, null, null, null, null, 'Тренер класса');        
REPLACE INTO locales_creature VALUES ('6014', '', '', '', '', '', '', '', 'Тренер Жрецов', null, null, null, null, null, null, null, 'Тренер класса');        
REPLACE INTO locales_creature VALUES ('3353', '', '', '', '', '', '', '', 'Тренер Воинов', null, null, null, null, null, null, null, 'Тренер класса');        
REPLACE INTO locales_creature VALUES ('3406', '', '', '', '', '', '', '', 'Тренер Охотников', null, null, null, null, null, null, null, 'Тренер класса');        
REPLACE INTO locales_creature VALUES ('3327', '', '', '', '', '', '', '', 'Тренер Разбойников', null, null, null, null, null, null, null, 'Тренер класса');        
REPLACE INTO locales_creature VALUES ('3034', '', '', '', '', '', '', '', 'Тренер Друидов', null, null, null, null, null, null, null, 'Тренер класса');        
REPLACE INTO locales_creature VALUES ('3324', '', '', '', '', '', '', '', 'Тренер Чернокнижников', null, null, null, null, null, null, null, 'Тренер класса');        
REPLACE INTO locales_creature VALUES ('28471', '', '', '', '', '', '', '', 'Тренер Рыцарей Смерти', null, null, null, null, null, null, null, 'Тренер класса');

REPLACE INTO locales_creature VALUES ('5491', '', '', '', '', '', '', '', 'Тренер Паладинов', null, null, null, null, null, null, null, 'Тренер класса');        
REPLACE INTO locales_creature VALUES ('5498', '', '', '', '', '', '', '', 'Тренер Магов', null, null, null, null, null, null, null, 'Тренер класса');        
REPLACE INTO locales_creature VALUES ('20407', '', '', '', '', '', '', '', 'Тренер Шаманов', null, null, null, null, null, null, null, 'Тренер класса');        
REPLACE INTO locales_creature VALUES ('5484', '', '', '', '', '', '', '', 'Тренер Жрецов', null, null, null, null, null, null, null, 'Тренер класса');        
REPLACE INTO locales_creature VALUES ('5479', '', '', '', '', '', '', '', 'Тренер Воинов', null, null, null, null, null, null, null, 'Тренер класса');        
REPLACE INTO locales_creature VALUES ('5517', '', '', '', '', '', '', '', 'Тренер Охотников', null, null, null, null, null, null, null, 'Тренер класса');        
REPLACE INTO locales_creature VALUES ('918', '', '', '', '', '', '', '', 'Тренер Разбойников', null, null, null, null, null, null, null, 'Тренер класса');        
REPLACE INTO locales_creature VALUES ('5506', '', '', '', '', '', '', '', 'Тренер Друидов', null, null, null, null, null, null, null, 'Тренер класса');        
REPLACE INTO locales_creature VALUES ('5496', '', '', '', '', '', '', '', 'Тренер Чернокнижников', null, null, null, null, null, null, null, 'Тренер класса');        
REPLACE INTO locales_creature VALUES ('28471', '', '', '', '', '', '', '', 'Тренер Рыцарей Смерти', null, null, null, null, null, null, null, 'Тренер класса');

REPLACE INTO `creature_template` (`entry`, `difficulty_entry_1`, `difficulty_entry_2`, `difficulty_entry_3`, `KillCredit1`, `KillCredit2`, `modelid1`, `modelid2`, `modelid3`, `modelid4`, `name`, `subname`, `IconName`, `gossip_menu_id`, `minlevel`, `maxlevel`, `exp`, `faction_A`, `faction_H`, `npcflag`, `scale`, `rank`, `mindmg`, `maxdmg`, `dmgschool`, `attackpower`, `dmg_multiplier`, `baseattacktime`, `rangeattacktime`, `unit_class`, `unit_flags`, `dynamicflags`, `family`, `trainer_type`, `trainer_spell`, `trainer_class`, `trainer_race`, `minrangedmg`, `maxrangedmg`, `rangedattackpower`, `type`, `type_flags`, `lootid`, `pickpocketloot`, `skinloot`, `resistance1`, `resistance2`, `resistance3`, `resistance4`, `resistance5`, `resistance6`, `spell1`, `spell2`, `spell3`, `spell4`, `spell5`, `spell6`, `spell7`, `spell8`, `PetSpellDataId`, `VehicleId`, `mingold`, `maxgold`, `AIName`, `MovementType`, `InhabitType`, `Health_mod`, `Mana_mod`, `RacialLeader`, `questItem1`, `questItem2`, `questItem3`, `questItem4`, `questItem5`, `questItem6`, `movementId`, `RegenHealth`, `mechanic_immune_mask`, `flags_extra`, `ScriptName`) VALUES (23128, 0, 0, 0, 0, 0, 30453, 0, 30453, 0, 'Lightbringer', 'Paladin Trainer', '', 0, 83, 83, 0, 35, 35, 49, 1, 2, 1000, 2000, 0, 2000, 100, 1500, 1500, 2, 2, 0, 0, 0, 0, 2, 0, 200, 500, 1000, 7, 2, 0, 0, 0, 0, 0, 0, 0, 0, 0, 0, 0, 0, 0, 0, 0, 0, 0, 0, 0, 10000, 10000, '', 0, 3, 10, 5, 0, 0, 0, 0, 0, 0, 0, 0, 1, 0, 2, '');
REPLACE INTO `creature_template` (`entry`, `difficulty_entry_1`, `difficulty_entry_2`, `difficulty_entry_3`, `KillCredit1`, `KillCredit2`, `modelid1`, `modelid2`, `modelid3`, `modelid4`, `name`, `subname`, `IconName`, `gossip_menu_id`, `minlevel`, `maxlevel`, `exp`, `faction_A`, `faction_H`, `npcflag`, `scale`, `rank`, `mindmg`, `maxdmg`, `dmgschool`, `attackpower`, `dmg_multiplier`, `baseattacktime`, `rangeattacktime`, `unit_class`, `unit_flags`, `dynamicflags`, `family`, `trainer_type`, `trainer_spell`, `trainer_class`, `trainer_race`, `minrangedmg`, `maxrangedmg`, `rangedattackpower`, `type`, `type_flags`, `lootid`, `pickpocketloot`, `skinloot`, `resistance1`, `resistance2`, `resistance3`, `resistance4`, `resistance5`, `resistance6`, `spell1`, `spell2`, `spell3`, `spell4`, `spell5`, `spell6`, `spell7`, `spell8`, `PetSpellDataId`, `VehicleId`, `mingold`, `maxgold`, `AIName`, `MovementType`, `InhabitType`, `Health_mod`, `Mana_mod`, `RacialLeader`, `questItem1`, `questItem2`, `questItem3`, `questItem4`, `questItem5`, `questItem6`, `movementId`, `RegenHealth`, `mechanic_immune_mask`, `flags_extra`, `ScriptName`) VALUES (5491, 0, 0, 0, 0, 0, 30453, 0, 30453, 0, 'Lightbringer', 'Paladin Trainer', '', 0, 83, 83, 0, 35, 35, 49, 1, 2, 1000, 2000, 0, 2000, 100, 1500, 1500, 2, 2, 0, 0, 0, 0, 2, 0, 200, 500, 1000, 7, 2, 0, 0, 0, 0, 0, 0, 0, 0, 0, 0, 0, 0, 0, 0, 0, 0, 0, 0, 0, 10000, 10000, '', 0, 3, 10, 5, 0, 0, 0, 0, 0, 0, 0, 0, 1, 0, 2, '');

REPLACE INTO `creature_template` (`entry`, `difficulty_entry_1`, `difficulty_entry_2`, `difficulty_entry_3`, `KillCredit1`, `KillCredit2`, `modelid1`, `modelid2`, `modelid3`, `modelid4`, `name`, `subname`, `IconName`, `gossip_menu_id`, `minlevel`, `maxlevel`, `exp`, `faction_A`, `faction_H`, `npcflag`, `scale`, `rank`, `mindmg`, `maxdmg`, `dmgschool`, `attackpower`, `dmg_multiplier`, `baseattacktime`, `rangeattacktime`, `unit_class`, `unit_flags`, `dynamicflags`, `family`, `trainer_type`, `trainer_spell`, `trainer_class`, `trainer_race`, `minrangedmg`, `maxrangedmg`, `rangedattackpower`, `type`, `type_flags`, `lootid`, `pickpocketloot`, `skinloot`, `resistance1`, `resistance2`, `resistance3`, `resistance4`, `resistance5`, `resistance6`, `spell1`, `spell2`, `spell3`, `spell4`, `spell5`, `spell6`, `spell7`, `spell8`, `PetSpellDataId`, `VehicleId`, `mingold`, `maxgold`, `AIName`, `MovementType`, `InhabitType`, `Health_mod`, `Mana_mod`, `RacialLeader`, `questItem1`, `questItem2`, `questItem3`, `questItem4`, `questItem5`, `questItem6`, `movementId`, `RegenHealth`, `mechanic_immune_mask`, `flags_extra`, `ScriptName`) VALUES (5882, 0, 0, 0, 0, 0, 22975, 0, 22975, 0, 'Gabriele', 'Mage Trainer', '', 0, 83, 83, 0, 35, 35, 49, 1, 2, 600, 900, 0, 1000, 100, 1500, 1500, 2, 2, 0, 0, 0, 0, 8, 0, 480, 750, 1000, 7, 2, 0, 0, 0, 0, 0, 0, 0, 0, 0, 0, 0, 0, 0, 0, 0, 0, 0, 0, 0, 10000, 10000, '', 0, 3, 10, 5, 0, 0, 0, 0, 0, 0, 0, 0, 1, 0, 2, '');
REPLACE INTO `creature_template` (`entry`, `difficulty_entry_1`, `difficulty_entry_2`, `difficulty_entry_3`, `KillCredit1`, `KillCredit2`, `modelid1`, `modelid2`, `modelid3`, `modelid4`, `name`, `subname`, `IconName`, `gossip_menu_id`, `minlevel`, `maxlevel`, `exp`, `faction_A`, `faction_H`, `npcflag`, `scale`, `rank`, `mindmg`, `maxdmg`, `dmgschool`, `attackpower`, `dmg_multiplier`, `baseattacktime`, `rangeattacktime`, `unit_class`, `unit_flags`, `dynamicflags`, `family`, `trainer_type`, `trainer_spell`, `trainer_class`, `trainer_race`, `minrangedmg`, `maxrangedmg`, `rangedattackpower`, `type`, `type_flags`, `lootid`, `pickpocketloot`, `skinloot`, `resistance1`, `resistance2`, `resistance3`, `resistance4`, `resistance5`, `resistance6`, `spell1`, `spell2`, `spell3`, `spell4`, `spell5`, `spell6`, `spell7`, `spell8`, `PetSpellDataId`, `VehicleId`, `mingold`, `maxgold`, `AIName`, `MovementType`, `InhabitType`, `Health_mod`, `Mana_mod`, `RacialLeader`, `questItem1`, `questItem2`, `questItem3`, `questItem4`, `questItem5`, `questItem6`, `movementId`, `RegenHealth`, `mechanic_immune_mask`, `flags_extra`, `ScriptName`) VALUES (5498, 0, 0, 0, 0, 0, 22975, 0, 22975, 0, 'Gabriele', 'Mage Trainer', '', 0, 83, 83, 0, 35, 35, 49, 1, 2, 600, 900, 0, 1000, 100, 1500, 1500, 2, 2, 0, 0, 0, 0, 8, 0, 480, 750, 1000, 7, 2, 0, 0, 0, 0, 0, 0, 0, 0, 0, 0, 0, 0, 0, 0, 0, 0, 0, 0, 0, 10000, 10000, '', 0, 3, 10, 5, 0, 0, 0, 0, 0, 0, 0, 0, 1, 0, 2, '');

REPLACE INTO `creature_template` (`entry`, `difficulty_entry_1`, `difficulty_entry_2`, `difficulty_entry_3`, `KillCredit1`, `KillCredit2`, `modelid1`, `modelid2`, `modelid3`, `modelid4`, `name`, `subname`, `IconName`, `gossip_menu_id`, `minlevel`, `maxlevel`, `exp`, `faction_A`, `faction_H`, `npcflag`, `scale`, `rank`, `mindmg`, `maxdmg`, `dmgschool`, `attackpower`, `dmg_multiplier`, `baseattacktime`, `rangeattacktime`, `unit_class`, `unit_flags`, `dynamicflags`, `family`, `trainer_type`, `trainer_spell`, `trainer_class`, `trainer_race`, `minrangedmg`, `maxrangedmg`, `rangedattackpower`, `type`, `type_flags`, `lootid`, `pickpocketloot`, `skinloot`, `resistance1`, `resistance2`, `resistance3`, `resistance4`, `resistance5`, `resistance6`, `spell1`, `spell2`, `spell3`, `spell4`, `spell5`, `spell6`, `spell7`, `spell8`, `PetSpellDataId`, `VehicleId`, `mingold`, `maxgold`, `AIName`, `MovementType`, `InhabitType`, `Health_mod`, `Mana_mod`, `RacialLeader`, `questItem1`, `questItem2`, `questItem3`, `questItem4`, `questItem5`, `questItem6`, `movementId`, `RegenHealth`, `mechanic_immune_mask`, `flags_extra`, `ScriptName`) VALUES (3344, 0, 0, 0, 0, 0, 17370, 0, 17370, 0, 'Thrall', 'Shaman Trainer', '', 0, 83, 83, 0, 35, 35, 49, 1, 2, 1190, 1790, 0, 0, 100, 1500, 1500, 2, 2, 0, 0, 0, 0, 7, 0, 100, 2000, 1000, 7, 2, 0, 0, 0, 0, 0, 0, 0, 0, 0, 0, 0, 0, 0, 0, 0, 0, 0, 0, 0, 10000, 10000, '', 0, 3, 10, 50, 0, 0, 0, 0, 0, 0, 0, 0, 1, 0, 2, '');
REPLACE INTO `creature_template` (`entry`, `difficulty_entry_1`, `difficulty_entry_2`, `difficulty_entry_3`, `KillCredit1`, `KillCredit2`, `modelid1`, `modelid2`, `modelid3`, `modelid4`, `name`, `subname`, `IconName`, `gossip_menu_id`, `minlevel`, `maxlevel`, `exp`, `faction_A`, `faction_H`, `npcflag`, `scale`, `rank`, `mindmg`, `maxdmg`, `dmgschool`, `attackpower`, `dmg_multiplier`, `baseattacktime`, `rangeattacktime`, `unit_class`, `unit_flags`, `dynamicflags`, `family`, `trainer_type`, `trainer_spell`, `trainer_class`, `trainer_race`, `minrangedmg`, `maxrangedmg`, `rangedattackpower`, `type`, `type_flags`, `lootid`, `pickpocketloot`, `skinloot`, `resistance1`, `resistance2`, `resistance3`, `resistance4`, `resistance5`, `resistance6`, `spell1`, `spell2`, `spell3`, `spell4`, `spell5`, `spell6`, `spell7`, `spell8`, `PetSpellDataId`, `VehicleId`, `mingold`, `maxgold`, `AIName`, `MovementType`, `InhabitType`, `Health_mod`, `Mana_mod`, `RacialLeader`, `questItem1`, `questItem2`, `questItem3`, `questItem4`, `questItem5`, `questItem6`, `movementId`, `RegenHealth`, `mechanic_immune_mask`, `flags_extra`, `ScriptName`) VALUES (20407, 0, 0, 0, 0, 0, 17370, 0, 17370, 0, 'Thrall', 'Shaman Trainer', '', 0, 83, 83, 0, 35, 35, 49, 1, 2, 1190, 1790, 0, 0, 100, 1500, 1500, 2, 2, 0, 0, 0, 0, 7, 0, 100, 2000, 1000, 7, 2, 0, 0, 0, 0, 0, 0, 0, 0, 0, 0, 0, 0, 0, 0, 0, 0, 0, 0, 0, 10000, 10000, '', 0, 3, 10, 50, 0, 0, 0, 0, 0, 0, 0, 0, 1, 0, 2, '');

REPLACE INTO `creature_template` (`entry`, `difficulty_entry_1`, `difficulty_entry_2`, `difficulty_entry_3`, `KillCredit1`, `KillCredit2`, `modelid1`, `modelid2`, `modelid3`, `modelid4`, `name`, `subname`, `IconName`, `gossip_menu_id`, `minlevel`, `maxlevel`, `exp`, `faction_A`, `faction_H`, `npcflag`, `scale`, `rank`, `mindmg`, `maxdmg`, `dmgschool`, `attackpower`, `dmg_multiplier`, `baseattacktime`, `rangeattacktime`, `unit_class`, `unit_flags`, `dynamicflags`, `family`, `trainer_type`, `trainer_spell`, `trainer_class`, `trainer_race`, `minrangedmg`, `maxrangedmg`, `rangedattackpower`, `type`, `type_flags`, `lootid`, `pickpocketloot`, `skinloot`, `resistance1`, `resistance2`, `resistance3`, `resistance4`, `resistance5`, `resistance6`, `spell1`, `spell2`, `spell3`, `spell4`, `spell5`, `spell6`, `spell7`, `spell8`, `PetSpellDataId`, `VehicleId`, `mingold`, `maxgold`, `AIName`, `MovementType`, `InhabitType`, `Health_mod`, `Mana_mod`, `RacialLeader`, `questItem1`, `questItem2`, `questItem3`, `questItem4`, `questItem5`, `questItem6`, `movementId`, `RegenHealth`, `mechanic_immune_mask`, `flags_extra`, `ScriptName`) VALUES (6014, 0, 0, 0, 0, 0, 21567, 0, 21567, 0, 'Lady Archon', 'Priest Trainer', '', 0, 83, 83, 0, 35, 35, 49, 1, 2, 700, 800, 0, 2000, 100, 1500, 1500, 1, 2, 0, 0, 0, 0, 5, 0, 500, 600, 1500, 7, 2, 0, 0, 0, 0, 0, 0, 0, 0, 0, 0, 0, 0, 0, 0, 0, 0, 0, 0, 0, 1000, 1000, '', 0, 3, 10, 50, 0, 0, 0, 0, 0, 0, 0, 0, 1, 0, 2, '');
REPLACE INTO `creature_template` (`entry`, `difficulty_entry_1`, `difficulty_entry_2`, `difficulty_entry_3`, `KillCredit1`, `KillCredit2`, `modelid1`, `modelid2`, `modelid3`, `modelid4`, `name`, `subname`, `IconName`, `gossip_menu_id`, `minlevel`, `maxlevel`, `exp`, `faction_A`, `faction_H`, `npcflag`, `scale`, `rank`, `mindmg`, `maxdmg`, `dmgschool`, `attackpower`, `dmg_multiplier`, `baseattacktime`, `rangeattacktime`, `unit_class`, `unit_flags`, `dynamicflags`, `family`, `trainer_type`, `trainer_spell`, `trainer_class`, `trainer_race`, `minrangedmg`, `maxrangedmg`, `rangedattackpower`, `type`, `type_flags`, `lootid`, `pickpocketloot`, `skinloot`, `resistance1`, `resistance2`, `resistance3`, `resistance4`, `resistance5`, `resistance6`, `spell1`, `spell2`, `spell3`, `spell4`, `spell5`, `spell6`, `spell7`, `spell8`, `PetSpellDataId`, `VehicleId`, `mingold`, `maxgold`, `AIName`, `MovementType`, `InhabitType`, `Health_mod`, `Mana_mod`, `RacialLeader`, `questItem1`, `questItem2`, `questItem3`, `questItem4`, `questItem5`, `questItem6`, `movementId`, `RegenHealth`, `mechanic_immune_mask`, `flags_extra`, `ScriptName`) VALUES (5484, 0, 0, 0, 0, 0, 21567, 0, 21567, 0, 'Lady Archon', 'Priest Trainer', '', 0, 83, 83, 0, 35, 35, 49, 1, 2, 700, 800, 0, 2000, 100, 1500, 1500, 1, 2, 0, 0, 0, 0, 5, 0, 500, 600, 1500, 7, 2, 0, 0, 0, 0, 0, 0, 0, 0, 0, 0, 0, 0, 0, 0, 0, 0, 0, 0, 0, 1000, 1000, '', 0, 3, 10, 50, 0, 0, 0, 0, 0, 0, 0, 0, 1, 0, 2, '');

REPLACE INTO `creature_template` (`entry`, `difficulty_entry_1`, `difficulty_entry_2`, `difficulty_entry_3`, `KillCredit1`, `KillCredit2`, `modelid1`, `modelid2`, `modelid3`, `modelid4`, `name`, `subname`, `IconName`, `gossip_menu_id`, `minlevel`, `maxlevel`, `exp`, `faction_A`, `faction_H`, `npcflag`, `scale`, `rank`, `mindmg`, `maxdmg`, `dmgschool`, `attackpower`, `dmg_multiplier`, `baseattacktime`, `rangeattacktime`, `unit_class`, `unit_flags`, `dynamicflags`, `family`, `trainer_type`, `trainer_spell`, `trainer_class`, `trainer_race`, `minrangedmg`, `maxrangedmg`, `rangedattackpower`, `type`, `type_flags`, `lootid`, `pickpocketloot`, `skinloot`, `resistance1`, `resistance2`, `resistance3`, `resistance4`, `resistance5`, `resistance6`, `spell1`, `spell2`, `spell3`, `spell4`, `spell5`, `spell6`, `spell7`, `spell8`, `PetSpellDataId`, `VehicleId`, `mingold`, `maxgold`, `AIName`, `MovementType`, `InhabitType`, `Health_mod`, `Mana_mod`, `RacialLeader`, `questItem1`, `questItem2`, `questItem3`, `questItem4`, `questItem5`, `questItem6`, `movementId`, `RegenHealth`, `mechanic_immune_mask`, `flags_extra`, `ScriptName`) VALUES (3353, 0, 0, 0, 0, 0, 18593, 0, 18593, 0, 'Warshtainer', 'Warrior Trainer', '', 0, 83, 83, 0, 35, 35, 49, 1, 2, 600, 900, 0, 2000, 1000, 1500, 1500, 1, 2, 0, 0, 0, 0, 1, 0, 700, 800, 1500, 7, 2, 0, 0, 0, 0, 0, 0, 0, 0, 0, 0, 0, 0, 0, 0, 0, 0, 0, 0, 0, 1000, 1000, '', 0, 3, 10, 0, 0, 0, 0, 0, 0, 0, 0, 0, 1, 0, 2, '');
REPLACE INTO `creature_template` (`entry`, `difficulty_entry_1`, `difficulty_entry_2`, `difficulty_entry_3`, `KillCredit1`, `KillCredit2`, `modelid1`, `modelid2`, `modelid3`, `modelid4`, `name`, `subname`, `IconName`, `gossip_menu_id`, `minlevel`, `maxlevel`, `exp`, `faction_A`, `faction_H`, `npcflag`, `scale`, `rank`, `mindmg`, `maxdmg`, `dmgschool`, `attackpower`, `dmg_multiplier`, `baseattacktime`, `rangeattacktime`, `unit_class`, `unit_flags`, `dynamicflags`, `family`, `trainer_type`, `trainer_spell`, `trainer_class`, `trainer_race`, `minrangedmg`, `maxrangedmg`, `rangedattackpower`, `type`, `type_flags`, `lootid`, `pickpocketloot`, `skinloot`, `resistance1`, `resistance2`, `resistance3`, `resistance4`, `resistance5`, `resistance6`, `spell1`, `spell2`, `spell3`, `spell4`, `spell5`, `spell6`, `spell7`, `spell8`, `PetSpellDataId`, `VehicleId`, `mingold`, `maxgold`, `AIName`, `MovementType`, `InhabitType`, `Health_mod`, `Mana_mod`, `RacialLeader`, `questItem1`, `questItem2`, `questItem3`, `questItem4`, `questItem5`, `questItem6`, `movementId`, `RegenHealth`, `mechanic_immune_mask`, `flags_extra`, `ScriptName`) VALUES (5479, 0, 0, 0, 0, 0, 18593, 0, 18593, 0, 'Warshtainer', 'Warrior Trainer', '', 0, 83, 83, 0, 35, 35, 49, 1, 2, 600, 900, 0, 2000, 1000, 1500, 1500, 1, 2, 0, 0, 0, 0, 1, 0, 700, 800, 1500, 7, 2, 0, 0, 0, 0, 0, 0, 0, 0, 0, 0, 0, 0, 0, 0, 0, 0, 0, 0, 0, 1000, 1000, '', 0, 3, 10, 0, 0, 0, 0, 0, 0, 0, 0, 0, 1, 0, 2, '');

REPLACE INTO `creature_template` (`entry`, `difficulty_entry_1`, `difficulty_entry_2`, `difficulty_entry_3`, `KillCredit1`, `KillCredit2`, `modelid1`, `modelid2`, `modelid3`, `modelid4`, `name`, `subname`, `IconName`, `gossip_menu_id`, `minlevel`, `maxlevel`, `exp`, `faction_A`, `faction_H`, `npcflag`, `scale`, `rank`, `mindmg`, `maxdmg`, `dmgschool`, `attackpower`, `dmg_multiplier`, `baseattacktime`, `rangeattacktime`, `unit_class`, `unit_flags`, `dynamicflags`, `family`, `trainer_type`, `trainer_spell`, `trainer_class`, `trainer_race`, `minrangedmg`, `maxrangedmg`, `rangedattackpower`, `type`, `type_flags`, `lootid`, `pickpocketloot`, `skinloot`, `resistance1`, `resistance2`, `resistance3`, `resistance4`, `resistance5`, `resistance6`, `spell1`, `spell2`, `spell3`, `spell4`, `spell5`, `spell6`, `spell7`, `spell8`, `PetSpellDataId`, `VehicleId`, `mingold`, `maxgold`, `AIName`, `MovementType`, `InhabitType`, `Health_mod`, `Mana_mod`, `RacialLeader`, `questItem1`, `questItem2`, `questItem3`, `questItem4`, `questItem5`, `questItem6`, `movementId`, `RegenHealth`, `mechanic_immune_mask`, `flags_extra`, `ScriptName`) VALUES (3406, 0, 0, 0, 0, 0, 21379, 0, 21379, 0, 'Lord Beast', 'Hunter Trainer', '', 0, 83, 83, 0, 35, 35, 49, 1, 2, 110, 200, 0, 200, 100, 1500, 1500, 1, 2, 0, 0, 0, 0, 3, 0, 250, 500, 200, 7, 2, 0, 0, 0, 0, 0, 0, 0, 0, 0, 0, 0, 0, 0, 0, 0, 0, 0, 0, 0, 1000, 1000, '', 0, 3, 10, 5, 0, 0, 0, 0, 0, 0, 0, 0, 1, 0, 2, '');
REPLACE INTO `creature_template` (`entry`, `difficulty_entry_1`, `difficulty_entry_2`, `difficulty_entry_3`, `KillCredit1`, `KillCredit2`, `modelid1`, `modelid2`, `modelid3`, `modelid4`, `name`, `subname`, `IconName`, `gossip_menu_id`, `minlevel`, `maxlevel`, `exp`, `faction_A`, `faction_H`, `npcflag`, `scale`, `rank`, `mindmg`, `maxdmg`, `dmgschool`, `attackpower`, `dmg_multiplier`, `baseattacktime`, `rangeattacktime`, `unit_class`, `unit_flags`, `dynamicflags`, `family`, `trainer_type`, `trainer_spell`, `trainer_class`, `trainer_race`, `minrangedmg`, `maxrangedmg`, `rangedattackpower`, `type`, `type_flags`, `lootid`, `pickpocketloot`, `skinloot`, `resistance1`, `resistance2`, `resistance3`, `resistance4`, `resistance5`, `resistance6`, `spell1`, `spell2`, `spell3`, `spell4`, `spell5`, `spell6`, `spell7`, `spell8`, `PetSpellDataId`, `VehicleId`, `mingold`, `maxgold`, `AIName`, `MovementType`, `InhabitType`, `Health_mod`, `Mana_mod`, `RacialLeader`, `questItem1`, `questItem2`, `questItem3`, `questItem4`, `questItem5`, `questItem6`, `movementId`, `RegenHealth`, `mechanic_immune_mask`, `flags_extra`, `ScriptName`) VALUES (5517, 0, 0, 0, 0, 0, 21379, 0, 21379, 0, 'Lord Beast', 'Hunter Trainer', '', 0, 83, 83, 0, 35, 35, 49, 1, 2, 110, 200, 0, 200, 100, 1500, 1500, 1, 2, 0, 0, 0, 0, 3, 0, 250, 500, 200, 7, 2, 0, 0, 0, 0, 0, 0, 0, 0, 0, 0, 0, 0, 0, 0, 0, 0, 0, 0, 0, 1000, 1000, '', 0, 3, 10, 5, 0, 0, 0, 0, 0, 0, 0, 0, 1, 0, 2, '');

REPLACE INTO `creature_template` (`entry`, `difficulty_entry_1`, `difficulty_entry_2`, `difficulty_entry_3`, `KillCredit1`, `KillCredit2`, `modelid1`, `modelid2`, `modelid3`, `modelid4`, `name`, `subname`, `IconName`, `gossip_menu_id`, `minlevel`, `maxlevel`, `exp`, `faction_A`, `faction_H`, `npcflag`, `scale`, `rank`, `mindmg`, `maxdmg`, `dmgschool`, `attackpower`, `dmg_multiplier`, `baseattacktime`, `rangeattacktime`, `unit_class`, `unit_flags`, `dynamicflags`, `family`, `trainer_type`, `trainer_spell`, `trainer_class`, `trainer_race`, `minrangedmg`, `maxrangedmg`, `rangedattackpower`, `type`, `type_flags`, `lootid`, `pickpocketloot`, `skinloot`, `resistance1`, `resistance2`, `resistance3`, `resistance4`, `resistance5`, `resistance6`, `spell1`, `spell2`, `spell3`, `spell4`, `spell5`, `spell6`, `spell7`, `spell8`, `PetSpellDataId`, `VehicleId`, `mingold`, `maxgold`, `AIName`, `MovementType`, `InhabitType`, `Health_mod`, `Mana_mod`, `RacialLeader`, `questItem1`, `questItem2`, `questItem3`, `questItem4`, `questItem5`, `questItem6`, `movementId`, `RegenHealth`, `mechanic_immune_mask`, `flags_extra`, `ScriptName`) VALUES (3327, 0, 0, 0, 0, 0, 21570, 0, 21570, 0, 'Corleones', 'Rogue Trainer', '', 0, 83, 83, 0, 35, 35, 49, 1, 2, 1000, 2000, 0, 2000, 100, 1500, 1500, 1, 2, 0, 0, 0, 0, 4, 0, 450, 500, 2000, 7, 2, 0, 0, 0, 0, 0, 0, 0, 0, 0, 0, 0, 0, 0, 0, 0, 0, 0, 0, 0, 1000, 1000, '', 0, 3, 100, 0, 0, 0, 0, 0, 0, 0, 0, 0, 1, 0, 2, '');
REPLACE INTO `creature_template` (`entry`, `difficulty_entry_1`, `difficulty_entry_2`, `difficulty_entry_3`, `KillCredit1`, `KillCredit2`, `modelid1`, `modelid2`, `modelid3`, `modelid4`, `name`, `subname`, `IconName`, `gossip_menu_id`, `minlevel`, `maxlevel`, `exp`, `faction_A`, `faction_H`, `npcflag`, `scale`, `rank`, `mindmg`, `maxdmg`, `dmgschool`, `attackpower`, `dmg_multiplier`, `baseattacktime`, `rangeattacktime`, `unit_class`, `unit_flags`, `dynamicflags`, `family`, `trainer_type`, `trainer_spell`, `trainer_class`, `trainer_race`, `minrangedmg`, `maxrangedmg`, `rangedattackpower`, `type`, `type_flags`, `lootid`, `pickpocketloot`, `skinloot`, `resistance1`, `resistance2`, `resistance3`, `resistance4`, `resistance5`, `resistance6`, `spell1`, `spell2`, `spell3`, `spell4`, `spell5`, `spell6`, `spell7`, `spell8`, `PetSpellDataId`, `VehicleId`, `mingold`, `maxgold`, `AIName`, `MovementType`, `InhabitType`, `Health_mod`, `Mana_mod`, `RacialLeader`, `questItem1`, `questItem2`, `questItem3`, `questItem4`, `questItem5`, `questItem6`, `movementId`, `RegenHealth`, `mechanic_immune_mask`, `flags_extra`, `ScriptName`) VALUES (918, 0, 0, 0, 0, 0, 21570, 0, 21570, 0, 'Corleones', 'Rogue Trainer', '', 0, 83, 83, 0, 35, 35, 49, 1, 2, 1000, 2000, 0, 2000, 100, 1500, 1500, 1, 2, 0, 0, 0, 0, 4, 0, 450, 500, 2000, 7, 2, 0, 0, 0, 0, 0, 0, 0, 0, 0, 0, 0, 0, 0, 0, 0, 0, 0, 0, 0, 1000, 1000, '', 0, 3, 100, 0, 0, 0, 0, 0, 0, 0, 0, 0, 1, 0, 2, '');

REPLACE INTO `creature_template` (`entry`, `difficulty_entry_1`, `difficulty_entry_2`, `difficulty_entry_3`, `KillCredit1`, `KillCredit2`, `modelid1`, `modelid2`, `modelid3`, `modelid4`, `name`, `subname`, `IconName`, `gossip_menu_id`, `minlevel`, `maxlevel`, `exp`, `faction_A`, `faction_H`, `npcflag`, `scale`, `rank`, `mindmg`, `maxdmg`, `dmgschool`, `attackpower`, `dmg_multiplier`, `baseattacktime`, `rangeattacktime`, `unit_class`, `unit_flags`, `dynamicflags`, `family`, `trainer_type`, `trainer_spell`, `trainer_class`, `trainer_race`, `minrangedmg`, `maxrangedmg`, `rangedattackpower`, `type`, `type_flags`, `lootid`, `pickpocketloot`, `skinloot`, `resistance1`, `resistance2`, `resistance3`, `resistance4`, `resistance5`, `resistance6`, `spell1`, `spell2`, `spell3`, `spell4`, `spell5`, `spell6`, `spell7`, `spell8`, `PetSpellDataId`, `VehicleId`, `mingold`, `maxgold`, `AIName`, `MovementType`, `InhabitType`, `Health_mod`, `Mana_mod`, `RacialLeader`, `questItem1`, `questItem2`, `questItem3`, `questItem4`, `questItem5`, `questItem6`, `movementId`, `RegenHealth`, `mechanic_immune_mask`, `flags_extra`, `ScriptName`) VALUES (3034, 0, 0, 0, 0, 0, 30481, 0, 30481, 0, 'Moonstalker', 'Druid Trainer', '', 0, 83, 83, 0, 35, 35, 49, 1, 2, 200, 300, 0, 300, 100, 1500, 1500, 1, 2, 0, 0, 0, 0, 11, 0, 250, 500, 200, 7, 2, 0, 0, 0, 0, 0, 0, 0, 0, 0, 0, 0, 0, 0, 0, 0, 0, 0, 0, 0, 1000, 1000, '', 0, 3, 100, 120, 0, 0, 0, 0, 0, 0, 0, 0, 1, 0, 2, '');
REPLACE INTO `creature_template` (`entry`, `difficulty_entry_1`, `difficulty_entry_2`, `difficulty_entry_3`, `KillCredit1`, `KillCredit2`, `modelid1`, `modelid2`, `modelid3`, `modelid4`, `name`, `subname`, `IconName`, `gossip_menu_id`, `minlevel`, `maxlevel`, `exp`, `faction_A`, `faction_H`, `npcflag`, `scale`, `rank`, `mindmg`, `maxdmg`, `dmgschool`, `attackpower`, `dmg_multiplier`, `baseattacktime`, `rangeattacktime`, `unit_class`, `unit_flags`, `dynamicflags`, `family`, `trainer_type`, `trainer_spell`, `trainer_class`, `trainer_race`, `minrangedmg`, `maxrangedmg`, `rangedattackpower`, `type`, `type_flags`, `lootid`, `pickpocketloot`, `skinloot`, `resistance1`, `resistance2`, `resistance3`, `resistance4`, `resistance5`, `resistance6`, `spell1`, `spell2`, `spell3`, `spell4`, `spell5`, `spell6`, `spell7`, `spell8`, `PetSpellDataId`, `VehicleId`, `mingold`, `maxgold`, `AIName`, `MovementType`, `InhabitType`, `Health_mod`, `Mana_mod`, `RacialLeader`, `questItem1`, `questItem2`, `questItem3`, `questItem4`, `questItem5`, `questItem6`, `movementId`, `RegenHealth`, `mechanic_immune_mask`, `flags_extra`, `ScriptName`) VALUES (5506, 0, 0, 0, 0, 0, 30481, 0, 30481, 0, 'Moonstalker', 'Druid Trainer', '', 0, 83, 83, 0, 35, 35, 49, 1, 2, 200, 300, 0, 300, 100, 1500, 1500, 1, 2, 0, 0, 0, 0, 11, 0, 250, 500, 200, 7, 2, 0, 0, 0, 0, 0, 0, 0, 0, 0, 0, 0, 0, 0, 0, 0, 0, 0, 0, 0, 1000, 1000, '', 0, 3, 100, 120, 0, 0, 0, 0, 0, 0, 0, 0, 1, 0, 2, '');

REPLACE INTO `creature_template` (`entry`, `difficulty_entry_1`, `difficulty_entry_2`, `difficulty_entry_3`, `KillCredit1`, `KillCredit2`, `modelid1`, `modelid2`, `modelid3`, `modelid4`, `name`, `subname`, `IconName`, `gossip_menu_id`, `minlevel`, `maxlevel`, `exp`, `faction_A`, `faction_H`, `npcflag`, `scale`, `rank`, `mindmg`, `maxdmg`, `dmgschool`, `attackpower`, `dmg_multiplier`, `baseattacktime`, `rangeattacktime`, `unit_class`, `unit_flags`, `dynamicflags`, `family`, `trainer_type`, `trainer_spell`, `trainer_class`, `trainer_race`, `minrangedmg`, `maxrangedmg`, `rangedattackpower`, `type`, `type_flags`, `lootid`, `pickpocketloot`, `skinloot`, `resistance1`, `resistance2`, `resistance3`, `resistance4`, `resistance5`, `resistance6`, `spell1`, `spell2`, `spell3`, `spell4`, `spell5`, `spell6`, `spell7`, `spell8`, `PetSpellDataId`, `VehicleId`, `mingold`, `maxgold`, `AIName`, `MovementType`, `InhabitType`, `Health_mod`, `Mana_mod`, `RacialLeader`, `questItem1`, `questItem2`, `questItem3`, `questItem4`, `questItem5`, `questItem6`, `movementId`, `RegenHealth`, `mechanic_immune_mask`, `flags_extra`, `ScriptName`) VALUES (3324, 0, 0, 0, 0, 0, 21576, 0, 21576, 0, 'Lacrimatum', 'Warlock Trainer', '', 0, 83, 83, 0, 35, 35, 49, 1, 2, 400, 500, 0, 200, 100, 1500, 1500, 1, 2, 0, 0, 0, 0, 9, 0, 450, 500, 200, 7, 2, 0, 0, 0, 0, 0, 0, 0, 0, 0, 0, 0, 0, 0, 0, 0, 0, 0, 0, 0, 1000, 1000, '', 0, 3, 100, 120, 0, 0, 0, 0, 0, 0, 0, 0, 1, 0, 2, '');
REPLACE INTO `creature_template` (`entry`, `difficulty_entry_1`, `difficulty_entry_2`, `difficulty_entry_3`, `KillCredit1`, `KillCredit2`, `modelid1`, `modelid2`, `modelid3`, `modelid4`, `name`, `subname`, `IconName`, `gossip_menu_id`, `minlevel`, `maxlevel`, `exp`, `faction_A`, `faction_H`, `npcflag`, `scale`, `rank`, `mindmg`, `maxdmg`, `dmgschool`, `attackpower`, `dmg_multiplier`, `baseattacktime`, `rangeattacktime`, `unit_class`, `unit_flags`, `dynamicflags`, `family`, `trainer_type`, `trainer_spell`, `trainer_class`, `trainer_race`, `minrangedmg`, `maxrangedmg`, `rangedattackpower`, `type`, `type_flags`, `lootid`, `pickpocketloot`, `skinloot`, `resistance1`, `resistance2`, `resistance3`, `resistance4`, `resistance5`, `resistance6`, `spell1`, `spell2`, `spell3`, `spell4`, `spell5`, `spell6`, `spell7`, `spell8`, `PetSpellDataId`, `VehicleId`, `mingold`, `maxgold`, `AIName`, `MovementType`, `InhabitType`, `Health_mod`, `Mana_mod`, `RacialLeader`, `questItem1`, `questItem2`, `questItem3`, `questItem4`, `questItem5`, `questItem6`, `movementId`, `RegenHealth`, `mechanic_immune_mask`, `flags_extra`, `ScriptName`) VALUES (5496, 0, 0, 0, 0, 0, 21576, 0, 21576, 0, 'Lacrimatum', 'Warlock Trainer', '', 0, 83, 83, 0, 35, 35, 49, 1, 2, 400, 500, 0, 200, 100, 1500, 1500, 1, 2, 0, 0, 0, 0, 9, 0, 450, 500, 200, 7, 2, 0, 0, 0, 0, 0, 0, 0, 0, 0, 0, 0, 0, 0, 0, 0, 0, 0, 0, 0, 1000, 1000, '', 0, 3, 100, 120, 0, 0, 0, 0, 0, 0, 0, 0, 1, 0, 2, '');

REPLACE INTO `creature_template` (`entry`, `difficulty_entry_1`, `difficulty_entry_2`, `difficulty_entry_3`, `KillCredit1`, `KillCredit2`, `modelid1`, `modelid2`, `modelid3`, `modelid4`, `name`, `subname`, `IconName`, `gossip_menu_id`, `minlevel`, `maxlevel`, `exp`, `faction_A`, `faction_H`, `npcflag`, `scale`, `rank`, `mindmg`, `maxdmg`, `dmgschool`, `attackpower`, `dmg_multiplier`, `baseattacktime`, `rangeattacktime`, `unit_class`, `unit_flags`, `dynamicflags`, `family`, `trainer_type`, `trainer_spell`, `trainer_class`, `trainer_race`, `minrangedmg`, `maxrangedmg`, `rangedattackpower`, `type`, `type_flags`, `lootid`, `pickpocketloot`, `skinloot`, `resistance1`, `resistance2`, `resistance3`, `resistance4`, `resistance5`, `resistance6`, `spell1`, `spell2`, `spell3`, `spell4`, `spell5`, `spell6`, `spell7`, `spell8`, `PetSpellDataId`, `VehicleId`, `mingold`, `maxgold`, `AIName`, `MovementType`, `InhabitType`, `Health_mod`, `Mana_mod`, `RacialLeader`, `questItem1`, `questItem2`, `questItem3`, `questItem4`, `questItem5`, `questItem6`, `movementId`, `RegenHealth`, `mechanic_immune_mask`, `flags_extra`, `ScriptName`) VALUES (28471, 0, 0, 0, 0, 0, 24191, 0, 24191, 0, 'Lich King', 'Death Knight Trainer', '', 0, 83, 83, 0, 35, 35, 49, 1, 2, 4500, 5000, 0, 200, 1000, 1500, 1500, 1, 2, 0, 0, 0, 0, 6, 0, 200, 500, 200, 7, 2, 0, 0, 0, 0, 0, 0, 0, 0, 0, 0, 0, 0, 0, 0, 0, 0, 0, 0, 0, 1000, 1000, '', 0, 3, 100, 0, 0, 0, 0, 0, 0, 0, 0, 0, 1, 0, 2, '');
REPLACE INTO `creature_template` (`entry`, `difficulty_entry_1`, `difficulty_entry_2`, `difficulty_entry_3`, `KillCredit1`, `KillCredit2`, `modelid1`, `modelid2`, `modelid3`, `modelid4`, `name`, `subname`, `IconName`, `gossip_menu_id`, `minlevel`, `maxlevel`, `exp`, `faction_A`, `faction_H`, `npcflag`, `scale`, `rank`, `mindmg`, `maxdmg`, `dmgschool`, `attackpower`, `dmg_multiplier`, `baseattacktime`, `rangeattacktime`, `unit_class`, `unit_flags`, `dynamicflags`, `family`, `trainer_type`, `trainer_spell`, `trainer_class`, `trainer_race`, `minrangedmg`, `maxrangedmg`, `rangedattackpower`, `type`, `type_flags`, `lootid`, `pickpocketloot`, `skinloot`, `resistance1`, `resistance2`, `resistance3`, `resistance4`, `resistance5`, `resistance6`, `spell1`, `spell2`, `spell3`, `spell4`, `spell5`, `spell6`, `spell7`, `spell8`, `PetSpellDataId`, `VehicleId`, `mingold`, `maxgold`, `AIName`, `MovementType`, `InhabitType`, `Health_mod`, `Mana_mod`, `RacialLeader`, `questItem1`, `questItem2`, `questItem3`, `questItem4`, `questItem5`, `questItem6`, `movementId`, `RegenHealth`, `mechanic_immune_mask`, `flags_extra`, `ScriptName`) VALUES (28471, 0, 0, 0, 0, 0, 24191, 0, 24191, 0, 'Lich King', 'Death Knight Trainer', '', 0, 83, 83, 0, 35, 35, 49, 1, 2, 4500, 5000, 0, 200, 1000, 1500, 1500, 1, 2, 0, 0, 0, 0, 6, 0, 200, 500, 200, 7, 2, 0, 0, 0, 0, 0, 0, 0, 0, 0, 0, 0, 0, 0, 0, 0, 0, 0, 0, 0, 1000, 1000, '', 0, 3, 100, 0, 0, 0, 0, 0, 0, 0, 0, 0, 1, 0, 2, '');


DELETE FROM `creature` WHERE `id`=23128 AND `guid`=204302;
DELETE FROM `creature` WHERE `id`=5491 AND `guid`=9337690;
INSERT INTO `creature` (`guid`,`id`,`map`,`spawnMask`,`phaseMask`,`modelid`,`equipment_id`,`position_x`,`position_y`,`position_z`,`orientation`,`spawntimesecs`,`spawndist`,`currentwaypoint`,`curhealth`,`curmana`,`MovementType`) VALUES
(204302, 23128, 0, 1, 1, 0, 2026, -8893, 561.573, 92.8915, 2.19847, 300, 0, 0, 46460, 21290, 0),
(9337690, 5491, 1, 1, 1, 0, 2026, 1421.93, -4356.06, 25.4629, 4.89668, 300, 0, 0, 46460, 21290, 0);

DELETE FROM `creature` WHERE `id`=5882 AND `guid`=201204;
DELETE FROM `creature` WHERE `id`=5498 AND `guid`=9337693;
INSERT INTO `creature` (`guid`,`id`,`map`,`spawnMask`,`phaseMask`,`modelid`,`equipment_id`,`position_x`,`position_y`,`position_z`,`orientation`,`spawntimesecs`,`spawndist`,`currentwaypoint`,`curhealth`,`curmana`,`MovementType`) VALUES
(201204, 5882, 0, 1, 1, 0, 4493, -8895.74, 559.463, 93.0128, 2.27908, 300, 0, 0, 46460, 21290, 0),
(9337693, 5498, 1, 1, 1, 0, 4493, 1428.85, -4355.53, 25.4629, 4.75999, 300, 0, 0, 46460, 21290, 0);

DELETE FROM `creature` WHERE `id`=3344 AND `guid`=201205;
DELETE FROM `creature` WHERE `id`=20407 AND `guid`=9337689;
INSERT INTO `creature` (`guid`,`id`,`map`,`spawnMask`,`phaseMask`,`modelid`,`equipment_id`,`position_x`,`position_y`,`position_z`,`orientation`,`spawntimesecs`,`spawndist`,`currentwaypoint`,`curhealth`,`curmana`,`MovementType`) VALUES
(201205, 3344, 0, 1, 1, 0, 0, -8898.53, 557.201, 93.2434, 2.22803, 300, 0, 0, 46460, 21290, 0),
(9337689, 20407, 1, 1, 1, 0, 3934, 1425.31, -4355.79, 25.4629, 4.87028, 300, 0, 0, 46460, 212900, 0);

DELETE FROM `creature` WHERE `id`=6014 AND `guid`=201365;
DELETE FROM `creature` WHERE `id`=5484 AND `guid`=201206;
INSERT INTO `creature` (`guid`,`id`,`map`,`spawnMask`,`phaseMask`,`modelid`,`equipment_id`,`position_x`,`position_y`,`position_z`,`orientation`,`spawntimesecs`,`spawndist`,`currentwaypoint`,`curhealth`,`curmana`,`MovementType`) VALUES
(201365, 6014, 1, 1, 1, 0, 4493, 1430.92, -4355.66, 25.4627, 4.61947, 300, 0, 0, 58080, 0, 0),
(201206, 5484, 0, 1, 1, 0, 4493, -8901.79, 554.804, 93.471, 2.26337, 300, 0, 0, 58080, 0, 0);

DELETE FROM `creature` WHERE `id`=3353 AND `guid`=204305;
DELETE FROM `creature` WHERE `id`=5479 AND `guid`=204299;
INSERT INTO `creature` (`guid`,`id`,`map`,`spawnMask`,`phaseMask`,`modelid`,`equipment_id`,`position_x`,`position_y`,`position_z`,`orientation`,`spawntimesecs`,`spawndist`,`currentwaypoint`,`curhealth`,`curmana`,`MovementType`) VALUES
(204305, 3353, 1, 1, 1, 18595, 4321, 1432.81, -4355.49, 25.4624, 4.71667, 300, 0, 0, 58080, 0, 0),
(204299, 5479, 0, 1, 1, 0, 4321, -8903.78, 553.214, 93.6497, 2.40424, 300, 0, 0, 58080, 0, 0);

DELETE FROM `creature` WHERE `id`=3406 AND `guid`=204306;
DELETE FROM `creature` WHERE `id`=5517 AND `guid`=204300;
INSERT INTO `creature` (`guid`,`id`,`map`,`spawnMask`,`phaseMask`,`modelid`,`equipment_id`,`position_x`,`position_y`,`position_z`,`orientation`,`spawntimesecs`,`spawndist`,`currentwaypoint`,`curhealth`,`curmana`,`MovementType`) VALUES
(204306, 3406, 1, 1, 1, 0, 3245, 1435.85, -4355.5, 25.4624, 4.65384, 300, 0, 0, 58080, 0, 0),
(204300, 5517, 0, 1, 1, 0, 3245, -8906.32, 551.087, 93.8911, 2.20396, 300, 0, 0, 58080, 0, 0);

DELETE FROM `creature` WHERE `id`=3327 AND `guid`=201467;
DELETE FROM `creature` WHERE `id`=918 AND `guid`=201245;
INSERT INTO `creature` (`guid`,`id`,`map`,`spawnMask`,`phaseMask`,`modelid`,`equipment_id`,`position_x`,`position_y`,`position_z`,`orientation`,`spawntimesecs`,`spawndist`,`currentwaypoint`,`curhealth`,`curmana`,`MovementType`) VALUES
(201467, 3327, 1, 1, 1, 0, 4321, 1439.1, -4356.47, 25.4626, 3.91162, 300, 0, 0, 58080, 0, 0),
(201245, 918, 0, 1, 1, 0, 4321, -8908.93, 548.799, 94.1543, 2.32651, 300, 0, 0, 58080, 0, 0);

DELETE FROM `creature` WHERE `id`=3034 AND `guid`=204308;
DELETE FROM `creature` WHERE `id`=5506 AND `guid`=204303;
INSERT INTO `creature` (`guid`,`id`,`map`,`spawnMask`,`phaseMask`,`modelid`,`equipment_id`,`position_x`,`position_y`,`position_z`,`orientation`,`spawntimesecs`,`spawndist`,`currentwaypoint`,`curhealth`,`curmana`,`MovementType`) VALUES
(204308, 3034, 1, 1, 1, 0, 2033, 1440.63, -4358.68, 25.4624, 3.34222, 300, 0, 0, 580800, 0, 0),
(204303, 5506, 0, 1, 1, 0, 2033, -8910.99, 547.083, 94.2951, 2.22124, 300, 0, 0, 580800, 0, 0);

DELETE FROM `creature` WHERE `id`=3324 AND `guid`=204310;
DELETE FROM `creature` WHERE `id`=5496 AND `guid`=204301;
INSERT INTO `creature` (`guid`,`id`,`map`,`spawnMask`,`phaseMask`,`modelid`,`equipment_id`,`position_x`,`position_y`,`position_z`,`orientation`,`spawntimesecs`,`spawndist`,`currentwaypoint`,`curhealth`,`curmana`,`MovementType`) VALUES
(204310, 3324, 1, 1, 1, 20561, 2050, 1440.75, -4361.67, 25.4624, 3.22833, 300, 0, 0, 580800, 0, 0),
(204301, 5496, 0, 1, 1, 0, 2050, -8913.67, 545.036, 94.4015, 2.28643, 300, 0, 0, 580800, 0, 0);

DELETE FROM `creature` WHERE `id`=28471 AND `guid`=204309;
DELETE FROM `creature` WHERE `id`=28471 AND `guid`=201213;
INSERT INTO `creature` (`guid`,`id`,`map`,`spawnMask`,`phaseMask`,`modelid`,`equipment_id`,`position_x`,`position_y`,`position_z`,`orientation`,`spawntimesecs`,`spawndist`,`currentwaypoint`,`curhealth`,`curmana`,`MovementType`) VALUES
(204309, 28471, 1, 1, 1, 0, 0, 1441.15, -4364.32, 25.4624, 3.27939, 300, 0, 0, 580800, 0, 0),
(201213, 28471, 0, 1, 1, 0, 0, -8915.59, 543.354, 94.5188, 2.21309, 300, 0, 0, 58080, 0, 0);

/* Полётка */
REPLACE INTO `creature_template` (`entry`, `difficulty_entry_1`, `difficulty_entry_2`, `difficulty_entry_3`, `KillCredit1`, `KillCredit2`, `modelid1`, `modelid2`, `modelid3`, `modelid4`, `name`, `subname`, `IconName`, `gossip_menu_id`, `minlevel`, `maxlevel`, `exp`, `faction_A`, `faction_H`, `npcflag`, `scale`, `rank`, `mindmg`, `maxdmg`, `dmgschool`, `attackpower`, `dmg_multiplier`, `baseattacktime`, `rangeattacktime`, `unit_class`, `unit_flags`, `dynamicflags`, `family`, `trainer_type`, `trainer_spell`, `trainer_class`, `trainer_race`, `minrangedmg`, `maxrangedmg`, `rangedattackpower`, `type`, `type_flags`, `lootid`, `pickpocketloot`, `skinloot`, `resistance1`, `resistance2`, `resistance3`, `resistance4`, `resistance5`, `resistance6`, `spell1`, `spell2`, `spell3`, `spell4`, `spell5`, `spell6`, `spell7`, `spell8`, `PetSpellDataId`, `VehicleId`, `mingold`, `maxgold`, `AIName`, `MovementType`, `InhabitType`, `Health_mod`, `Mana_mod`, `RacialLeader`, `questItem1`, `questItem2`, `questItem3`, `questItem4`, `questItem5`, `questItem6`, `movementId`, `RegenHealth`, `mechanic_immune_mask`, `flags_extra`, `ScriptName`) VALUES (40010, 0, 0, 0, 0, 0, 28220, 0, 28220, 0, 'Demolisher', 'Flying Trainer', '', 0, 83, 83, 0, 35, 35, 81, 1, 2, 700, 900, 0, 2000, 100, 1500, 1500, 8, 2, 0, 0, 1, 0, 0, 0, 1500, 2000, 2000, 7, 2, 0, 0, 0, 0, 0, 0, 0, 0, 0, 0, 0, 0, 0, 0, 0, 0, 0, 0, 0, 0, 0, '', 0, 3, 100, 51, 0, 0, 0, 0, 0, 0, 0, 0, 1, 0, 0, '');
DELETE FROM `npc_trainer` WHERE (`entry`=40010);
INSERT INTO `npc_trainer` (entry, spell, spellcost, reqskill, reqskillvalue, reqlevel) VALUES 
(40010, 33389, 40000, 0, 0, 20),
(40010, 33392, 500000, 762, 75, 40),
(40010, 34092, 2500000, 762, 150, 60),
(40010, 34093, 50000000, 762, 225, 70),
(40010, 54197, 10000000, 762, 225, 77);

/* Оружие */
REPLACE INTO `creature_template` (`entry`, `difficulty_entry_1`, `difficulty_entry_2`, `difficulty_entry_3`, `KillCredit1`, `KillCredit2`, `modelid1`, `modelid2`, `modelid3`, `modelid4`, `name`, `subname`, `IconName`, `gossip_menu_id`, `minlevel`, `maxlevel`, `exp`, `faction_A`, `faction_H`, `npcflag`, `scale`, `rank`, `mindmg`, `maxdmg`, `dmgschool`, `attackpower`, `dmg_multiplier`, `baseattacktime`, `rangeattacktime`, `unit_class`, `unit_flags`, `dynamicflags`, `family`, `trainer_type`, `trainer_spell`, `trainer_class`, `trainer_race`, `minrangedmg`, `maxrangedmg`, `rangedattackpower`, `type`, `type_flags`, `lootid`, `pickpocketloot`, `skinloot`, `resistance1`, `resistance2`, `resistance3`, `resistance4`, `resistance5`, `resistance6`, `spell1`, `spell2`, `spell3`, `spell4`, `spell5`, `spell6`, `spell7`, `spell8`, `PetSpellDataId`, `VehicleId`, `mingold`, `maxgold`, `AIName`, `MovementType`, `InhabitType`, `Health_mod`, `Mana_mod`, `RacialLeader`, `questItem1`, `questItem2`, `questItem3`, `questItem4`, `questItem5`, `questItem6`, `movementId`, `RegenHealth`, `mechanic_immune_mask`, `flags_extra`, `ScriptName`) VALUES (12704, 0, 0, 0, 0, 0, 11081, 0, 11081, 0, 'Hanashi Luntark', 'Weapon Master', '', 0, 80, 80, 0, 35, 35, 81, 1, 0, 851, 1121, 0, 2061, 1, 2000, 0, 1, 2, 0, 0, 2, 0, 0, 0, 58, 86, 20, 7, 2, 0, 0, 0, 0, 0, 0, 0, 0, 0, 0, 0, 0, 0, 0, 0, 0, 0, 0, 0, 1000, 1000, '', 0, 3, 70, 1, 0, 0, 0, 0, 0, 0, 0, 0, 1, 0, 2, '');
DELETE FROM `npc_trainer` WHERE (`entry`=12704);
INSERT INTO `npc_trainer` (entry, spell, spellcost, reqskill, reqskillvalue, reqlevel) VALUES 
(12704, 196, 1000, 0, 0, 0),
(12704, 197, 1000, 0, 0, 0),
(12704, 198, 1000, 0, 0, 0),
(12704, 199, 1000, 0, 0, 0),
(12704, 200, 1000, 0, 0, 20),
(12704, 201, 1000, 0, 0, 0),
(12704, 202, 1000, 0, 0, 0),
(12704, 227, 1000, 0, 0, 0),
(12704, 264, 1000, 0, 0, 0),
(12704, 266, 1000, 0, 0, 0),
(12704, 1180, 1000, 0, 0, 0),
(12704, 2567, 1000, 0, 0, 0),
(12704, 5011, 1000, 0, 0, 0),
(12704, 15590, 1000, 0, 0, 0);

/* Полётка */
DELETE FROM `creature` WHERE `id`=40010 AND `guid`=201255;
DELETE FROM `creature` WHERE `id`=40010 AND `guid`=201403;
INSERT INTO `creature` (`guid`,`id`,`map`,`spawnMask`,`phaseMask`,`modelid`,`equipment_id`,`position_x`,`position_y`,`position_z`,`orientation`,`spawntimesecs`,`spawndist`,`currentwaypoint`,`curhealth`,`curmana`,`MovementType`) VALUES
(201255, 40010, 0, 1, 1, 0, 0, -8918.31, 541.199, 94.6074, 2.33229, 300, 0, 0, 409000, 475575, 0),
(201403, 40010, 1, 1, 1, 0, 0, 1441.36, -4367.8, 25.4627, 3.28562, 300, 0, 0, 409000, 475575, 0);

/* Оружие */
DELETE FROM `creature` WHERE `id`=12704 AND `guid`=201256;
DELETE FROM `creature` WHERE `id`=12704 AND `guid`=201405;
INSERT INTO `creature` (`guid`,`id`,`map`,`spawnMask`,`phaseMask`,`modelid`,`equipment_id`,`position_x`,`position_y`,`position_z`,`orientation`,`spawntimesecs`,`spawndist`,`currentwaypoint`,`curhealth`,`curmana`,`MovementType`) VALUES
(201256, 12704, 0, 1, 1, 0, 836, -8919.77, 539.192, 94.6958, 3.11375, 300, 0, 0, 37394, 0, 0),
(201405, 12704, 1, 1, 1, 0, 836, 1438.36, -4371.82, 25.4627, 3.24791, 300, 0, 0, 37394, 0, 0);
