REPLACE INTO `creature_template` (`entry`, `difficulty_entry_1`, `difficulty_entry_2`, `difficulty_entry_3`, `KillCredit1`, `KillCredit2`, `modelid1`, `modelid2`, `modelid3`, `modelid4`, `name`, `subname`, `IconName`, `gossip_menu_id`, `minlevel`, `maxlevel`, `exp`, `faction_A`, `faction_H`, `npcflag`, `speed_walk`, `speed_run`, `scale`, `rank`, `mindmg`, `maxdmg`, `dmgschool`, `attackpower`, `dmg_multiplier`, `baseattacktime`, `rangeattacktime`, `unit_class`, `unit_flags`, `dynamicflags`, `family`, `trainer_type`, `trainer_spell`, `trainer_class`, `trainer_race`, `minrangedmg`, `maxrangedmg`, `rangedattackpower`, `type`, `type_flags`, `lootid`, `pickpocketloot`, `skinloot`, `resistance1`, `resistance2`, `resistance3`, `resistance4`, `resistance5`, `resistance6`, `spell1`, `spell2`, `spell3`, `spell4`, `spell5`, `spell6`, `spell7`, `spell8`, `PetSpellDataId`, `VehicleId`, `mingold`, `maxgold`, `AIName`, `MovementType`, `InhabitType`, `Health_mod`, `Mana_mod`, `Armor_mod`, `RacialLeader`, `questItem1`, `questItem2`, `questItem3`, `questItem4`, `questItem5`, `questItem6`, `movementId`, `RegenHealth`, `equipment_id`, `mechanic_immune_mask`, `flags_extra`, `ScriptName`, `WDBVerified`) VALUES (400000, 0, 0, 0, 0, 0, 12917, 0, 0, 0, 'Инструменты', 'Материал', '', 0, 80, 80, 0, 35, 35, 4224, 1, 1, 1, 1, 50, 150, 0, 1000, 1, 2000, 0, 1, 0, 0, 0, 0, 0, 0, 0, 0, 0, 0, 7, 0, 0, 0, 0, 0, 0, 0, 0, 0, 0, 0, 0, 0, 0, 0, 0, 0, 0, 0, 0, 0, 0, 'SmartAI', 0, 3, 1, 1, 1, 0, 0, 0, 0, 0, 0, 0, 0, 1, 2026, 0, 0, '', 1);

REPLACE INTO `creature_template` (`entry`, `difficulty_entry_1`, `difficulty_entry_2`, `difficulty_entry_3`, `KillCredit1`, `KillCredit2`, `modelid1`, `modelid2`, `modelid3`, `modelid4`, `name`, `subname`, `IconName`, `gossip_menu_id`, `minlevel`, `maxlevel`, `exp`, `faction_A`, `faction_H`, `npcflag`, `speed_walk`, `speed_run`, `scale`, `rank`, `mindmg`, `maxdmg`, `dmgschool`, `attackpower`, `dmg_multiplier`, `baseattacktime`, `rangeattacktime`, `unit_class`, `unit_flags`, `dynamicflags`, `family`, `trainer_type`, `trainer_spell`, `trainer_class`, `trainer_race`, `minrangedmg`, `maxrangedmg`, `rangedattackpower`, `type`, `type_flags`, `lootid`, `pickpocketloot`, `skinloot`, `resistance1`, `resistance2`, `resistance3`, `resistance4`, `resistance5`, `resistance6`, `spell1`, `spell2`, `spell3`, `spell4`, `spell5`, `spell6`, `spell7`, `spell8`, `PetSpellDataId`, `VehicleId`, `mingold`, `maxgold`, `AIName`, `MovementType`, `InhabitType`, `Health_mod`, `Mana_mod`, `Armor_mod`, `RacialLeader`, `questItem1`, `questItem2`, `questItem3`, `questItem4`, `questItem5`, `questItem6`, `movementId`, `RegenHealth`, `equipment_id`, `mechanic_immune_mask`, `flags_extra`, `ScriptName`, `WDBVerified`) VALUES (400001, 0, 0, 0, 0, 0, 12917, 0, 0, 0, 'Алхимия', 'Реагенты', '', 0, 80, 80, 0, 35, 35, 4224, 1, 1, 1, 1, 50, 150, 0, 1000, 1, 2000, 0, 1, 0, 0, 0, 0, 0, 0, 0, 0, 0, 0, 7, 0, 0, 0, 0, 0, 0, 0, 0, 0, 0, 0, 0, 0, 0, 0, 0, 0, 0, 0, 0, 0, 0, 'SmartAI', 0, 3, 1, 1, 1, 0, 0, 0, 0, 0, 0, 0, 0, 1, 2026, 0, 0, '', 1);

REPLACE INTO `creature_template` (`entry`, `difficulty_entry_1`, `difficulty_entry_2`, `difficulty_entry_3`, `KillCredit1`, `KillCredit2`, `modelid1`, `modelid2`, `modelid3`, `modelid4`, `name`, `subname`, `IconName`, `gossip_menu_id`, `minlevel`, `maxlevel`, `exp`, `faction_A`, `faction_H`, `npcflag`, `speed_walk`, `speed_run`, `scale`, `rank`, `mindmg`, `maxdmg`, `dmgschool`, `attackpower`, `dmg_multiplier`, `baseattacktime`, `rangeattacktime`, `unit_class`, `unit_flags`, `dynamicflags`, `family`, `trainer_type`, `trainer_spell`, `trainer_class`, `trainer_race`, `minrangedmg`, `maxrangedmg`, `rangedattackpower`, `type`, `type_flags`, `lootid`, `pickpocketloot`, `skinloot`, `resistance1`, `resistance2`, `resistance3`, `resistance4`, `resistance5`, `resistance6`, `spell1`, `spell2`, `spell3`, `spell4`, `spell5`, `spell6`, `spell7`, `spell8`, `PetSpellDataId`, `VehicleId`, `mingold`, `maxgold`, `AIName`, `MovementType`, `InhabitType`, `Health_mod`, `Mana_mod`, `Armor_mod`, `RacialLeader`, `questItem1`, `questItem2`, `questItem3`, `questItem4`, `questItem5`, `questItem6`, `movementId`, `RegenHealth`, `equipment_id`, `mechanic_immune_mask`, `flags_extra`, `ScriptName`, `WDBVerified`) VALUES (400002, 0, 0, 0, 0, 0, 12917, 0, 0, 0, 'Горное Дело', 'Реагенты', '', 0, 80, 80, 0, 35, 35, 4224, 1, 1, 1, 1, 50, 150, 0, 1000, 1, 2000, 0, 1, 0, 0, 0, 0, 0, 0, 0, 0, 0, 0, 7, 0, 0, 0, 0, 0, 0, 0, 0, 0, 0, 0, 0, 0, 0, 0, 0, 0, 0, 0, 0, 0, 0, 'SmartAI', 0, 3, 1, 1, 1, 0, 0, 0, 0, 0, 0, 0, 0, 1, 2026, 0, 0, '', 1);

REPLACE INTO `creature_template` (`entry`, `difficulty_entry_1`, `difficulty_entry_2`, `difficulty_entry_3`, `KillCredit1`, `KillCredit2`, `modelid1`, `modelid2`, `modelid3`, `modelid4`, `name`, `subname`, `IconName`, `gossip_menu_id`, `minlevel`, `maxlevel`, `exp`, `faction_A`, `faction_H`, `npcflag`, `speed_walk`, `speed_run`, `scale`, `rank`, `mindmg`, `maxdmg`, `dmgschool`, `attackpower`, `dmg_multiplier`, `baseattacktime`, `rangeattacktime`, `unit_class`, `unit_flags`, `dynamicflags`, `family`, `trainer_type`, `trainer_spell`, `trainer_class`, `trainer_race`, `minrangedmg`, `maxrangedmg`, `rangedattackpower`, `type`, `type_flags`, `lootid`, `pickpocketloot`, `skinloot`, `resistance1`, `resistance2`, `resistance3`, `resistance4`, `resistance5`, `resistance6`, `spell1`, `spell2`, `spell3`, `spell4`, `spell5`, `spell6`, `spell7`, `spell8`, `PetSpellDataId`, `VehicleId`, `mingold`, `maxgold`, `AIName`, `MovementType`, `InhabitType`, `Health_mod`, `Mana_mod`, `Armor_mod`, `RacialLeader`, `questItem1`, `questItem2`, `questItem3`, `questItem4`, `questItem5`, `questItem6`, `movementId`, `RegenHealth`, `equipment_id`, `mechanic_immune_mask`, `flags_extra`, `ScriptName`, `WDBVerified`) VALUES (400003, 0, 0, 0, 0, 0, 12917, 0, 0, 0, 'Кожевничество', 'Реагенты', '', 0, 80, 80, 0, 35, 35, 4224, 1, 1, 1, 1, 50, 150, 0, 1000, 1, 2000, 0, 1, 0, 0, 0, 0, 0, 0, 0, 0, 0, 0, 7, 0, 0, 0, 0, 0, 0, 0, 0, 0, 0, 0, 0, 0, 0, 0, 0, 0, 0, 0, 0, 0, 0, 'SmartAI', 0, 3, 1, 1, 1, 0, 0, 0, 0, 0, 0, 0, 0, 1, 2026, 0, 0, '', 1);

REPLACE INTO `creature_template` (`entry`, `difficulty_entry_1`, `difficulty_entry_2`, `difficulty_entry_3`, `KillCredit1`, `KillCredit2`, `modelid1`, `modelid2`, `modelid3`, `modelid4`, `name`, `subname`, `IconName`, `gossip_menu_id`, `minlevel`, `maxlevel`, `exp`, `faction_A`, `faction_H`, `npcflag`, `speed_walk`, `speed_run`, `scale`, `rank`, `mindmg`, `maxdmg`, `dmgschool`, `attackpower`, `dmg_multiplier`, `baseattacktime`, `rangeattacktime`, `unit_class`, `unit_flags`, `dynamicflags`, `family`, `trainer_type`, `trainer_spell`, `trainer_class`, `trainer_race`, `minrangedmg`, `maxrangedmg`, `rangedattackpower`, `type`, `type_flags`, `lootid`, `pickpocketloot`, `skinloot`, `resistance1`, `resistance2`, `resistance3`, `resistance4`, `resistance5`, `resistance6`, `spell1`, `spell2`, `spell3`, `spell4`, `spell5`, `spell6`, `spell7`, `spell8`, `PetSpellDataId`, `VehicleId`, `mingold`, `maxgold`, `AIName`, `MovementType`, `InhabitType`, `Health_mod`, `Mana_mod`, `Armor_mod`, `RacialLeader`, `questItem1`, `questItem2`, `questItem3`, `questItem4`, `questItem5`, `questItem6`, `movementId`, `RegenHealth`, `equipment_id`, `mechanic_immune_mask`, `flags_extra`, `ScriptName`, `WDBVerified`) VALUES (400004, 0, 0, 0, 0, 0, 12917, 0, 0, 0, 'Разное', 'Реагенты', '', 0, 80, 80, 0, 35, 35, 4224, 1, 1, 1, 1, 50, 150, 0, 1000, 1, 2000, 0, 1, 0, 0, 0, 0, 0, 0, 0, 0, 0, 0, 7, 0, 0, 0, 0, 0, 0, 0, 0, 0, 0, 0, 0, 0, 0, 0, 0, 0, 0, 0, 0, 0, 0, 'SmartAI', 0, 3, 1, 1, 1, 0, 0, 0, 0, 0, 0, 0, 0, 1, 2026, 0, 0, '', 1);

REPLACE INTO `creature_template` (`entry`, `difficulty_entry_1`, `difficulty_entry_2`, `difficulty_entry_3`, `KillCredit1`, `KillCredit2`, `modelid1`, `modelid2`, `modelid3`, `modelid4`, `name`, `subname`, `IconName`, `gossip_menu_id`, `minlevel`, `maxlevel`, `exp`, `faction_A`, `faction_H`, `npcflag`, `speed_walk`, `speed_run`, `scale`, `rank`, `mindmg`, `maxdmg`, `dmgschool`, `attackpower`, `dmg_multiplier`, `baseattacktime`, `rangeattacktime`, `unit_class`, `unit_flags`, `dynamicflags`, `family`, `trainer_type`, `trainer_spell`, `trainer_class`, `trainer_race`, `minrangedmg`, `maxrangedmg`, `rangedattackpower`, `type`, `type_flags`, `lootid`, `pickpocketloot`, `skinloot`, `resistance1`, `resistance2`, `resistance3`, `resistance4`, `resistance5`, `resistance6`, `spell1`, `spell2`, `spell3`, `spell4`, `spell5`, `spell6`, `spell7`, `spell8`, `PetSpellDataId`, `VehicleId`, `mingold`, `maxgold`, `AIName`, `MovementType`, `InhabitType`, `Health_mod`, `Mana_mod`, `Armor_mod`, `RacialLeader`, `questItem1`, `questItem2`, `questItem3`, `questItem4`, `questItem5`, `questItem6`, `movementId`, `RegenHealth`, `equipment_id`, `mechanic_immune_mask`, `flags_extra`, `ScriptName`, `WDBVerified`) VALUES (400005, 0, 0, 0, 0, 0, 12917, 0, 0, 0, 'Инжинерное Дело', 'Реагенты', '', 0, 80, 80, 0, 35, 35, 4224, 1, 1, 1, 1, 50, 150, 0, 1000, 1, 2000, 0, 1, 0, 0, 0, 0, 0, 0, 0, 0, 0, 0, 7, 0, 0, 0, 0, 0, 0, 0, 0, 0, 0, 0, 0, 0, 0, 0, 0, 0, 0, 0, 0, 0, 0, 'SmartAI', 0, 3, 1, 1, 1, 0, 0, 0, 0, 0, 0, 0, 0, 1, 2026, 0, 0, '', 1);

REPLACE INTO `creature_template` (`entry`, `difficulty_entry_1`, `difficulty_entry_2`, `difficulty_entry_3`, `KillCredit1`, `KillCredit2`, `modelid1`, `modelid2`, `modelid3`, `modelid4`, `name`, `subname`, `IconName`, `gossip_menu_id`, `minlevel`, `maxlevel`, `exp`, `faction_A`, `faction_H`, `npcflag`, `speed_walk`, `speed_run`, `scale`, `rank`, `mindmg`, `maxdmg`, `dmgschool`, `attackpower`, `dmg_multiplier`, `baseattacktime`, `rangeattacktime`, `unit_class`, `unit_flags`, `dynamicflags`, `family`, `trainer_type`, `trainer_spell`, `trainer_class`, `trainer_race`, `minrangedmg`, `maxrangedmg`, `rangedattackpower`, `type`, `type_flags`, `lootid`, `pickpocketloot`, `skinloot`, `resistance1`, `resistance2`, `resistance3`, `resistance4`, `resistance5`, `resistance6`, `spell1`, `spell2`, `spell3`, `spell4`, `spell5`, `spell6`, `spell7`, `spell8`, `PetSpellDataId`, `VehicleId`, `mingold`, `maxgold`, `AIName`, `MovementType`, `InhabitType`, `Health_mod`, `Mana_mod`, `Armor_mod`, `RacialLeader`, `questItem1`, `questItem2`, `questItem3`, `questItem4`, `questItem5`, `questItem6`, `movementId`, `RegenHealth`, `equipment_id`, `mechanic_immune_mask`, `flags_extra`, `ScriptName`, `WDBVerified`) VALUES (400006, 0, 0, 0, 0, 0, 12917, 0, 0, 0, 'Наложение Чар', 'Реагенты', '', 0, 80, 80, 0, 35, 35, 4224, 1, 1, 1, 1, 50, 150, 0, 1000, 1, 2000, 0, 1, 0, 0, 0, 0, 0, 0, 0, 0, 0, 0, 7, 0, 0, 0, 0, 0, 0, 0, 0, 0, 0, 0, 0, 0, 0, 0, 0, 0, 0, 0, 0, 0, 0, 'SmartAI', 0, 3, 1, 1, 1, 0, 0, 0, 0, 0, 0, 0, 0, 1, 2026, 0, 0, '', 1);

REPLACE INTO `creature_template` (`entry`, `difficulty_entry_1`, `difficulty_entry_2`, `difficulty_entry_3`, `KillCredit1`, `KillCredit2`, `modelid1`, `modelid2`, `modelid3`, `modelid4`, `name`, `subname`, `IconName`, `gossip_menu_id`, `minlevel`, `maxlevel`, `exp`, `faction_A`, `faction_H`, `npcflag`, `speed_walk`, `speed_run`, `scale`, `rank`, `mindmg`, `maxdmg`, `dmgschool`, `attackpower`, `dmg_multiplier`, `baseattacktime`, `rangeattacktime`, `unit_class`, `unit_flags`, `dynamicflags`, `family`, `trainer_type`, `trainer_spell`, `trainer_class`, `trainer_race`, `minrangedmg`, `maxrangedmg`, `rangedattackpower`, `type`, `type_flags`, `lootid`, `pickpocketloot`, `skinloot`, `resistance1`, `resistance2`, `resistance3`, `resistance4`, `resistance5`, `resistance6`, `spell1`, `spell2`, `spell3`, `spell4`, `spell5`, `spell6`, `spell7`, `spell8`, `PetSpellDataId`, `VehicleId`, `mingold`, `maxgold`, `AIName`, `MovementType`, `InhabitType`, `Health_mod`, `Mana_mod`, `Armor_mod`, `RacialLeader`, `questItem1`, `questItem2`, `questItem3`, `questItem4`, `questItem5`, `questItem6`, `movementId`, `RegenHealth`, `equipment_id`, `mechanic_immune_mask`, `flags_extra`, `ScriptName`, `WDBVerified`) VALUES (400007, 0, 0, 0, 0, 0, 12917, 0, 0, 0, 'Начертание', 'Реагенты', '', 0, 80, 80, 0, 35, 35, 4224, 1, 1, 1, 1, 50, 150, 0, 1000, 1, 2000, 0, 1, 0, 0, 0, 0, 0, 0, 0, 0, 0, 0, 7, 0, 0, 0, 0, 0, 0, 0, 0, 0, 0, 0, 0, 0, 0, 0, 0, 0, 0, 0, 0, 0, 0, 'SmartAI', 0, 3, 1, 1, 1, 0, 0, 0, 0, 0, 0, 0, 0, 1, 2026, 0, 0, '', 1);

REPLACE INTO `creature_template` (`entry`, `difficulty_entry_1`, `difficulty_entry_2`, `difficulty_entry_3`, `KillCredit1`, `KillCredit2`, `modelid1`, `modelid2`, `modelid3`, `modelid4`, `name`, `subname`, `IconName`, `gossip_menu_id`, `minlevel`, `maxlevel`, `exp`, `faction_A`, `faction_H`, `npcflag`, `speed_walk`, `speed_run`, `scale`, `rank`, `mindmg`, `maxdmg`, `dmgschool`, `attackpower`, `dmg_multiplier`, `baseattacktime`, `rangeattacktime`, `unit_class`, `unit_flags`, `dynamicflags`, `family`, `trainer_type`, `trainer_spell`, `trainer_class`, `trainer_race`, `minrangedmg`, `maxrangedmg`, `rangedattackpower`, `type`, `type_flags`, `lootid`, `pickpocketloot`, `skinloot`, `resistance1`, `resistance2`, `resistance3`, `resistance4`, `resistance5`, `resistance6`, `spell1`, `spell2`, `spell3`, `spell4`, `spell5`, `spell6`, `spell7`, `spell8`, `PetSpellDataId`, `VehicleId`, `mingold`, `maxgold`, `AIName`, `MovementType`, `InhabitType`, `Health_mod`, `Mana_mod`, `Armor_mod`, `RacialLeader`, `questItem1`, `questItem2`, `questItem3`, `questItem4`, `questItem5`, `questItem6`, `movementId`, `RegenHealth`, `equipment_id`, `mechanic_immune_mask`, `flags_extra`, `ScriptName`, `WDBVerified`) VALUES (400008, 0, 0, 0, 0, 0, 12917, 0, 0, 0, 'Портное Дело', 'Реагенты', '', 0, 80, 80, 0, 35, 35, 4224, 1, 1, 1, 1, 50, 150, 0, 1000, 1, 2000, 0, 1, 0, 0, 0, 0, 0, 0, 0, 0, 0, 0, 7, 0, 0, 0, 0, 0, 0, 0, 0, 0, 0, 0, 0, 0, 0, 0, 0, 0, 0, 0, 0, 0, 0, 'SmartAI', 0, 3, 1, 1, 1, 0, 0, 0, 0, 0, 0, 0, 0, 1, 2026, 0, 0, '', 1);

REPLACE INTO `creature_template` (`entry`, `difficulty_entry_1`, `difficulty_entry_2`, `difficulty_entry_3`, `KillCredit1`, `KillCredit2`, `modelid1`, `modelid2`, `modelid3`, `modelid4`, `name`, `subname`, `IconName`, `gossip_menu_id`, `minlevel`, `maxlevel`, `exp`, `faction_A`, `faction_H`, `npcflag`, `speed_walk`, `speed_run`, `scale`, `rank`, `mindmg`, `maxdmg`, `dmgschool`, `attackpower`, `dmg_multiplier`, `baseattacktime`, `rangeattacktime`, `unit_class`, `unit_flags`, `dynamicflags`, `family`, `trainer_type`, `trainer_spell`, `trainer_class`, `trainer_race`, `minrangedmg`, `maxrangedmg`, `rangedattackpower`, `type`, `type_flags`, `lootid`, `pickpocketloot`, `skinloot`, `resistance1`, `resistance2`, `resistance3`, `resistance4`, `resistance5`, `resistance6`, `spell1`, `spell2`, `spell3`, `spell4`, `spell5`, `spell6`, `spell7`, `spell8`, `PetSpellDataId`, `VehicleId`, `mingold`, `maxgold`, `AIName`, `MovementType`, `InhabitType`, `Health_mod`, `Mana_mod`, `Armor_mod`, `RacialLeader`, `questItem1`, `questItem2`, `questItem3`, `questItem4`, `questItem5`, `questItem6`, `movementId`, `RegenHealth`, `equipment_id`, `mechanic_immune_mask`, `flags_extra`, `ScriptName`, `WDBVerified`) VALUES (400009, 0, 0, 0, 0, 0, 12917, 0, 0, 0, 'Рыба, Мясо и Трава', 'Реагенты', '', 0, 80, 80, 0, 35, 35, 4224, 1, 1, 1, 1, 50, 150, 0, 1000, 1, 2000, 0, 1, 0, 0, 0, 0, 0, 0, 0, 0, 0, 0, 7, 0, 0, 0, 0, 0, 0, 0, 0, 0, 0, 0, 0, 0, 0, 0, 0, 0, 0, 0, 0, 0, 0, 'SmartAI', 0, 3, 1, 1, 1, 0, 0, 0, 0, 0, 0, 0, 0, 1, 2026, 0, 0, '', 1);

REPLACE INTO `creature_template` (`entry`, `difficulty_entry_1`, `difficulty_entry_2`, `difficulty_entry_3`, `KillCredit1`, `KillCredit2`, `modelid1`, `modelid2`, `modelid3`, `modelid4`, `name`, `subname`, `IconName`, `gossip_menu_id`, `minlevel`, `maxlevel`, `exp`, `faction_A`, `faction_H`, `npcflag`, `speed_walk`, `speed_run`, `scale`, `rank`, `mindmg`, `maxdmg`, `dmgschool`, `attackpower`, `dmg_multiplier`, `baseattacktime`, `rangeattacktime`, `unit_class`, `unit_flags`, `dynamicflags`, `family`, `trainer_type`, `trainer_spell`, `trainer_class`, `trainer_race`, `minrangedmg`, `maxrangedmg`, `rangedattackpower`, `type`, `type_flags`, `lootid`, `pickpocketloot`, `skinloot`, `resistance1`, `resistance2`, `resistance3`, `resistance4`, `resistance5`, `resistance6`, `spell1`, `spell2`, `spell3`, `spell4`, `spell5`, `spell6`, `spell7`, `spell8`, `PetSpellDataId`, `VehicleId`, `mingold`, `maxgold`, `AIName`, `MovementType`, `InhabitType`, `Health_mod`, `Mana_mod`, `Armor_mod`, `RacialLeader`, `questItem1`, `questItem2`, `questItem3`, `questItem4`, `questItem5`, `questItem6`, `movementId`, `RegenHealth`, `equipment_id`, `mechanic_immune_mask`, `flags_extra`, `ScriptName`, `WDBVerified`) VALUES (400010, 0, 0, 0, 0, 0, 12917, 0, 0, 0, 'Ювелирное Дело', 'Реагенты', '', 0, 80, 80, 0, 35, 35, 4224, 1, 1, 1, 1, 50, 150, 0, 1000, 1, 2000, 0, 1, 0, 0, 0, 0, 0, 0, 0, 0, 0, 0, 7, 0, 0, 0, 0, 0, 0, 0, 0, 0, 0, 0, 0, 0, 0, 0, 0, 0, 0, 0, 0, 0, 0, 'SmartAI', 0, 3, 1, 1, 1, 0, 0, 0, 0, 0, 0, 0, 0, 1, 2026, 0, 0, '', 1);

UPDATE `npc_vendor` SET `ExtendedCost` = '634' WHERE `entry` IN (400000, 400001, 400002, 400003, 400004, 400005, 400006, 400007, 400008, 400009, 400010);


DELETE FROM `npc_vendor` WHERE (`entry`=400000);
INSERT INTO `npc_vendor` (`entry`, `slot`, `item`, `maxcount`, `incrtime`, `ExtendedCost`) VALUES 

(400000,0,2901,0,0,0),
(400000,0,6219,0,0,0),
(400000,0,10580,0,0,0),
(400000,0,20815,0,0,0),
(400000,0,23820,0,0,0),
(400000,0,5956,0,0,0),
(400000,0,7005,0,0,0),
(400000,0,10719,0,0,0),
(400000,0,20824,0,0,0),
(400000,0,37567,0,0,0),
(400000,0,40536,0,0,0),
(400000,0,40769,0,0,0),
(400000,0,40772,0,0,0),
(400000,0,40893,0,0,0),
(400000,0,41146,0,0,0),
(400000,0,40768,0,0,0),
(400000,0,40771,0,0,0),
(400000,0,40892,0,0,0),
(400000,0,41119,0,0,0),
(400000,0,41167,0,0,0),
(400000,0,42546,0,0,0),
(400000,0,44739,0,0,0),
(400000,0,47828,0,0,0),
(400000,0,7966,0,0,0),
(400000,0,49040,0,0,0),
(400000,0,42641,0,0,0),
(400000,0,44951,0,0,0),
(400000,0,3470,0,0,0),
(400000,0,3486,0,0,0);

DELETE FROM `npc_vendor` WHERE (`entry`=400001);
INSERT INTO `npc_vendor` (`entry`, `slot`, `item`, `maxcount`, `incrtime`, `ExtendedCost`) VALUES 

(400001,0,2447,0,0,0),
(400001,0,2449,0,0,0),
(400001,0,2452,0,0,0),
(400001,0,2450,0,0,0),
(400001,0,6358,0,0,0),
(400001,0,765,0,0,0),
(400001,0,785,0,0,0),
(400001,0,3164,0,0,0),
(400001,0,5635,0,0,0),
(400001,0,3820,0,0,0),
(400001,0,6370,0,0,0),
(400001,0,2453,0,0,0),
(400001,0,3372,0,0,0),
(400001,0,3818,0,0,0),
(400001,0,5637,0,0,0),
(400001,0,6522,0,0,0),
(400001,0,1288,0,0,0),
(400001,0,6371,0,0,0),
(400001,0,4402,0,0,0),
(400001,0,3821,0,0,0),
(400001,0,3357,0,0,0),
(400001,0,4625,0,0,0),
(400001,0,8831,0,0,0),
(400001,0,7067,0,0,0),
(400001,0,9262,0,0,0),
(400001,0,3358,0,0,0),
(400001,0,9260,0,0,0),
(400001,0,8925,0,0,0),
(400001,0,7972,0,0,0),
(400001,0,8153,0,0,0),
(400001,0,8836,0,0,0),
(400001,0,8839,0,0,0),
(400001,0,13422,0,0,0),
(400001,0,13463,0,0,0),
(400001,0,7080,0,0,0),
(400001,0,8845,0,0,0),
(400001,0,8846,0,0,0),
(400001,0,13423,0,0,0),
(400001,0,13466,0,0,0),
(400001,0,7082,0,0,0),
(400001,0,13467,0,0,0),
(400001,0,11176,0,0,0),
(400001,0,13468,0,0,0),
(400001,0,13465,0,0,0),
(400001,0,13464,0,0,0),
(400001,0,10286,0,0,0),
(400001,0,7077,0,0,0),
(400001,0,22785,0,0,0),
(400001,0,22787,0,0,0),
(400001,0,22792,0,0,0),
(400001,0,22790,0,0,0),
(400001,0,23571,0,0,0),
(400001,0,22791,0,0,0),
(400001,0,22786,0,0,0),
(400001,0,36907,0,0,0),
(400001,0,22794,0,0,0),
(400001,0,22789,0,0,0),
(400001,0,22901,0,0,0),
(400001,0,22793,0,0,0),
(400001,0,40199,0,0,0),
(400001,0,37921,0,0,0),
(400001,0,39970,0,0,0),
(400001,0,36906,0,0,0),
(400001,0,36905,0,0,0),
(400001,0,36908,0,0,0),
(400001,0,41814,0,0,0),
(400001,0,36904,0,0,0),
(400001,0,36903,0,0,0),
(400001,0,40411,0,0,0),
(400001,0,18256,0,0,0),
(400001,0,33448,0,0,0),
(400001,0,33447,0,0,0),
(400001,0,3371,0,0,0),
(400001,0,40195,0,0,0),
(400001,0,36901,0,0,0);

DELETE FROM `npc_vendor` WHERE (`entry`=400002);
INSERT INTO `npc_vendor` (`entry`, `slot`, `item`, `maxcount`, `incrtime`, `ExtendedCost`) VALUES 

(400002,0,2771,0,0,0),
(400002,0,2776,0,0,0),
(400002,0,3858,0,0,0),
(400002,0,10620,0,0,0),
(400002,0,11176,0,0,0),
(400002,0,2772,0,0,0),
(400002,0,3857,0,0,0),
(400002,0,7911,0,0,0),
(400002,0,11370,0,0,0),
(400002,0,23424,0,0,0),
(400002,0,21884,0,0,0),
(400002,0,18562,0,0,0),
(400002,0,17010,0,0,0),
(400002,0,23425,0,0,0),
(400002,0,36909,0,0,0),
(400002,0,22452,0,0,0),
(400002,0,12360,0,0,0),
(400002,0,18567,0,0,0),
(400002,0,23427,0,0,0),
(400002,0,23426,0,0,0),
(400002,0,36912,0,0,0),
(400002,0,36913,0,0,0),
(400002,0,2775,0,0,0),
(400002,0,3860,0,0,0),
(400002,0,36910,0,0,0),
(400002,0,37663,0,0,0),
(400002,0,41163,0,0,0),
(400002,0,3470,0,0,0),
(400002,0,36916,0,0,0),
(400002,0,2840,0,0,0),
(400002,0,3859,0,0,0);

DELETE FROM `npc_vendor` WHERE (`entry`=400003);
INSERT INTO `npc_vendor` (`entry`, `slot`, `item`, `maxcount`, `incrtime`, `ExtendedCost`) VALUES 

(400003,0,2934,0,0,0),
(400003,0,2320,0,0,0),
(400003,0,4231,0,0,0),
(400003,0,6470,0,0,0),
(400003,0,4232,0,0,0),
(400003,0,2318,0,0,0),
(400003,0,5082,0,0,0),
(400003,0,5498,0,0,0),
(400003,0,2319,0,0,0),
(400003,0,7286,0,0,0),
(400003,0,6471,0,0,0),
(400003,0,4234,0,0,0),
(400003,0,4236,0,0,0),
(400003,0,7392,0,0,0),
(400003,0,4304,0,0,0),
(400003,0,5637,0,0,0),
(400003,0,4461,0,0,0),
(400003,0,8169,0,0,0),
(400003,0,8167,0,0,0),
(400003,0,8172,0,0,0),
(400003,0,8154,0,0,0),
(400003,0,15412,0,0,0),
(400003,0,12803,0,0,0),
(400003,0,7075,0,0,0),
(400003,0,8171,0,0,0),
(400003,0,8170,0,0,0),
(400003,0,7081,0,0,0),
(400003,0,7078,0,0,0),
(400003,0,8165,0,0,0),
(400003,0,15408,0,0,0),
(400003,0,15417,0,0,0),
(400003,0,21887,0,0,0),
(400003,0,25700,0,0,0),
(400003,0,15416,0,0,0),
(400003,0,15407,0,0,0),
(400003,0,12810,0,0,0),
(400003,0,25649,0,0,0),
(400003,0,12753,0,0,0),
(400003,0,15414,0,0,0),
(400003,0,15415,0,0,0),
(400003,0,22457,0,0,0),
(400003,0,23793,0,0,0),
(400003,0,33567,0,0,0),
(400003,0,23571,0,0,0),
(400003,0,22452,0,0,0),
(400003,0,25699,0,0,0),
(400003,0,29547,0,0,0),
(400003,0,29539,0,0,0),
(400003,0,17056,0,0,0),
(400003,0,29548,0,0,0),
(400003,0,33568,0,0,0),
(400003,0,38558,0,0,0),
(400003,0,38561,0,0,0),
(400003,0,25707,0,0,0),
(400003,0,38425,0,0,0),
(400003,0,44128,0,0,0),
(400003,0,38557,0,0,0);

DELETE FROM `npc_vendor` WHERE (`entry`=400004);
INSERT INTO `npc_vendor` (`entry`, `slot`, `item`, `maxcount`, `incrtime`, `ExtendedCost`) VALUES 

(400004,0,34055,0,0,0),
(400004,0,35623,0,0,0),
(400004,0,35625,0,0,0),
(400004,0,36781,0,0,0),
(400004,0,37145,0,0,0),
(400004,0,35622,0,0,0),
(400004,0,35624,0,0,0),
(400004,0,35627,0,0,0),
(400004,0,36860,0,0,0),
(400004,0,37147,0,0,0),
(400004,0,43104,0,0,0),
(400004,0,43106,0,0,0),
(400004,0,43108,0,0,0),
(400004,0,44142,0,0,0),
(400004,0,44163,0,0,0),
(400004,0,44958,0,0,0),
(400004,0,45909,0,0,0),
(400004,0,47556,0,0,0),
(400004,0,37159,0,0,0),
(400004,0,37164,0,0,0),
(400004,0,37700,0,0,0),
(400004,0,37702,0,0,0),
(400004,0,37704,0,0,0),
(400004,0,37160,0,0,0),
(400004,0,37168,0,0,0),
(400004,0,37701,0,0,0),
(400004,0,37703,0,0,0),
(400004,0,37705,0,0,0),
(400004,0,43105,0,0,0),
(400004,0,43107,0,0,0),
(400004,0,43109,0,0,0),
(400004,0,44161,0,0,0),
(400004,0,44316,0,0,0),
(400004,0,45087,0,0,0),
(400004,0,23572,0,0,0),
(400004,0,39151,0,0,0),
(400004,0,39338,0,0,0),
(400004,0,39340,0,0,0),
(400004,0,39342,0,0,0),
(400004,0,39354,0,0,0),
(400004,0,39334,0,0,0),
(400004,0,39339,0,0,0),
(400004,0,39341,0,0,0),
(400004,0,39343,0,0,0),
(400004,0,39501,0,0,0),
(400004,0,44317,0,0,0),
(400004,0,44322,0,0,0),
(400004,0,44324,0,0,0),
(400004,0,44700,0,0,0),
(400004,0,44852,0,0,0),
(400004,0,39502,0,0,0),
(400004,0,40195,0,0,0),
(400004,0,40248,0,0,0),
(400004,0,42440,0,0,0),
(400004,0,43102,0,0,0),
(400004,0,39505,0,0,0),
(400004,0,40199,0,0,0),
(400004,0,40411,0,0,0),
(400004,0,43007,0,0,0),
(400004,0,43103,0,0,0),
(400004,0,44318,0,0,0),
(400004,0,44323,0,0,0),
(400004,0,44475,0,0,0),
(400004,0,44835,0,0,0),
(400004,0,44853,0,0,0);

DELETE FROM `npc_vendor` WHERE (`entry`=400005);
INSERT INTO `npc_vendor` (`entry`, `slot`, `item`, `maxcount`, `incrtime`, `ExtendedCost`) VALUES 

(400005,0,4357,0,0,0),
(400005,0,6219,0,0,0),
(400005,0,4399,0,0,0),
(400005,0,4364,0,0,0),
(400005,0,4371,0,0,0),
(400005,0,4359,0,0,0),
(400005,0,4361,0,0,0),
(400005,0,4363,0,0,0),
(400005,0,4404,0,0,0),
(400005,0,4377,0,0,0),
(400005,0,4375,0,0,0),
(400005,0,4382,0,0,0),
(400005,0,4387,0,0,0),
(400005,0,4389,0,0,0),
(400005,0,10498,0,0,0),
(400005,0,7506,0,0,0),
(400005,0,10558,0,0,0),
(400005,0,4388,0,0,0),
(400005,0,10505,0,0,0),
(400005,0,10559,0,0,0),
(400005,0,10560,0,0,0),
(400005,0,9061,0,0,0),
(400005,0,18631,0,0,0),
(400005,0,7191,0,0,0),
(400005,0,16006,0,0,0),
(400005,0,10561,0,0,0),
(400005,0,15992,0,0,0),
(400005,0,15994,0,0,0),
(400005,0,16000,0,0,0),
(400005,0,23783,0,0,0),
(400005,0,23781,0,0,0),
(400005,0,23784,0,0,0),
(400005,0,23786,0,0,0),
(400005,0,23785,0,0,0),
(400005,0,39690,0,0,0),
(400005,0,23782,0,0,0),
(400005,0,32423,0,0,0),
(400005,0,23787,0,0,0),
(400005,0,39681,0,0,0),
(400005,0,39682,0,0,0);

DELETE FROM `npc_vendor` WHERE (`entry`=400006);
INSERT INTO `npc_vendor` (`entry`, `slot`, `item`, `maxcount`, `incrtime`, `ExtendedCost`) VALUES 

(400006,0,6217,0,0,0),
(400006,0,10938,0,0,0),
(400006,0,17034,0,0,0),
(400006,0,10978,0,0,0),
(400006,0,6371,0,0,0),
(400006,0,10940,0,0,0),
(400006,0,4470,0,0,0),
(400006,0,10939,0,0,0),
(400006,0,10998,0,0,0),
(400006,0,11083,0,0,0),
(400006,0,11084,0,0,0),
(400006,0,11128,0,0,0),
(400006,0,6339,0,0,0),
(400006,0,11291,0,0,0),
(400006,0,11139,0,0,0),
(400006,0,11082,0,0,0),
(400006,0,5500,0,0,0),
(400006,0,11134,0,0,0),
(400006,0,11137,0,0,0),
(400006,0,11138,0,0,0),
(400006,0,11135,0,0,0),
(400006,0,11174,0,0,0),
(400006,0,11175,0,0,0),
(400006,0,11178,0,0,0),
(400006,0,16202,0,0,0),
(400006,0,11144,0,0,0),
(400006,0,11177,0,0,0),
(400006,0,11176,0,0,0),
(400006,0,3829,0,0,0),
(400006,0,7078,0,0,0),
(400006,0,14343,0,0,0),
(400006,0,7075,0,0,0),
(400006,0,16204,0,0,0),
(400006,0,7080,0,0,0),
(400006,0,13467,0,0,0),
(400006,0,7077,0,0,0),
(400006,0,7079,0,0,0),
(400006,0,16203,0,0,0),
(400006,0,7082,0,0,0),
(400006,0,16206,0,0,0),
(400006,0,13926,0,0,0),
(400006,0,20725,0,0,0),
(400006,0,22445,0,0,0),
(400006,0,12803,0,0,0),
(400006,0,22446,0,0,0),
(400006,0,14344,0,0,0),
(400006,0,25843,0,0,0),
(400006,0,12808,0,0,0),
(400006,0,22448,0,0,0),
(400006,0,22447,0,0,0),
(400006,0,22452,0,0,0),
(400006,0,22456,0,0,0),
(400006,0,22450,0,0,0),
(400006,0,22461,0,0,0),
(400006,0,34054,0,0,0),
(400006,0,22449,0,0,0),
(400006,0,22451,0,0,0),
(400006,0,25844,0,0,0),
(400006,0,22573,0,0,0),
(400006,0,34056,0,0,0),
(400006,0,25845,0,0,0),
(400006,0,34052,0,0,0),
(400006,0,34057,0,0,0),
(400006,0,44452,0,0,0),
(400006,0,34055,0,0,0),
(400006,0,41745,0,0,0),
(400006,0,7081,0,0,0),
(400006,0,22463,0,0,0),
(400006,0,22462,0,0,0);

DELETE FROM `npc_vendor` WHERE (`entry`=400007);
INSERT INTO `npc_vendor` (`entry`, `slot`, `item`, `maxcount`, `incrtime`, `ExtendedCost`) VALUES 

(400007,0,39151,0,0,0),
(400007,0,37101,0,0,0),
(400007,0,39334,0,0,0),
(400007,0,43116,0,0,0),
(400007,0,43120,0,0,0),
(400007,0,39354,0,0,0),
(400007,0,39469,0,0,0),
(400007,0,39774,0,0,0),
(400007,0,43118,0,0,0),
(400007,0,43124,0,0,0),
(400007,0,39501,0,0,0),
(400007,0,43126,0,0,0),
(400007,0,43119,0,0,0),
(400007,0,43122,0,0,0),
(400007,0,43127,0,0,0),
(400007,0,39502,0,0,0),
(400007,0,43117,0,0,0),
(400007,0,43121,0,0,0),
(400007,0,43125,0,0,0),
(400007,0,45912,0,0,0),
(400007,0,10648,0,0,0),
(400007,0,43123,0,0,0),
(400007,0,43109,0,0,0),
(400007,0,39393,0,0,0),
(400007,0,43108,0,0,0),
(400007,0,39342,0,0,0),
(400007,0,43107,0,0,0),
(400007,0,39341,0,0,0),
(400007,0,43106,0,0,0),
(400007,0,39340,0,0,0),
(400007,0,43105,0,0,0),
(400007,0,39339,0,0,0),
(400007,0,43104,0,0,0),
(400007,0,39338,0,0,0),
(400007,0,43103,0,0,0);

DELETE FROM `npc_vendor` WHERE (`entry`=400008);
INSERT INTO `npc_vendor` (`entry`, `slot`, `item`, `maxcount`, `incrtime`, `ExtendedCost`) VALUES 

(400008,0,2589,0,0,0),
(400008,0,2320,0,0,0),
(400008,0,2604,0,0,0),
(400008,0,2605,0,0,0),
(400008,0,2592,0,0,0),
(400008,0,2996,0,0,0),
(400008,0,2324,0,0,0),
(400008,0,6260,0,0,0),
(400008,0,2321,0,0,0),
(400008,0,2997,0,0,0),
(400008,0,5498,0,0,0),
(400008,0,4306,0,0,0),
(400008,0,3182,0,0,0),
(400008,0,4291,0,0,0),
(400008,0,4338,0,0,0),
(400008,0,4340,0,0,0),
(400008,0,4305,0,0,0),
(400008,0,4341,0,0,0),
(400008,0,7071,0,0,0),
(400008,0,5339,0,0,0),
(400008,0,6371,0,0,0),
(400008,0,2325,0,0,0),
(400008,0,6261,0,0,0),
(400008,0,14047,0,0,0),
(400008,0,14256,0,0,0),
(400008,0,4337,0,0,0),
(400008,0,8343,0,0,0),
(400008,0,10290,0,0,0),
(400008,0,14048,0,0,0),
(400008,0,14342,0,0,0),
(400008,0,14341,0,0,0),
(400008,0,21877,0,0,0),
(400008,0,21842,0,0,0),
(400008,0,38426,0,0,0),
(400008,0,33470,0,0,0),
(400008,0,14227,0,0,0),
(400008,0,21840,0,0,0),
(400008,0,21844,0,0,0),
(400008,0,41510,0,0,0),
(400008,0,24272,0,0,0),
(400008,0,24271,0,0,0),
(400008,0,41511,0,0,0),
(400008,0,41593,0,0,0),
(400008,0,49908,0,0,0),
(400008,0,42253,0,0,0),
(400008,0,41595,0,0,0),
(400008,0,4339,0,0,0),
(400008,0,41520,0,0,0),
(400008,0,12622,0,0,0),
(400008,0,9210,0,0,0),
(400008,0,3827,0,0,0),
(400008,0,41594,0,0,0);

DELETE FROM `npc_vendor` WHERE (`entry`=400009);
INSERT INTO `npc_vendor` (`entry`, `slot`, `item`, `maxcount`, `incrtime`, `ExtendedCost`) VALUES 

(400009,0,34736,0,0,0),
(400009,0,36782,0,0,0),
(400009,0,36902,0,0,0),
(400009,0,36904,0,0,0),
(400009,0,36906,0,0,0),
(400009,0,35794,0,0,0),
(400009,0,36901,0,0,0),
(400009,0,36903,0,0,0),
(400009,0,36905,0,0,0),
(400009,0,36907,0,0,0),
(400009,0,36908,0,0,0),
(400009,0,41800,0,0,0),
(400009,0,41802,0,0,0),
(400009,0,41805,0,0,0),
(400009,0,41807,0,0,0),
(400009,0,37921,0,0,0),
(400009,0,41801,0,0,0),
(400009,0,41803,0,0,0),
(400009,0,41806,0,0,0),
(400009,0,41808,0,0,0),
(400009,0,41809,0,0,0),
(400009,0,41812,0,0,0),
(400009,0,41814,0,0,0),
(400009,0,43010,0,0,0),
(400009,0,43012,0,0,0),
(400009,0,41810,0,0,0),
(400009,0,41813,0,0,0),
(400009,0,43009,0,0,0),
(400009,0,43011,0,0,0),
(400009,0,43013,0,0,0),
(400009,0,43501,0,0,0),
(400009,0,43572,0,0,0),
(400009,0,43647,0,0,0),
(400009,0,44834,0,0,0),
(400009,0,43016,0,0,0),
(400009,0,43571,0,0,0),
(400009,0,43646,0,0,0),
(400009,0,43652,0,0,0),
(400009,0,43007,0,0,0),
(400009,0,45907,0,0,0),
(400009,0,39152,0,0,0),
(400009,0,38688,0,0,0);

DELETE FROM `npc_vendor` WHERE (`entry`=400010);
INSERT INTO `npc_vendor` (`entry`, `slot`, `item`, `maxcount`, `incrtime`, `ExtendedCost`) VALUES 

(400010,0,2835,0,0,0),
(400010,0,774,0,0,0),
(400010,0,20816,0,0,0),
(400010,0,1206,0,0,0),
(400010,0,5498,0,0,0),
(400010,0,818,0,0,0),
(400010,0,2836,0,0,0),
(400010,0,1210,0,0,0),
(400010,0,1705,0,0,0),
(400010,0,3577,0,0,0),
(400010,0,7067,0,0,0),
(400010,0,3864,0,0,0),
(400010,0,1529,0,0,0),
(400010,0,7912,0,0,0),
(400010,0,7971,0,0,0),
(400010,0,6037,0,0,0),
(400010,0,7910,0,0,0),
(400010,0,3407,0,0,0),
(400010,0,8151,0,0,0),
(400010,0,12365,0,0,0),
(400010,0,21752,0,0,0),
(400010,0,12799,0,0,0),
(400010,0,12361,0,0,0),
(400010,0,12804,0,0,0),
(400010,0,21929,0,0,0),
(400010,0,7909,0,0,0),
(400010,0,12800,0,0,0),
(400010,0,12363,0,0,0),
(400010,0,23077,0,0,0),
(400010,0,23112,0,0,0),
(400010,0,23079,0,0,0),
(400010,0,23117,0,0,0),
(400010,0,31079,0,0,0),
(400010,0,24243,0,0,0),
(400010,0,22578,0,0,0),
(400010,0,23107,0,0,0),
(400010,0,23447,0,0,0),
(400010,0,23445,0,0,0),
(400010,0,22452,0,0,0),
(400010,0,23448,0,0,0),
(400010,0,23438,0,0,0),
(400010,0,23439,0,0,0),
(400010,0,23437,0,0,0),
(400010,0,36923,0,0,0),
(400010,0,36926,0,0,0),
(400010,0,23436,0,0,0),
(400010,0,23441,0,0,0),
(400010,0,36932,0,0,0),
(400010,0,36917,0,0,0),
(400010,0,21884,0,0,0),
(400010,0,21885,0,0,0),
(400010,0,22457,0,0,0),
(400010,0,25867,0,0,0),
(400010,0,32249,0,0,0),
(400010,0,32228,0,0,0),
(400010,0,23440,0,0,0),
(400010,0,21886,0,0,0),
(400010,0,25868,0,0,0),
(400010,0,32227,0,0,0),
(400010,0,42225,0,0,0),
(400010,0,32231,0,0,0),
(400010,0,32230,0,0,0),
(400010,0,36930,0,0,0),
(400010,0,36927,0,0,0),
(400010,0,41334,0,0,0),
(400010,0,32229,0,0,0),
(400010,0,36918,0,0,0),
(400010,0,36933,0,0,0),
(400010,0,36921,0,0,0),
(400010,0,41266,0,0,0),
(400010,0,36783,0,0,0),
(400010,0,36925,0,0,0),
(400010,0,36934,0,0,0),
(400010,0,41596,0,0,0),
(400010,0,36924,0,0,0),
(400010,0,36931,0,0,0),
(400010,0,36919,0,0,0),
(400010,0,36928,0,0,0),
(400010,0,36922,0,0,0),
(400010,0,2838,0,0,0),
(400010,0,36920,0,0,0),
(400010,0,36929,0,0,0),
(400010,0,34054,0,0,0),
(400010,0,36784,0,0,0),
(400010,0,11754,0,0,0),
(400010,0,34052,0,0,0),
(400010,0,24479,0,0,0),
(400010,0,24478,0,0,0),
(400010,0,12364,0,0,0),
(400010,0,20963,0,0,0),
(400010,0,11137,0,0,0),
(400010,0,20817,0,0,0);




DELETE FROM `smart_scripts` WHERE (`entryorguid`=400000 AND `source_type`=0);
INSERT INTO `smart_scripts` (`entryorguid`, `source_type`, `id`, `link`, `event_type`, `event_phase_mask`, `event_chance`, `event_flags`, `event_param1`, `event_param2`, `event_param3`, `event_param4`, `action_type`, `action_param1`, `action_param2`, `action_param3`, `action_param4`, `action_param5`, `action_param6`, `target_type`, `target_param1`, `target_param2`, `target_param3`, `target_x`, `target_y`, `target_z`, `target_o`, `comment`) VALUES 

('400000', '0', '1', '0', '1', '0', '100', '0', '2000', '2000', '10000', '10000', '11', '68758', '0', '0', '0', '0', '0', '1', '0', '0', '0', '0', '0', '0', '0', 'Arthur the Faithful Cast Holy Light Rank 13');

DELETE FROM `smart_scripts` WHERE (`entryorguid`=400001 AND `source_type`=0);
INSERT INTO `smart_scripts` (`entryorguid`, `source_type`, `id`, `link`, `event_type`, `event_phase_mask`, `event_chance`, `event_flags`, `event_param1`, `event_param2`, `event_param3`, `event_param4`, `action_type`, `action_param1`, `action_param2`, `action_param3`, `action_param4`, `action_param5`, `action_param6`, `target_type`, `target_param1`, `target_param2`, `target_param3`, `target_x`, `target_y`, `target_z`, `target_o`, `comment`) VALUES 

('400001', '0', '1', '0', '1', '0', '100', '0', '2000', '2000', '10000', '10000', '11', '68758', '0', '0', '0', '0', '0', '1', '0', '0', '0', '0', '0', '0', '0', 'Arthur the Faithful Cast Holy Light Rank 13');

DELETE FROM `smart_scripts` WHERE (`entryorguid`=400002 AND `source_type`=0);
INSERT INTO `smart_scripts` (`entryorguid`, `source_type`, `id`, `link`, `event_type`, `event_phase_mask`, `event_chance`, `event_flags`, `event_param1`, `event_param2`, `event_param3`, `event_param4`, `action_type`, `action_param1`, `action_param2`, `action_param3`, `action_param4`, `action_param5`, `action_param6`, `target_type`, `target_param1`, `target_param2`, `target_param3`, `target_x`, `target_y`, `target_z`, `target_o`, `comment`) VALUES 

('400002', '0', '1', '0', '1', '0', '100', '0', '2000', '2000', '10000', '10000', '11', '68758', '0', '0', '0', '0', '0', '1', '0', '0', '0', '0', '0', '0', '0', 'Arthur the Faithful Cast Holy Light Rank 13');

DELETE FROM `smart_scripts` WHERE (`entryorguid`=400003 AND `source_type`=0);
INSERT INTO `smart_scripts` (`entryorguid`, `source_type`, `id`, `link`, `event_type`, `event_phase_mask`, `event_chance`, `event_flags`, `event_param1`, `event_param2`, `event_param3`, `event_param4`, `action_type`, `action_param1`, `action_param2`, `action_param3`, `action_param4`, `action_param5`, `action_param6`, `target_type`, `target_param1`, `target_param2`, `target_param3`, `target_x`, `target_y`, `target_z`, `target_o`, `comment`) VALUES 

('400003', '0', '1', '0', '1', '0', '100', '0', '2000', '2000', '10000', '10000', '11', '68758', '0', '0', '0', '0', '0', '1', '0', '0', '0', '0', '0', '0', '0', 'Arthur the Faithful Cast Holy Light Rank 13');

DELETE FROM `smart_scripts` WHERE (`entryorguid`=400004 AND `source_type`=0);
INSERT INTO `smart_scripts` (`entryorguid`, `source_type`, `id`, `link`, `event_type`, `event_phase_mask`, `event_chance`, `event_flags`, `event_param1`, `event_param2`, `event_param3`, `event_param4`, `action_type`, `action_param1`, `action_param2`, `action_param3`, `action_param4`, `action_param5`, `action_param6`, `target_type`, `target_param1`, `target_param2`, `target_param3`, `target_x`, `target_y`, `target_z`, `target_o`, `comment`) VALUES 

('400004', '0', '1', '0', '1', '0', '100', '0', '2000', '2000', '10000', '10000', '11', '68758', '0', '0', '0', '0', '0', '1', '0', '0', '0', '0', '0', '0', '0', 'Arthur the Faithful Cast Holy Light Rank 13');

DELETE FROM `smart_scripts` WHERE (`entryorguid`=400005 AND `source_type`=0);
INSERT INTO `smart_scripts` (`entryorguid`, `source_type`, `id`, `link`, `event_type`, `event_phase_mask`, `event_chance`, `event_flags`, `event_param1`, `event_param2`, `event_param3`, `event_param4`, `action_type`, `action_param1`, `action_param2`, `action_param3`, `action_param4`, `action_param5`, `action_param6`, `target_type`, `target_param1`, `target_param2`, `target_param3`, `target_x`, `target_y`, `target_z`, `target_o`, `comment`) VALUES 

('400005', '0', '1', '0', '1', '0', '100', '0', '2000', '2000', '10000', '10000', '11', '68758', '0', '0', '0', '0', '0', '1', '0', '0', '0', '0', '0', '0', '0', 'Arthur the Faithful Cast Holy Light Rank 13');

DELETE FROM `smart_scripts` WHERE (`entryorguid`=400006 AND `source_type`=0);
INSERT INTO `smart_scripts` (`entryorguid`, `source_type`, `id`, `link`, `event_type`, `event_phase_mask`, `event_chance`, `event_flags`, `event_param1`, `event_param2`, `event_param3`, `event_param4`, `action_type`, `action_param1`, `action_param2`, `action_param3`, `action_param4`, `action_param5`, `action_param6`, `target_type`, `target_param1`, `target_param2`, `target_param3`, `target_x`, `target_y`, `target_z`, `target_o`, `comment`) VALUES 

('400006', '0', '1', '0', '1', '0', '100', '0', '2000', '2000', '10000', '10000', '11', '68758', '0', '0', '0', '0', '0', '1', '0', '0', '0', '0', '0', '0', '0', 'Arthur the Faithful Cast Holy Light Rank 13');

DELETE FROM `smart_scripts` WHERE (`entryorguid`=400007 AND `source_type`=0);
INSERT INTO `smart_scripts` (`entryorguid`, `source_type`, `id`, `link`, `event_type`, `event_phase_mask`, `event_chance`, `event_flags`, `event_param1`, `event_param2`, `event_param3`, `event_param4`, `action_type`, `action_param1`, `action_param2`, `action_param3`, `action_param4`, `action_param5`, `action_param6`, `target_type`, `target_param1`, `target_param2`, `target_param3`, `target_x`, `target_y`, `target_z`, `target_o`, `comment`) VALUES 

('400007', '0', '1', '0', '1', '0', '100', '0', '2000', '2000', '10000', '10000', '11', '68758', '0', '0', '0', '0', '0', '1', '0', '0', '0', '0', '0', '0', '0', 'Arthur the Faithful Cast Holy Light Rank 13');

DELETE FROM `smart_scripts` WHERE (`entryorguid`=400008 AND `source_type`=0);
INSERT INTO `smart_scripts` (`entryorguid`, `source_type`, `id`, `link`, `event_type`, `event_phase_mask`, `event_chance`, `event_flags`, `event_param1`, `event_param2`, `event_param3`, `event_param4`, `action_type`, `action_param1`, `action_param2`, `action_param3`, `action_param4`, `action_param5`, `action_param6`, `target_type`, `target_param1`, `target_param2`, `target_param3`, `target_x`, `target_y`, `target_z`, `target_o`, `comment`) VALUES 

('400008', '0', '1', '0', '1', '0', '100', '0', '2000', '2000', '10000', '10000', '11', '68758', '0', '0', '0', '0', '0', '1', '0', '0', '0', '0', '0', '0', '0', 'Arthur the Faithful Cast Holy Light Rank 13');

DELETE FROM `smart_scripts` WHERE (`entryorguid`=400009 AND `source_type`=0);
INSERT INTO `smart_scripts` (`entryorguid`, `source_type`, `id`, `link`, `event_type`, `event_phase_mask`, `event_chance`, `event_flags`, `event_param1`, `event_param2`, `event_param3`, `event_param4`, `action_type`, `action_param1`, `action_param2`, `action_param3`, `action_param4`, `action_param5`, `action_param6`, `target_type`, `target_param1`, `target_param2`, `target_param3`, `target_x`, `target_y`, `target_z`, `target_o`, `comment`) VALUES 

('400009', '0', '1', '0', '1', '0', '100', '0', '2000', '2000', '10000', '10000', '11', '68758', '0', '0', '0', '0', '0', '1', '0', '0', '0', '0', '0', '0', '0', 'Arthur the Faithful Cast Holy Light Rank 13');

DELETE FROM `smart_scripts` WHERE (`entryorguid`=400010 AND `source_type`=0);
INSERT INTO `smart_scripts` (`entryorguid`, `source_type`, `id`, `link`, `event_type`, `event_phase_mask`, `event_chance`, `event_flags`, `event_param1`, `event_param2`, `event_param3`, `event_param4`, `action_type`, `action_param1`, `action_param2`, `action_param3`, `action_param4`, `action_param5`, `action_param6`, `target_type`, `target_param1`, `target_param2`, `target_param3`, `target_x`, `target_y`, `target_z`, `target_o`, `comment`) VALUES 

('400010', '0', '1', '0', '1', '0', '100', '0', '2000', '2000', '10000', '10000', '11', '68758', '0', '0', '0', '0', '0', '1', '0', '0', '0', '0', '0', '0', '0', 'Arthur the Faithful Cast Holy Light Rank 13');
