DELETE FROM creature_template WHERE `entry`=300000; 
DELETE FROM creature WHERE `id`=300000; 
DELETE FROM gossip_menu WHERE `entry` IN (30000,30001,30002,30003,30004,30005,30006,30007,30008,30009,30010); 
DELETE FROM gossip_menu_option WHERE `menu_id` IN (30000,30001,30002,30003,30004,30005,30006,30007,30008,30009,30010); 
DELETE FROM gossip_scripts WHERE id>30000-1 AND id<3000076; 
DELETE FROM npc_text WHERE `id` IN (300000,300001,300002,300003,300004,300005,300006,300007,300008,300009,300010); 

INSERT INTO creature_template (entry, heroic_entry, KillCredit1, KillCredit2, modelid_A, modelid_A2, modelid_H, modelid_H2, name, subname, gossip_menu_id, minlevel, maxlevel, minhealth, maxhealth, minmana, maxmana, armor, faction_A, faction_H, npcflag, speed, scale, rank, mindmg, maxdmg, dmgschool, attackpower, baseattacktime, rangeattacktime, unit_flags, dynamicflags, family, trainer_type, trainer_spell, class, race, minrangedmg, maxrangedmg, rangedattackpower, type, type_flags, lootid, pickpocketloot, skinloot, resistance1, resistance2, resistance3, resistance4, resistance5, resistance6, spell1, spell2, spell3, spell4, petSpellDataId, mingold, maxgold, AIName, MovementType, InhabitType, RacialLeader, RegenHealth, equipment_id, mechanic_immune_mask, flags_extra, ScriptName) VALUES 
(300000, '0', '0', '0', '7857', '0', '7857', '0', "Teleport Master", "WoW Team", '30000', 71, 71, 13700, 13700, 6540, 6540, 5700, 35, 35, 3, 1, 1.5, 1, 0, 0, 0, 0, 0, 0, 2, 0, 0, 0, 0, 0, 0, 0, 0, 0, 7, 138936390, 0, 0, 0,  0, 0, 0, 0, 0, 0, 0, 0, 0, 0, 0, 0, 0, "", 0, 3, 0, 1, 0, 0, 2, ""); 

INSERT INTO gossip_menu (entry, text_id) VALUES    

(30000, 300000), 
(30001, 300001), 
(30002, 300002), 
(30003, 300003), 
(30004, 300004), 
(30005, 300005), 
(30006, 300006), 
(30007, 300007), 
(30008, 300008), 
(30009, 300009), 
(30010, 300010); 

INSERT INTO gossip_menu_option (menu_id, id, option_icon, option_text, option_id, npc_option_npcflag, action_menu_id, action_poi_id, action_script_id, box_coded, box_money, box_text) VALUES    

(30000, 1, 3, 'City', 1, 1, 30001, 0, 0, 0, 0, NULL), 
(30001, 1, 2, 'Stormwind', 1, 1, 0, 0, 30000, 0, 0, 'Вы уверены что хотите отправиться в Stormwind?'), 
(30001, 2, 2, 'Orgrimmar', 1, 1, 0, 0, 30001, 0, 0, 'Вы уверены что хотите отправиться в Orgrimmar?'), 
(30001, 3, 2, 'Darnassus', 1, 1, 0, 0, 30002, 0, 0, 'Вы уверены что хотите отправиться в Darnassus?'), 
(30001, 4, 2, 'Ironforge', 1, 1, 0, 0, 30003, 0, 0, 'Вы уверены что хотите отправиться в Ironforge?'), 
(30001, 5, 2, 'Thunder Bluff', 1, 1, 0, 0, 30004, 0, 0, 'Вы уверены что хотите отправиться в Thunder Bluff?'), 
(30001, 6, 2, 'Undercity', 1, 1, 0, 0, 30005, 0, 0, 'Вы уверены что хотите отправиться в Undercity?'), 
(30001, 7, 2, 'Booty Bay', 1, 1, 0, 0, 30006, 0, 0, 'Вы уверены что хотите отправиться в Booty Bay?'), 
(30001, 8, 2, 'Gurubashi Arena', 1, 1, 0, 0, 30007, 0, 0, 'Вы уверены что хотите отправиться на  Gurubashi Arena?'), 
(30001, 9, 7, 'Back..', 1, 1, 30000, 0, 0, 0, 0, NULL), 

(30000, 2, 3, 'Kalimdor A-M', 1, 1, 30002, 0, 0, 0, 0, NULL), 
(30002, 1, 2, 'Ashenvale Forest', 1, 1, 0, 0, 30029, 0, 0, 'Вы уверены что хотите отправиться в Ashenvale Forest?'), 
(30002, 2, 2, 'Azshara', 1, 1, 0, 0, 30035, 0, 0, 'Вы уверены что хотите отправиться в Azshara?'), 
(30002, 3, 2, 'Darkshore', 1, 1, 0, 0, 30026, 0, 0, 'Вы уверены что хотите отправиться в Darkshore?'), 
(30002, 4, 2, 'Desolace', 1, 1, 0, 0, 30031, 0, 0, 'Вы уверены что хотите отправиться в Desolace?'), 
(30002, 5, 2, 'Durotar', 1, 1, 0, 0, 30024, 0, 0, 'Вы уверены что хотите отправиться в Durotar?'), 
(30002, 6, 2, 'Dustwallow Marsh', 1, 1, 0, 0, 30032, 0, 0, 'Вы уверены что хотите отправиться в Dustwallow Marsh?'), 
(30002, 7, 2, 'Felwood', 1, 1, 0, 0, 30036, 0, 0, 'Вы уверены что хотите отправиться в Felwood?'), 
(30002, 8, 2, 'Feralas', 1, 1, 0, 0, 30033, 0, 0, 'Вы уверены что хотите отправиться в Feralas?'), 
(30002, 9, 2, 'Moonglade', 1, 1, 0, 0, 30074, 0, 0, 'Вы уверены что хотите отправиться в Moonglade?'), 
(30002, 10, 2, 'Mulgore', 1, 1, 0, 0, 30025, 0, 0, 'Вы уверены что хотите отправиться в Mulgore?'), 
(30002, 11, 7, 'Back..', 1, 1, 30000, 0, 0, 0, 0, NULL), 

(30000, 3, 3, 'Kalimdor S-W', 1, 1, 30003, 0, 0, 0, 0, NULL), 
(30003, 1, 2, 'Silithus', 1, 1, 0, 0, 30075, 0, 0, 'Вы уверены что хотите отправиться в Silithus?'), 
(30003, 2, 2, 'Stonetalon Mountains', 1, 1, 0, 0, 30028, 0, 0, 'Вы уверены что хотите отправиться в Stonetalon Mountains?'), 
(30003, 3, 2, 'Tanaris Desert', 1, 1, 0, 0, 30034, 0, 0, 'Вы уверены что хотите отправиться в Tanaris Desert?'), 
(30003, 4, 2, 'Teldrassil', 1, 1, 0, 0, 30023, 0, 0, 'Вы уверены что хотите отправиться в Teldrassil?'), 
(30003, 5, 2, 'The Barrens', 1, 1, 0, 0, 30027, 0, 0, 'Вы уверены что хотите отправиться в The Barrens?'), 
(30003, 6, 2, 'Thousand Needles', 1, 1, 0, 0, 30030, 0, 0, 'Вы уверены что хотите отправиться в Thousand Needles?'), 
(30003, 7, 2, 'Un''Goro Crater', 1, 1, 0, 0, 30037, 0, 0, 'Вы уверены что хотите отправиться в Un''Goro Crater?'), 
(30003, 8, 2, 'Winterspring', 1, 1, 0, 0, 30076, 0, 0, 'Вы уверены что хотите отправиться в Winterspring?'), 
(30003, 9, 7, 'Back..', 1, 1, 30000, 0, 0, 0, 0, NULL), 

(30000, 4, 9, 'Kalimdor Dungeon', 1, 1, 30004, 0, 0, 0, 0, NULL), 
(30004, 1, 2, 'Blackfathom Deeps', 1, 1, 0, 0, 30047, 0, 0, 'Вы уверены что хотите отправиться в Blackfathom Deeps?'), 
(30004, 2, 2, 'Dire Maul', 1, 1, 0, 0, 30050, 0, 0, 'Вы уверены что хотите отправиться в Dire Maul?'), 
(30004, 3, 2, 'Maraudon', 1, 1, 0, 0, 30051, 0, 0, 'Вы уверены что хотите отправиться в Maraudon?'), 
(30004, 4, 2, 'Ragefire Chasm', 1, 1, 0, 0, 30041, 0, 0, 'Вы уверены что хотите отправиться в Ragefire Chasm?'), 
(30004, 5, 2, 'Razorfen Downs', 1, 1, 0, 0, 30042, 0, 0, 'Вы уверены что хотите отправиться в Razorfen Downs?'), 
(30004, 6, 2, 'Razorfen Kraul', 1, 1, 0, 0, 30043, 0, 0, 'Вы уверены что хотите отправиться в Razorfen Kraul?'), 
(30004, 7, 2, 'Wailing Caverns', 1, 1, 0, 0, 30046, 0, 0, 'Вы уверены что хотите отправиться в Wailing Caverns?'), 
(30004, 8, 2, 'Zul''Farrak', 1, 1, 0, 0, 30063, 0, 0, 'Вы уверены что хотите отправиться в Zul''Farrak?'), 
(30004, 9, 7, 'Back..', 1, 1, 30000, 0, 0, 0, 0, NULL), 

(30000, 5, 3, 'Eastern Kingdoms A-H', 1, 1, 30005, 0, 0, 0, 0, NULL), 
(30005, 1, 2, 'Alterac Mountains', 1, 1, 0, 0, 30018, 0, 0, 'Вы уверены что хотите отправиться в Alterac Mountains?'), 
(30005, 2, 2, 'Arathi Highlands', 1, 1, 0, 0, 30019, 0, 0, 'Вы уверены что хотите отправиться в Arathi Highlands?'), 
(30005, 3, 2, 'Badlands', 1, 1, 0, 0, 30021, 0, 0, 'Вы уверены что хотите отправиться в Badlands?'), 
(30005, 4, 2, 'Blasted Lands', 1, 1, 0, 0, 30068, 0, 0, 'Вы уверены что хотите отправиться в Blasted Lands?'), 
(30005, 5, 2, 'Burning Steppes', 1, 1, 0, 0, 30069, 0, 0, 'Вы уверены что хотите отправиться в Burning Steppes?'), 
(30005, 6, 2, 'Deadwind Pass', 1, 1, 0, 0, 30070, 0, 0, 'Вы уверены что хотите отправиться в Deadwind Pass?'), 
(30005, 7, 2, 'Dun Morogh', 1, 1, 0, 0, 30009, 0, 0, 'Вы уверены что хотите отправиться в Dun Morogh?'), 
(30005, 8, 2, 'Duskwood', 1, 1, 0, 0, 30015, 0, 0, 'Вы уверены что хотите отправиться в Duskwood?'), 
(30005, 9, 2, 'Eastern Plaguelands', 1, 1, 0, 0, 30064, 0, 0, 'Вы уверены что хотите отправиться в Eastern Plaguelands?'), 
(30005, 10, 2, 'Elwynn Forest', 1, 1, 0, 0, 30008, 0, 0, 'Вы уверены что хотите отправиться в Elwynn Forest?'), 
(30005, 11, 2, 'Hillsbrad Foothills', 1, 1, 0, 0, 30016, 0, 0, 'Вы уверены что хотите отправиться в Hillsbrad Foothills?'), 
(30005, 12, 7, 'Back..', 1, 1, 30000, 0, 0, 0, 0, NULL), 

(30000, 6, 3, 'Eastern Kingdoms L-W', 1, 1, 30006, 0, 0, 0, 0, NULL), 
(30006, 1, 2, 'Loch modan', 1, 1, 0, 0, 30011, 0, 0, 'Вы уверены что хотите отправиться в Loch Modan?'), 
(30006, 2, 2, 'Redridge mountains', 1, 1, 0, 0, 30014, 0, 0, 'Вы уверены что хотите отправиться в Redridge mountains?'), 
(30006, 3, 2, 'Searing Gorge', 1, 1, 0, 0, 30071, 0, 0, 'Вы уверены что хотите отправиться в Searing Gorge?'), 
(30006, 4, 2, 'Silverpine Forest', 1, 1, 0, 0, 30012, 0, 0, 'Вы уверены что хотите отправиться в Silverpine Forest?'), 
(30006, 5, 2, 'Stranglethorn Vale', 1, 1, 0, 0, 30020, 0, 0, 'Вы уверены что хотите отправиться в Stranglethorn Vale?'), 
(30006, 6, 2, 'Swamp of Sorrows', 1, 1, 0, 0, 30022, 0, 0, 'Вы уверены что хотите отправиться в Swamp of Sorrows?'), 
(30006, 7, 2, 'The Hinterlands', 1, 1, 0, 0, 30072, 0, 0, 'Вы уверены что хотите отправиться в The Hinterlands?'), 
(30006, 8, 2, 'Tirisfal Glades', 1, 1, 0, 0, 30010, 0, 0, 'Вы уверены что хотите отправиться в Tirisfal Glades?'), 
(30006, 9, 2, 'Western Plaguelands', 1, 1, 0, 0, 30073, 0, 0, 'Вы уверены что хотите отправиться в Western Plaguelands?'), 
(30006, 10, 2, 'Westfall', 1, 1, 0, 0, 30013, 0, 0, 'Вы уверены что хотите отправиться в Westfall?'), 
(30006, 11, 2, 'Wetlands', 1, 1, 0, 0, 30017, 0, 0, 'Вы уверены что хотите отправиться в Wetlands?'), 
(30006, 12, 7, 'Back..', 1, 1, 30000, 0, 0, 0, 0, NULL), 

(30000, 7, 9, 'Eastern Kingdoms Dungeon', 1, 1, 30007, 0, 0, 0, 0, NULL), 
(30007, 1, 2, 'Blackrock Depths', 1, 1, 0, 0, 30048, 0, 0, 'Вы уверены что хотите отправиться в Blackrock Depths?'), 
(30007, 2, 2, 'Blackrock Spire', 1, 1, 0, 0, 30049, 0, 0, 'Вы уверены что хотите отправиться в Blackrock Spire?'), 
(30007, 3, 2, 'The Deadmines', 1, 1, 0, 0, 30039, 0, 0, 'Вы уверены что хотите отправиться в The Deadmines?'), 
(30007, 4, 2, 'Gnomeregan', 1, 1, 0, 0, 30038, 0, 0, 'Вы уверены что хотите отправиться в Gnomeregan?'), 
(30007, 5, 2, 'Scarlet Monastery', 1, 1, 0, 0, 30044, 0, 0, 'Вы уверены что хотите отправиться в Scarlet Monastery?'), 
(30007, 6, 2, 'Scholomance', 1, 1, 0, 0, 30052, 0, 0, 'Вы уверены что хотите отправиться в Scholomance?'), 
(30007, 7, 2, 'Shadowfang Keep', 1, 1, 0, 0, 30045, 0, 0, 'Вы уверены что хотите отправиться в Shadowfang Keep?'), 
(30007, 8, 2, 'The Stockade', 1, 1, 0, 0, 30040, 0, 0, 'Вы уверены что хотите отправиться в The Stockade?'), 
(30007, 9, 2, 'Stratholme', 1, 1, 0, 0, 30065, 0, 0, 'Вы уверены что хотите отправиться в The Stockade?'), 
(30007, 10, 2, 'The Temple of Atal''Hakkar', 1, 1, 0, 0, 30066, 0, 0, 'Вы уверены что хотите отправиться в The Stockade?'), 
(30007, 11, 2, 'Uldaman', 1, 1, 0, 0, 30067, 0, 0, 'Вы уверены что хотите отправиться в The Stockade?'), 
(30007, 12, 7, 'Back..', 1, 1, 30000, 0, 0, 0, 0, NULL), 

(30000, 8, 3, 'Outland', 1, 1, 30008, 0, 0, 0, 0, NULL), 
(30008, 1, 7, 'Back..', 1, 1, 30000, 0, 0, 0, 0, NULL), 

(30000, 9, 9, 'Outland Dungeon', 1, 1, 30009, 0, 0, 0, 0, NULL), 
(30009, 1, 7, 'Back..', 1, 1, 30000, 0, 0, 0, 0, NULL), 

(30000, 10, 9, 'Raid Teleport', 1, 1, 30010, 0, 0, 0, 0, NULL), 
(30010, 1, 2, 'Naxxramas', 1, 1, 0, 0, 30058, 0, 0, 'Вы уверены что хотите отправиться в Naxxramas?'), 
(30010, 2, 2, 'Molten Core', 1, 1, 0, 0, 30057, 0, 0, 'Вы уверены что хотите отправиться в Molten Core?'), 
(30010, 3, 2, 'Blackwing Lair', 1, 1, 0, 0, 30054, 0, 0, 'Вы уверены что хотите отправиться в Blackwing Lair?'), 
(30010, 4, 2, 'Temple of Ahn''Qiraj', 1, 1, 0, 0, 30061, 0, 0, 'Вы уверены что хотите отправиться в Temple of Ahn''Qiraj?'), 
(30010, 5, 2, 'Onyxia''s Lair', 1, 1, 0, 0, 30059, 0, 0, 'Вы уверены что хотите отправиться в Onyxia''s Lair?'), 
(30010, 6, 2, 'Ruins of Ahn''Qiraj', 1, 1, 0, 0, 30060, 0, 0, 'Вы уверены что хотите отправиться в Ruins of Ahn''Qiraj?'), 
(30010, 7, 2, 'Zul''Gurub', 1, 1, 0, 0, 30062, 0, 0, 'Вы уверены что хотите отправиться в Zul''Gurub?'), 
(30010, 8, 7, 'Back..', 1, 1, 30000, 0, 0, 0, 0, NULL); 

INSERT INTO npc_text (ID, text0_0, em0_1) VALUES    

(300000, '$BДобро пожаловать!$B', 0), 
(300001, '$BГорода мира$B', 0), 
(300002, '$BЛокации Калимдора A-M$B', 0), 
(300003, '$BЛокации Калимдора S-W$B', 0), 
(300004, '$BПодземелья Калимдора$B', 0), 
(300005, '$BЛокации Восточного Королевства A-H$B', 0), 
(300006, '$BЛокации Восточного Королевства L-W$B', 0), 
(300007, '$BПодземелья Восточного Королевства$B', 0), 
(300008, '$BЛокации чужеземья$B', 0), 
(300009, '$BПодземелья чужеземья$B', 0), 
(300010, '$BРейдовые подземелья$B', 0); 

INSERT INTO gossip_scripts (id, delay, command, datalong, datalong2, dataint, x, y, z, o) VALUES    

(30000, 0, 6, 0, 0, 0, -8842.09, 626.358, 94.0867, 3.61363), 
(30001, 0, 6, 1, 0, 0, 1601.08, -4378.69, 9.9846, 2.14362), 
(30002, 0, 6, 1, 0, 0, 9869.91, 2493.58, 1315.88, 2.78897), 
(30003, 0, 6, 0, 0, 0, -4919.94, -982.083, 501.46, 5.12894), 
(30004, 0, 6, 1, 0, 0, -1274.45, 71.8601, 128.159, 2.80623), 
(30005, 0, 6, 0, 0, 0, 1633.75, 240.167, -43.1034, 6.26128), 
(30006, 0, 6, 0, 0, 0, -14281.9, 552.564, 8.90422, 0.860144), 
(30007, 0, 6, 0, 0, 0, -13181.8, 339.356, 42.9805, 1.18013), 
(30008, 0, 6, 0, 0, 0, -9449.06, 64.8392, 56.3581, 3.07047), 
(30009, 0, 6, 0, 0, 0, -5603.76, -482.704, 396.98, 5.23499), 
(30010, 0, 6, 0, 0, 0, 2274.95, 323.918, 34.1137, 4.24367), 
(30011, 0, 6, 0, 0, 0, -5405.85, -2894.15, 341.972, 5.48238), 
(30012, 0, 6, 0, 0, 0, 505.126, 1504.63, 124.808, 1.77987), 
(30013, 0, 6, 0, 0, 0, -10684.9, 1033.63, 32.5389, 6.07384), 
(30014, 0, 6, 0, 0, 0, -9447.8, -2270.85, 71.8224, 0.283853), 
(30015, 0, 6, 0, 0, 0, -10531.7, -1281.91, 38.8647, 1.56959), 
(30016, 0, 6, 0, 0, 0, -385.805, -787.954, 54.6655, 1.03926), 
(30017, 0, 6, 0, 0, 0, -3517.75, -913.401, 8.86625, 2.60705), 
(30018, 0, 6, 0, 0, 0, 275.049, -652.044, 130.296, 0.502032), 
(30019, 0, 6, 0, 0, 0, -1581.45, -2704.06, 35.4168, 0.490373), 
(30020, 0, 6, 0, 0, 0, -11921.7, -59.544, 39.7262, 3.73574), 
(30021, 0, 6, 0, 0, 0, -6782.56, -3128.14, 240.48, 5.65912), 
(30022, 0, 6, 0, 0, 0, -10368.6, -2731.3, 21.6537, 5.29238), 
(30023, 0, 6, 1, 0, 0, 9889.03, 915.869, 1307.43, 1.9336), 
(30024, 0, 6, 1, 0, 0, 228.978, -4741.87, 10.1027, 0.416883), 
(30025, 0, 6, 1, 0, 0, -2473.87, -501.225, -9.42465, 0.6525), 
(30026, 0, 6, 1, 0, 0, 6463.25, 683.986, 8.92792, 4.33534), 
(30027, 0, 6, 1, 0, 0, -575.772, -2652.45, 95.6384, 0.006469), 
(30028, 0, 6, 1, 0, 0, 1574.89, 1031.57, 137.442, 3.8013), 
(30029, 0, 6, 1, 0, 0, 1919.77, -2169.68, 94.6729, 6.14177), 
(30030, 0, 6, 1, 0, 0, -5375.53, -2509.2, -40.432, 2.41885), 
(30031, 0, 6, 1, 0, 0, -656.056, 1510.12, 88.3746, 3.29553), 
(30032, 0, 6, 1, 0, 0, -3350.12, -3064.85, 33.0364, 5.12666), 
(30033, 0, 6, 1, 0, 0, -4808.31, 1040.51, 103.769, 2.90655), 
(30034, 0, 6, 1, 0, 0, -6940.91, -3725.7, 48.9381, 3.11174), 
(30035, 0, 6, 1, 0, 0, 3117.12, -4387.97, 91.9059, 5.49897), 
(30036, 0, 6, 1, 0, 0, 3898.8, -1283.33, 220.519, 6.24307), 
(30037, 0, 6, 1, 0, 0, -6291.55, -1158.62, -258.138, 0.457099), 
(30038, 0, 6, 0, 0, 0, -5163.54, 925.423, 257.181, 1.57423), 
(30039, 0, 6, 0, 0, 0, -11209.6, 1666.54, 24.6974, 1.42053), 
(30040, 0, 6, 0, 0, 0, -8799.15, 832.718, 97.6348, 6.04085), 
(30041, 0, 6, 1, 0, 0, 1811.78, -4410.5, -18.4704, 5.20165), 
(30042, 0, 6, 1, 0, 0, -4657.3, -2519.35, 81.0529, 4.54808), 
(30043, 0, 6, 1, 0, 0, -4470.28, -1677.77, 81.3925, 1.16302), 
(30044, 0, 6, 0, 0, 0, 2873.15, -764.523, 160.332, 5.10447), 
(30045, 0, 6, 0, 0, 0, -234.675, 1561.63, 76.8921, 1.24031), 
(30046, 0, 6, 1, 0, 0, -731.607, -2218.39, 17.0281, 2.78486), 
(30047, 0, 6, 1, 0, 0, 4249.99, 740.102, -25.671, 1.34062), 
(30048, 0, 6, 0, 0, 0, -7179.34, -921.212, 165.821, 5.09599), 
(30049, 0, 6, 0, 0, 0, -7527.05, -1226.77, 285.732, 5.29626), 
(30050, 0, 6, 1, 0, 0, -3520.14, 1119.38, 161.025, 4.70454), 
(30051, 0, 6, 1, 0, 0, -1421.42, 2907.83, 137.415, 1.70718), 
(30052, 0, 6, 0, 0, 0, 1269.64, -2556.21, 93.6088, 0.620623), 
(30053, 0, 6, 1, 0, 0, -8177.89, -4181.23, -167.552, 0.913338), 
(30054, 0, 6, 229, 0, 0, 164.789, -475.305, 116.842, 0.022714), 
(30057, 0, 6, 230, 0, 0, 1126.64, -459.94, -102.535, 3.46095), 
(30058, 0, 6, 0, 0, 0, 3120.16, -3724.93, 137.66, 5.83567), 
(30059, 0, 6, 1, 0, 0, -4708.27, -3727.64, 54.5589, 3.72786), 
(30060, 0, 6, 1, 0, 0, -8409.82, 1499.06, 27.7179, 2.51868), 
(30061, 0, 6, 1, 0, 0, -8240.09, 1991.32, 129.072, 0.941603), 
(30062, 0, 6, 0, 0, 0, -11916.7, -1215.72, 92.289, 4.72454), 
(30063, 0, 6, 1, 0, 0, -6801.19, -2893.02, 9.00388, 0.158639), 
(30064, 0, 6, 0, 0, 0, 2300.97, -4613.36, 73.6231, 0.367722), 
(30065, 0, 6, 0, 0, 0, 3352.92, -3379.03, 144.782, 6.25978), 
(30066, 0, 6, 0, 0, 0, -10177.9, -3994.9, -111.239, 6.01885), 
(30067, 0, 6, 0, 0, 0, -6071.37, -2955.16, 209.782, 0.015708), 
(30068, 0, 6, 0, 0, 0, -11182.5, -3016.67, 7.42235, 4.0004), 
(30069, 0, 6, 0, 0, 0, -8118.54, -1633.83, 132.996, 0.089067), 
(30070, 0, 6, 0, 0, 0, -10438.8, -1932.75, 104.617, 4.77402), 
(30071, 0, 6, 0, 0, 0, -7012.47, -1065.13, 241.786, 5.63162), 
(30072, 0, 6, 0, 0, 0, 119.387, -3190.37, 117.331, 2.34064), 
(30073, 0, 6, 0, 0, 0, 1728.65, -1602.25, 63.429, 1.6558), 
(30074, 0, 6, 1, 0, 0, 7654.3, -2232.87, 462.107, 5.96786), 
(30075, 0, 6, 1, 0, 0, -6820.55, 823.365, 49.6003, 1.19764), 
(30076, 0, 6, 1, 0, 0, 6759.18, -4419.63, 763.214, 4.43476); 

INSERT INTO `creature` (`guid`, `id`, `map`, `modelid`, `equipment_id`, `position_x`, `position_y`, `position_z`, `orientation`, `spawntimesecs`, `spawndist`, `currentwaypoint`, `curhealth`, `curmana`, `DeathState`, `MovementType`) VALUES 
('160382','300000','0','0','0','-9431.75','63.548','56.6556','3.13644','25','5','0','5000','10000','0','0'), 
('160342','300000','1','0','0','1586.63','-4415.29','8.34254','3.30884','25','5','0','685','6540','0','0'); 