REPLACE INTO `creature_template` (`entry`, `difficulty_entry_1`, `difficulty_entry_2`, `difficulty_entry_3`, `KillCredit1`, `KillCredit2`, `modelid1`, `modelid2`, `modelid3`, `modelid4`, `name`, `subname`, `IconName`, `gossip_menu_id`, `minlevel`, `maxlevel`, `exp`, `faction_A`, `faction_H`, `npcflag`, `scale`, `rank`, `mindmg`, `maxdmg`, `dmgschool`, `attackpower`, `dmg_multiplier`, `baseattacktime`, `rangeattacktime`, `unit_class`, `unit_flags`, `dynamicflags`, `family`, `trainer_type`, `trainer_spell`, `trainer_class`, `trainer_race`, `minrangedmg`, `maxrangedmg`, `rangedattackpower`, `type`, `type_flags`, `lootid`, `pickpocketloot`, `skinloot`, `resistance1`, `resistance2`, `resistance3`, `resistance4`, `resistance5`, `resistance6`, `spell1`, `spell2`, `spell3`, `spell4`, `spell5`, `spell6`, `spell7`, `spell8`, `PetSpellDataId`, `VehicleId`, `mingold`, `maxgold`, `AIName`, `MovementType`, `InhabitType`, `Health_mod`, `Mana_mod`, `RacialLeader`, `questItem1`, `questItem2`, `questItem3`, `questItem4`, `questItem5`, `questItem6`, `movementId`, `RegenHealth`, `equipment_id`, `mechanic_immune_mask`, `flags_extra`, `ScriptName`) VALUES (40070, 0, 0, 0, 0, 0, 30453, 0, 30453, 0, 'Lightbringer', 'Paladin Trainer', '', 0, 83, 83, 0, 35, 35, 49, 1, 2, 1000, 2000, 0, 2000, 100, 1500, 1500, 2, 2, 0, 0, 0, 0, 2, 0, 200, 500, 1000, 7, 2, 0, 0, 0, 0, 0, 0, 0, 0, 0, 0, 0, 0, 0, 0, 0, 0, 0, 0, 0, 10000, 10000, '', 0, 3, 10, 5, 0, 0, 0, 0, 0, 0, 0, 0, 1, 2026, 0, 2, '');

DELETE FROM `npc_trainer` WHERE (`entry`=40070);
INSERT INTO `npc_trainer` (entry, spell, spellcost, reqskill, reqskillvalue, reqlevel) VALUES 
(40070, 465, 10, 0, 0, 0),
(40070, 498, 100, 0, 0, 6),
(40070, 633, 300, 0, 0, 10),
(40070, 639, 100, 0, 0, 6),
(40070, 642, 13000, 0, 0, 34),
(40070, 643, 4000, 0, 0, 20),
(40070, 647, 2000, 0, 0, 14),
(40070, 750, 20000, 0, 0, 40),
(40070, 853, 100, 0, 0, 8),
(40070, 879, 4000, 0, 0, 20),
(40070, 1022, 300, 0, 0, 10),
(40070, 1026, 4000, 0, 0, 22),
(40070, 1032, 20000, 0, 0, 40),
(40070, 1038, 6000, 0, 0, 26),
(40070, 1042, 11000, 0, 0, 30),
(40070, 1044, 3500, 0, 0, 18),
(40070, 1152, 100, 0, 0, 8),
(40070, 2800, 11000, 0, 0, 30),
(40070, 2812, 28000, 0, 0, 50),
(40070, 3127, 100, 0, 0, 8),
(40070, 3472, 16000, 0, 0, 38),
(40070, 4987, 21000, 0, 0, 42),
(40070, 5502, 4000, 0, 0, 20),
(40070, 5588, 5000, 0, 0, 24),
(40070, 5589, 20000, 0, 0, 40),
(40070, 5599, 5000, 0, 0, 24),
(40070, 5614, 9000, 0, 0, 28),
(40070, 5615, 14000, 0, 0, 36),
(40070, 6940, 24000, 0, 0, 46),
(40070, 7294, 3000, 0, 0, 16),
(40070, 7328, 1200, 0, 0, 12),
(40070, 10278, 16000, 0, 0, 38),
(40070, 10290, 300, 0, 0, 10),
(40070, 10291, 11000, 0, 0, 30),
(40070, 10292, 28000, 0, 0, 50),
(40070, 10293, 46000, 0, 0, 60),
(40070, 10298, 6000, 0, 0, 26),
(40070, 10299, 14000, 0, 0, 36),
(40070, 10300, 24000, 0, 0, 46),
(40070, 10301, 42000, 0, 0, 56),
(40070, 10308, 40000, 0, 0, 54),
(40070, 10310, 28000, 0, 0, 50),
(40070, 10312, 22000, 0, 0, 44),
(40070, 10313, 34000, 0, 0, 52),
(40070, 10314, 46000, 0, 0, 60),
(40070, 10318, 46000, 0, 0, 60),
(40070, 10322, 5000, 0, 0, 24),
(40070, 10324, 14000, 0, 0, 36),
(40070, 10326, 5000, 0, 0, 24),
(40070, 10328, 24000, 0, 0, 46),
(40070, 10329, 40000, 0, 0, 54),
(40070, 13820, 10000, 0, 0, 20),
(40070, 19740, 100, 0, 0, 4),
(40070, 19742, 2000, 0, 0, 14),
(40070, 19746, 4000, 0, 0, 22),
(40070, 19750, 4000, 0, 0, 20),
(40070, 19752, 11000, 0, 0, 30),
(40070, 19834, 1000, 0, 0, 12),
(40070, 19835, 4000, 0, 0, 22),
(40070, 19836, 12000, 0, 0, 32),
(40070, 19837, 21000, 0, 0, 42),
(40070, 19838, 34000, 0, 0, 52),
(40070, 19850, 5000, 0, 0, 24),
(40070, 19852, 13000, 0, 0, 34),
(40070, 19853, 22000, 0, 0, 44),
(40070, 19854, 40000, 0, 0, 54),
(40070, 19876, 9000, 0, 0, 28),
(40070, 19888, 12000, 0, 0, 32),
(40070, 19891, 14000, 0, 0, 36),
(40070, 19895, 20000, 0, 0, 40),
(40070, 19896, 34000, 0, 0, 52),
(40070, 19897, 22000, 0, 0, 44),
(40070, 19898, 42000, 0, 0, 56),
(40070, 19899, 26000, 0, 0, 48),
(40070, 19900, 46000, 0, 0, 60),
(40070, 19939, 6000, 0, 0, 26),
(40070, 19940, 13000, 0, 0, 34),
(40070, 19941, 21000, 0, 0, 42),
(40070, 19942, 28000, 0, 0, 50),
(40070, 19943, 44000, 0, 0, 58),
(40070, 20116, 11000, 0, 0, 30),
(40070, 20164, 4000, 0, 0, 22),
(40070, 20165, 11000, 0, 0, 30),
(40070, 20166, 16000, 0, 0, 38),
(40070, 20217, 1000, 0, 0, 20),
(40070, 20271, 100, 0, 0, 4),
(40070, 20772, 26000, 0, 0, 48),
(40070, 20773, 46000, 0, 0, 60),
(40070, 20922, 20000, 0, 0, 40),
(40070, 20923, 28000, 0, 0, 50),
(40070, 20924, 46000, 0, 0, 60),
(40070, 20927, 1400, 0, 0, 50),
(40070, 20928, 2300, 0, 0, 60),
(40070, 20929, 1300, 0, 0, 48),
(40070, 20930, 2100, 0, 0, 56),
(40070, 23215, 200000, 0, 0, 40),
(40070, 24239, 46000, 0, 0, 60),
(40070, 24274, 34000, 0, 0, 52),
(40070, 24275, 22000, 0, 0, 44),
(40070, 25290, 50000, 0, 0, 60),
(40070, 25291, 50000, 0, 0, 60),
(40070, 25292, 46000, 0, 0, 60),
(40070, 25780, 3000, 0, 0, 16),
(40070, 25782, 46000, 0, 0, 52),
(40070, 25894, 46000, 0, 0, 54),
(40070, 25898, 2300, 0, 0, 60),
(40070, 25899, 2300, 0, 0, 60),
(40070, 25916, 46000, 0, 0, 60),
(40070, 25918, 46000, 0, 0, 60),
(40070, 26573, 4000, 0, 0, 20),
(40070, 27135, 55000, 0, 0, 62),
(40070, 27136, 130000, 0, 0, 70),
(40070, 27137, 83000, 0, 0, 66),
(40070, 27138, 100000, 0, 0, 68),
(40070, 27139, 110000, 0, 0, 69),
(40070, 27140, 200000, 0, 0, 70),
(40070, 27141, 100000, 0, 0, 70),
(40070, 27142, 75000, 0, 0, 65),
(40070, 27143, 75000, 0, 0, 65),
(40070, 27149, 130000, 0, 0, 70),
(40070, 27150, 83000, 0, 0, 66),
(40070, 27151, 61000, 0, 0, 63),
(40070, 27152, 100000, 0, 0, 68),
(40070, 27153, 130000, 0, 0, 70),
(40070, 27154, 110000, 0, 0, 69),
(40070, 27173, 130000, 0, 0, 70),
(40070, 27174, 3350, 0, 0, 64),
(40070, 27179, 6500, 0, 0, 70),
(40070, 27180, 100000, 0, 0, 68),
(40070, 31789, 4000, 0, 0, 14),
(40070, 31801, 67000, 0, 0, 64),
(40070, 31884, 130000, 0, 0, 70),
(40070, 32223, 55000, 0, 0, 62),
(40070, 32699, 2300, 0, 0, 60),
(40070, 32700, 5000, 0, 0, 70),
(40070, 33072, 6500, 0, 0, 70),
(40070, 34767, 200000, 0, 0, 40),
(40070, 34769, 100000, 0, 0, 30),
(40070, 48781, 200000, 0, 0, 75),
(40070, 48782, 200000, 0, 0, 80),
(40070, 48784, 200000, 0, 0, 74),
(40070, 48785, 200000, 0, 0, 79),
(40070, 48788, 200000, 0, 0, 78),
(40070, 48800, 200000, 0, 0, 73),
(40070, 48801, 200000, 0, 0, 79),
(40070, 48805, 200000, 0, 0, 74),
(40070, 48806, 200000, 0, 0, 80),
(40070, 48816, 200000, 0, 0, 72),
(40070, 48817, 200000, 0, 0, 78),
(40070, 48818, 200000, 0, 0, 75),
(40070, 48819, 200000, 0, 0, 80),
(40070, 48824, 10000, 0, 0, 75),
(40070, 48825, 10000, 0, 0, 80),
(40070, 48826, 10000, 0, 0, 75),
(40070, 48827, 10000, 0, 0, 80),
(40070, 48931, 200000, 0, 0, 73),
(40070, 48932, 200000, 0, 0, 79),
(40070, 48933, 200000, 0, 0, 73),
(40070, 48934, 200000, 0, 0, 79),
(40070, 48935, 200000, 0, 0, 71),
(40070, 48936, 200000, 0, 0, 77),
(40070, 48937, 200000, 0, 0, 71),
(40070, 48938, 200000, 0, 0, 77),
(40070, 48941, 200000, 0, 0, 74),
(40070, 48942, 200000, 0, 0, 79),
(40070, 48943, 200000, 0, 0, 76),
(40070, 48945, 200000, 0, 0, 77),
(40070, 48947, 200000, 0, 0, 78),
(40070, 48949, 200000, 0, 0, 72),
(40070, 48950, 200000, 0, 0, 79),
(40070, 48951, 10000, 0, 0, 75),
(40070, 48952, 10000, 0, 0, 80),
(40070, 53407, 9000, 0, 0, 28),
(40070, 53408, 1000, 0, 0, 12),
(40070, 53600, 200000, 0, 0, 75),
(40070, 53601, 100000, 0, 0, 80),
(40070, 53736, 100000, 0, 0, 66),
(40070, 54043, 200000, 0, 0, 76),
(40070, 54428, 100000, 0, 0, 71),
(40070, 56525, 3600, 0, 0, 20),
(40070, 61411, 200000, 0, 0, 80),
(40070, 62124, 3000, 0, 0, 16);

REPLACE INTO `creature_template` (`entry`, `difficulty_entry_1`, `difficulty_entry_2`, `difficulty_entry_3`, `KillCredit1`, `KillCredit2`, `modelid1`, `modelid2`, `modelid3`, `modelid4`, `name`, `subname`, `IconName`, `gossip_menu_id`, `minlevel`, `maxlevel`, `exp`, `faction_A`, `faction_H`, `npcflag`, `scale`, `rank`, `mindmg`, `maxdmg`, `dmgschool`, `attackpower`, `dmg_multiplier`, `baseattacktime`, `rangeattacktime`, `unit_class`, `unit_flags`, `dynamicflags`, `family`, `trainer_type`, `trainer_spell`, `trainer_class`, `trainer_race`, `minrangedmg`, `maxrangedmg`, `rangedattackpower`, `type`, `type_flags`, `lootid`, `pickpocketloot`, `skinloot`, `resistance1`, `resistance2`, `resistance3`, `resistance4`, `resistance5`, `resistance6`, `spell1`, `spell2`, `spell3`, `spell4`, `spell5`, `spell6`, `spell7`, `spell8`, `PetSpellDataId`, `VehicleId`, `mingold`, `maxgold`, `AIName`, `MovementType`, `InhabitType`, `Health_mod`, `Mana_mod`, `RacialLeader`, `questItem1`, `questItem2`, `questItem3`, `questItem4`, `questItem5`, `questItem6`, `movementId`, `RegenHealth`, `equipment_id`, `mechanic_immune_mask`, `flags_extra`, `ScriptName`) VALUES (40071, 0, 0, 0, 0, 0, 22975, 0, 22975, 0, 'Gabriele', 'Mage Trainer', '', 0, 83, 83, 0, 35, 35, 49, 1, 2, 600, 900, 0, 1000, 100, 1500, 1500, 2, 2, 0, 0, 0, 0, 8, 0, 480, 750, 1000, 7, 2, 0, 0, 0, 0, 0, 0, 0, 0, 0, 0, 0, 0, 0, 0, 0, 0, 0, 0, 0, 10000, 10000, '', 0, 3, 10, 5, 0, 0, 0, 0, 0, 0, 0, 0, 1, 4493, 0, 2, '');

DELETE FROM `npc_trainer` WHERE (`entry`=40071);
INSERT INTO `npc_trainer` (entry, spell, spellcost, reqskill, reqskillvalue, reqlevel) VALUES 
(40071, 10, 2000, 0, 0, 20),
(40071, 66, 96000, 0, 0, 68),
(40071, 116, 100, 0, 0, 4),
(40071, 118, 200, 0, 0, 8),
(40071, 120, 5000, 0, 0, 26),
(40071, 122, 400, 0, 0, 10),
(40071, 130, 600, 0, 0, 12),
(40071, 143, 100, 0, 0, 6),
(40071, 145, 600, 0, 0, 12),
(40071, 205, 200, 0, 0, 8),
(40071, 475, 1800, 0, 0, 18),
(40071, 543, 2000, 0, 0, 20),
(40071, 587, 100, 0, 0, 6),
(40071, 597, 600, 0, 0, 12),
(40071, 604, 600, 0, 0, 12),
(40071, 759, 7000, 0, 0, 28),
(40071, 837, 900, 0, 0, 14),
(40071, 865, 5000, 0, 0, 26),
(40071, 990, 3000, 0, 0, 22),
(40071, 1008, 1800, 0, 0, 18),
(40071, 1449, 900, 0, 0, 14),
(40071, 1459, 10, 0, 0, 0),
(40071, 1460, 900, 0, 0, 14),
(40071, 1461, 7000, 0, 0, 28),
(40071, 1463, 2000, 0, 0, 20),
(40071, 1953, 2000, 0, 0, 20),
(40071, 2120, 1500, 0, 0, 16),
(40071, 2121, 4000, 0, 0, 24),
(40071, 2136, 100, 0, 0, 6),
(40071, 2137, 900, 0, 0, 14),
(40071, 2138, 3000, 0, 0, 22),
(40071, 2139, 4000, 0, 0, 24),
(40071, 2948, 3000, 0, 0, 22),
(40071, 3140, 1800, 0, 0, 18),
(40071, 3552, 14000, 0, 0, 38),
(40071, 3561, 2000, 0, 0, 20),
(40071, 3562, 2000, 0, 0, 20),
(40071, 3563, 20, 0, 0, 80),
(40071, 3565, 8000, 0, 0, 30),
(40071, 3566, 20, 0, 0, 30),
(40071, 3567, 20, 0, 0, 80),
(40071, 5143, 200, 0, 0, 8),
(40071, 5144, 1500, 0, 0, 16),
(40071, 5145, 4000, 0, 0, 24),
(40071, 5504, 100, 0, 0, 4),
(40071, 5505, 400, 0, 0, 10),
(40071, 5506, 2000, 0, 0, 20),
(40071, 6117, 13000, 0, 0, 34),
(40071, 6127, 8000, 0, 0, 30),
(40071, 6129, 10000, 0, 0, 32),
(40071, 6131, 15000, 0, 0, 40),
(40071, 6141, 7000, 0, 0, 28),
(40071, 6143, 3000, 0, 0, 22),
(40071, 7300, 400, 0, 0, 10),
(40071, 7301, 2000, 0, 0, 20),
(40071, 7302, 8000, 0, 0, 30),
(40071, 7320, 15000, 0, 0, 40),
(40071, 7322, 2000, 0, 0, 20),
(40071, 8400, 4000, 0, 0, 24),
(40071, 8401, 8000, 0, 0, 30),
(40071, 8402, 13000, 0, 0, 36),
(40071, 8406, 5000, 0, 0, 26),
(40071, 8407, 10000, 0, 0, 32),
(40071, 8408, 14000, 0, 0, 38),
(40071, 8412, 8000, 0, 0, 30),
(40071, 8413, 14000, 0, 0, 38),
(40071, 8416, 10000, 0, 0, 32),
(40071, 8417, 15000, 0, 0, 40),
(40071, 8422, 10000, 0, 0, 32),
(40071, 8423, 15000, 0, 0, 40),
(40071, 8427, 13000, 0, 0, 36),
(40071, 8437, 3000, 0, 0, 22),
(40071, 8438, 8000, 0, 0, 30),
(40071, 8439, 14000, 0, 0, 38),
(40071, 8444, 7000, 0, 0, 28),
(40071, 8445, 12000, 0, 0, 34),
(40071, 8446, 15000, 0, 0, 40),
(40071, 8450, 4000, 0, 0, 24),
(40071, 8451, 13000, 0, 0, 36),
(40071, 8455, 8000, 0, 0, 30),
(40071, 8457, 8000, 0, 0, 30),
(40071, 8458, 15000, 0, 0, 40),
(40071, 8461, 10000, 0, 0, 32),
(40071, 8462, 18000, 0, 0, 42),
(40071, 8492, 12000, 0, 0, 34),
(40071, 8494, 7000, 0, 0, 28),
(40071, 8495, 13000, 0, 0, 36),
(40071, 10053, 28000, 0, 0, 48),
(40071, 10054, 40000, 0, 0, 58),
(40071, 10059, 15000, 0, 0, 40),
(40071, 10138, 15000, 0, 0, 40),
(40071, 10139, 32000, 0, 0, 50),
(40071, 10140, 42000, 0, 0, 60),
(40071, 10144, 18000, 0, 0, 42),
(40071, 10145, 35000, 0, 0, 52),
(40071, 10148, 18000, 0, 0, 42),
(40071, 10149, 28000, 0, 0, 48),
(40071, 10150, 36000, 0, 0, 54),
(40071, 10151, 42000, 0, 0, 60),
(40071, 10156, 18000, 0, 0, 42),
(40071, 10157, 38000, 0, 0, 56),
(40071, 10159, 18000, 0, 0, 42),
(40071, 10160, 32000, 0, 0, 50),
(40071, 10161, 40000, 0, 0, 58),
(40071, 10169, 18000, 0, 0, 42),
(40071, 10170, 36000, 0, 0, 54),
(40071, 10173, 28000, 0, 0, 48),
(40071, 10174, 42000, 0, 0, 60),
(40071, 10177, 35000, 0, 0, 52),
(40071, 10179, 23000, 0, 0, 44),
(40071, 10180, 32000, 0, 0, 50),
(40071, 10181, 38000, 0, 0, 56),
(40071, 10185, 23000, 0, 0, 44),
(40071, 10186, 35000, 0, 0, 52),
(40071, 10187, 42000, 0, 0, 60),
(40071, 10191, 23000, 0, 0, 44),
(40071, 10192, 35000, 0, 0, 52),
(40071, 10193, 42000, 0, 0, 60),
(40071, 10197, 26000, 0, 0, 46),
(40071, 10199, 36000, 0, 0, 54),
(40071, 10201, 26000, 0, 0, 46),
(40071, 10202, 36000, 0, 0, 54),
(40071, 10205, 26000, 0, 0, 46),
(40071, 10206, 35000, 0, 0, 52),
(40071, 10207, 40000, 0, 0, 58),
(40071, 10211, 28000, 0, 0, 48),
(40071, 10212, 38000, 0, 0, 56),
(40071, 10215, 28000, 0, 0, 48),
(40071, 10216, 38000, 0, 0, 56),
(40071, 10219, 32000, 0, 0, 50),
(40071, 10220, 42000, 0, 0, 60),
(40071, 10223, 32000, 0, 0, 50),
(40071, 10225, 42000, 0, 0, 60),
(40071, 10230, 36000, 0, 0, 54),
(40071, 11416, 15000, 0, 0, 40),
(40071, 11417, 15000, 0, 0, 40),
(40071, 11418, 15000, 0, 0, 40),
(40071, 11419, 15000, 0, 0, 50),
(40071, 11420, 150000, 0, 0, 50),
(40071, 12051, 2000, 0, 0, 20),
(40071, 12505, 100, 0, 0, 24),
(40071, 12522, 400, 0, 0, 30),
(40071, 12523, 650, 0, 0, 36),
(40071, 12524, 900, 0, 0, 42),
(40071, 12525, 1400, 0, 0, 48),
(40071, 12526, 1800, 0, 0, 54),
(40071, 12824, 2000, 0, 0, 20),
(40071, 12825, 15000, 0, 0, 40),
(40071, 12826, 42000, 0, 0, 60),
(40071, 13018, 400, 0, 0, 36),
(40071, 13019, 1150, 0, 0, 44),
(40071, 13020, 1750, 0, 0, 52),
(40071, 13021, 2100, 0, 0, 60),
(40071, 13031, 1700, 0, 0, 46),
(40071, 13032, 1900, 0, 0, 52),
(40071, 13033, 2100, 0, 0, 58),
(40071, 18809, 2100, 0, 0, 60),
(40071, 22782, 28000, 0, 0, 46),
(40071, 22783, 40000, 0, 0, 58),
(40071, 23028, 38000, 0, 0, 56),
(40071, 25304, 42000, 0, 0, 60),
(40071, 25306, 42000, 0, 0, 62),
(40071, 25345, 42000, 0, 0, 60),
(40071, 27070, 78000, 0, 0, 66),
(40071, 27071, 57000, 0, 0, 63),
(40071, 27072, 110000, 0, 0, 69),
(40071, 27073, 70000, 0, 0, 65),
(40071, 27074, 120000, 0, 0, 70),
(40071, 27075, 57000, 0, 0, 63),
(40071, 27078, 46000, 0, 0, 61),
(40071, 27079, 120000, 0, 0, 70),
(40071, 27080, 51000, 0, 0, 62),
(40071, 27082, 120000, 0, 0, 70),
(40071, 27085, 96000, 0, 0, 68),
(40071, 27086, 63000, 0, 0, 64),
(40071, 27087, 70000, 0, 0, 65),
(40071, 27088, 87000, 0, 0, 67),
(40071, 27090, 150000, 0, 0, 70),
(40071, 27101, 96000, 0, 0, 68),
(40071, 27124, 110000, 0, 0, 69),
(40071, 27125, 110000, 0, 0, 69),
(40071, 27126, 120000, 0, 0, 70),
(40071, 27127, 100000, 0, 0, 70),
(40071, 27128, 110000, 0, 0, 69),
(40071, 27130, 57000, 0, 0, 63),
(40071, 27131, 96000, 0, 0, 68),
(40071, 27132, 3900, 0, 0, 66),
(40071, 27133, 3500, 0, 0, 65),
(40071, 27134, 2500, 0, 0, 64),
(40071, 28272, 3000, 0, 0, 30),
(40071, 28609, 42000, 0, 0, 60),
(40071, 28612, 42000, 0, 0, 60),
(40071, 30449, 120000, 0, 0, 70),
(40071, 30451, 63000, 0, 0, 64),
(40071, 30455, 78000, 0, 0, 66),
(40071, 30482, 51000, 0, 0, 62),
(40071, 32266, 15000, 0, 0, 40),
(40071, 32267, 150000, 0, 0, 40),
(40071, 32271, 200, 0, 0, 30),
(40071, 32272, 20, 0, 0, 80),
(40071, 32796, 120000, 0, 0, 70),
(40071, 33041, 1900, 0, 0, 56),
(40071, 33042, 2200, 0, 0, 64),
(40071, 33043, 2500, 0, 0, 70),
(40071, 33405, 6000, 0, 0, 70),
(40071, 33690, 150000, 0, 0, 60),
(40071, 33691, 170000, 0, 0, 65),
(40071, 33717, 150000, 0, 0, 70),
(40071, 33933, 6000, 0, 0, 70),
(40071, 33938, 7500, 0, 0, 70),
(40071, 33944, 100000, 0, 0, 67),
(40071, 33946, 110000, 0, 0, 69),
(40071, 35715, 150000, 0, 0, 60),
(40071, 35717, 170000, 0, 0, 65),
(40071, 37420, 70000, 0, 0, 65),
(40071, 38692, 150000, 0, 0, 70),
(40071, 38697, 150000, 0, 0, 70),
(40071, 38699, 87000, 0, 0, 69),
(40071, 38704, 100000, 0, 0, 70),
(40071, 42832, 150000, 0, 0, 74),
(40071, 42833, 150000, 0, 0, 78),
(40071, 42841, 150000, 0, 0, 75),
(40071, 42842, 150000, 0, 0, 79),
(40071, 42843, 150000, 0, 0, 75),
(40071, 42846, 150000, 0, 0, 79),
(40071, 42858, 150000, 0, 0, 73),
(40071, 42859, 150000, 0, 0, 78),
(40071, 42872, 150000, 0, 0, 74),
(40071, 42873, 150000, 0, 0, 80),
(40071, 42890, 7500, 0, 0, 73),
(40071, 42891, 7500, 0, 0, 77),
(40071, 42894, 150000, 0, 0, 71),
(40071, 42896, 150000, 0, 0, 76),
(40071, 42897, 150000, 0, 0, 80),
(40071, 42913, 150000, 0, 0, 72),
(40071, 42914, 150000, 0, 0, 78),
(40071, 42917, 150000, 0, 0, 75),
(40071, 42920, 150000, 0, 0, 76),
(40071, 42921, 150000, 0, 0, 80),
(40071, 42925, 150000, 0, 0, 72),
(40071, 42926, 150000, 0, 0, 79),
(40071, 42930, 150000, 0, 0, 72),
(40071, 42931, 150000, 0, 0, 79),
(40071, 42939, 150000, 0, 0, 74),
(40071, 42940, 150000, 0, 0, 80),
(40071, 42944, 7500, 0, 0, 75),
(40071, 42945, 7500, 0, 0, 80),
(40071, 42949, 7500, 0, 0, 75),
(40071, 42950, 7500, 0, 0, 80),
(40071, 42955, 150000, 0, 0, 75),
(40071, 42956, 150000, 0, 0, 80),
(40071, 42985, 150000, 0, 0, 77),
(40071, 42995, 150000, 0, 0, 80),
(40071, 43002, 150000, 0, 0, 80),
(40071, 43008, 150000, 0, 0, 79),
(40071, 43010, 150000, 0, 0, 78),
(40071, 43012, 150000, 0, 0, 79),
(40071, 43015, 150000, 0, 0, 76),
(40071, 43017, 150000, 0, 0, 77),
(40071, 43019, 150000, 0, 0, 73),
(40071, 43020, 150000, 0, 0, 79),
(40071, 43023, 150000, 0, 0, 71),
(40071, 43024, 150000, 0, 0, 79),
(40071, 43038, 7500, 0, 0, 75),
(40071, 43039, 7500, 0, 0, 80),
(40071, 43045, 150000, 0, 0, 71),
(40071, 43046, 150000, 0, 0, 79),
(40071, 43987, 120000, 0, 0, 70),
(40071, 44614, 150000, 0, 0, 75),
(40071, 44780, 10000, 0, 0, 70),
(40071, 44781, 15000, 0, 0, 80),
(40071, 45438, 8000, 0, 0, 30),
(40071, 47610, 150000, 0, 0, 80),
(40071, 49358, 15000, 0, 0, 35),
(40071, 49359, 15000, 0, 0, 35),
(40071, 49360, 15000, 0, 0, 35),
(40071, 49361, 15000, 0, 0, 35),
(40071, 53140, 200000, 0, 0, 71),
(40071, 53142, 200000, 0, 0, 74),
(40071, 55342, 150000, 0, 0, 80),
(40071, 55359, 5000, 0, 0, 70),
(40071, 55360, 7500, 0, 0, 80),
(40071, 58659, 150000, 0, 0, 80);

REPLACE INTO `creature_template` (`entry`, `difficulty_entry_1`, `difficulty_entry_2`, `difficulty_entry_3`, `KillCredit1`, `KillCredit2`, `modelid1`, `modelid2`, `modelid3`, `modelid4`, `name`, `subname`, `IconName`, `gossip_menu_id`, `minlevel`, `maxlevel`, `exp`, `faction_A`, `faction_H`, `npcflag`, `scale`, `rank`, `mindmg`, `maxdmg`, `dmgschool`, `attackpower`, `dmg_multiplier`, `baseattacktime`, `rangeattacktime`, `unit_class`, `unit_flags`, `dynamicflags`, `family`, `trainer_type`, `trainer_spell`, `trainer_class`, `trainer_race`, `minrangedmg`, `maxrangedmg`, `rangedattackpower`, `type`, `type_flags`, `lootid`, `pickpocketloot`, `skinloot`, `resistance1`, `resistance2`, `resistance3`, `resistance4`, `resistance5`, `resistance6`, `spell1`, `spell2`, `spell3`, `spell4`, `spell5`, `spell6`, `spell7`, `spell8`, `PetSpellDataId`, `VehicleId`, `mingold`, `maxgold`, `AIName`, `MovementType`, `InhabitType`, `Health_mod`, `Mana_mod`, `RacialLeader`, `questItem1`, `questItem2`, `questItem3`, `questItem4`, `questItem5`, `questItem6`, `movementId`, `RegenHealth`, `equipment_id`, `mechanic_immune_mask`, `flags_extra`, `ScriptName`) VALUES (40072, 0, 0, 0, 0, 0, 17370, 0, 17370, 0, 'Thrall', 'Shaman Trainer', '', 0, 83, 83, 0, 35, 35, 49, 1, 2, 1190, 1790, 0, 0, 100, 1500, 1500, 2, 2, 0, 0, 0, 0, 7, 0, 100, 2000, 1000, 7, 2, 0, 0, 0, 0, 0, 0, 0, 0, 0, 0, 0, 0, 0, 0, 0, 0, 0, 0, 0, 10000, 10000, '', 0, 3, 10, 50, 0, 0, 0, 0, 0, 0, 0, 0, 1, 3934, 0, 2, '');

DELETE FROM `npc_trainer` WHERE (`entry`=40072);
INSERT INTO `npc_trainer` (entry, spell, spellcost, reqskill, reqskillvalue, reqlevel) VALUES 
(40072, 131, 3000, 0, 0, 22),
(40072, 324, 100, 0, 0, 8),
(40072, 325, 1800, 0, 0, 16),
(40072, 332, 100, 0, 0, 6),
(40072, 370, 800, 0, 0, 12),
(40072, 421, 8000, 0, 0, 32),
(40072, 526, 1800, 0, 0, 16),
(40072, 529, 100, 0, 0, 8),
(40072, 546, 6000, 0, 0, 28),
(40072, 547, 800, 0, 0, 12),
(40072, 548, 900, 0, 0, 14),
(40072, 556, 7000, 0, 0, 30),
(40072, 905, 3500, 0, 0, 24),
(40072, 913, 2000, 0, 0, 18),
(40072, 915, 2200, 0, 0, 20),
(40072, 930, 12000, 0, 0, 40),
(40072, 939, 3500, 0, 0, 24),
(40072, 943, 4000, 0, 0, 26),
(40072, 945, 8000, 0, 0, 32),
(40072, 959, 8000, 0, 0, 32),
(40072, 1064, 12000, 0, 0, 40),
(40072, 1535, 800, 0, 0, 12),
(40072, 2008, 800, 0, 0, 12),
(40072, 2062, 58000, 0, 0, 66),
(40072, 2484, 100, 0, 0, 6),
(40072, 2645, 2200, 0, 0, 16),
(40072, 2825, 88000, 0, 0, 70),
(40072, 2860, 22000, 0, 0, 48),
(40072, 2894, 71000, 0, 0, 68),
(40072, 3599, 1000, 0, 0, 10),
(40072, 3738, 47000, 0, 0, 64),
(40072, 5394, 2000, 0, 0, 20),
(40072, 5675, 4000, 0, 0, 26),
(40072, 5730, 100, 0, 0, 8),
(40072, 6041, 8000, 0, 0, 32),
(40072, 6196, 4000, 0, 0, 26),
(40072, 6363, 2200, 0, 0, 20),
(40072, 6364, 7000, 0, 0, 30),
(40072, 6365, 12000, 0, 0, 40),
(40072, 6375, 7000, 0, 0, 30),
(40072, 6377, 12000, 0, 0, 40),
(40072, 6390, 2000, 0, 0, 18),
(40072, 6391, 6000, 0, 0, 28),
(40072, 6392, 11000, 0, 0, 38),
(40072, 6495, 9000, 0, 0, 34),
(40072, 8004, 2200, 0, 0, 20),
(40072, 8005, 12000, 0, 0, 40),
(40072, 8008, 6000, 0, 0, 28),
(40072, 8010, 10000, 0, 0, 36),
(40072, 8012, 8000, 0, 0, 32),
(40072, 8017, 10, 0, 0, 0),
(40072, 8018, 100, 0, 0, 8),
(40072, 8019, 1800, 0, 0, 16),
(40072, 8024, 400, 0, 0, 10),
(40072, 8027, 2000, 0, 0, 18),
(40072, 8030, 4000, 0, 0, 26),
(40072, 8033, 2200, 0, 0, 20),
(40072, 8038, 6000, 0, 0, 28),
(40072, 8042, 100, 0, 0, 4),
(40072, 8044, 100, 0, 0, 8),
(40072, 8045, 900, 0, 0, 14),
(40072, 8046, 3500, 0, 0, 24),
(40072, 8050, 400, 0, 0, 10),
(40072, 8052, 2000, 0, 0, 18),
(40072, 8053, 6000, 0, 0, 28),
(40072, 8056, 2200, 0, 0, 20),
(40072, 8058, 9000, 0, 0, 34),
(40072, 8071, 100, 0, 0, 4),
(40072, 8075, 400, 0, 0, 10),
(40072, 8134, 12000, 0, 0, 40),
(40072, 8143, 2000, 0, 0, 18),
(40072, 8154, 900, 0, 0, 14),
(40072, 8155, 3500, 0, 0, 24),
(40072, 8160, 3500, 0, 0, 24),
(40072, 8161, 11000, 0, 0, 38),
(40072, 8170, 11000, 0, 0, 38),
(40072, 8177, 7000, 0, 0, 30),
(40072, 8181, 3500, 0, 0, 24),
(40072, 8184, 6000, 0, 0, 28),
(40072, 8190, 4000, 0, 0, 26),
(40072, 8227, 6000, 0, 0, 28),
(40072, 8232, 7000, 0, 0, 30),
(40072, 8235, 12000, 0, 0, 40),
(40072, 8249, 11000, 0, 0, 38),
(40072, 8498, 3000, 0, 0, 22),
(40072, 8499, 8000, 0, 0, 32),
(40072, 8512, 8000, 0, 0, 32),
(40072, 8737, 12000, 0, 0, 40),
(40072, 10391, 11000, 0, 0, 38),
(40072, 10392, 18000, 0, 0, 44),
(40072, 10395, 22000, 0, 0, 48),
(40072, 10396, 30000, 0, 0, 56),
(40072, 10399, 3500, 0, 0, 24),
(40072, 10406, 9000, 0, 0, 34),
(40072, 10407, 18000, 0, 0, 44),
(40072, 10408, 29000, 0, 0, 54),
(40072, 10412, 10000, 0, 0, 36),
(40072, 10413, 22000, 0, 0, 48),
(40072, 10414, 34000, 0, 0, 60),
(40072, 10427, 22000, 0, 0, 48),
(40072, 10428, 32000, 0, 0, 58),
(40072, 10431, 22000, 0, 0, 48),
(40072, 10432, 30000, 0, 0, 56),
(40072, 10437, 24000, 0, 0, 50),
(40072, 10438, 34000, 0, 0, 60),
(40072, 10442, 27000, 0, 0, 52),
(40072, 10447, 12000, 0, 0, 40),
(40072, 10448, 27000, 0, 0, 52),
(40072, 10456, 11000, 0, 0, 38),
(40072, 10462, 24000, 0, 0, 50),
(40072, 10463, 34000, 0, 0, 60),
(40072, 10466, 18000, 0, 0, 44),
(40072, 10467, 27000, 0, 0, 52),
(40072, 10468, 34000, 0, 0, 60),
(40072, 10472, 20000, 0, 0, 46),
(40072, 10473, 32000, 0, 0, 58),
(40072, 10478, 11000, 0, 0, 38),
(40072, 10479, 29000, 0, 0, 54),
(40072, 10486, 24000, 0, 0, 50),
(40072, 10495, 10000, 0, 0, 36),
(40072, 10496, 20000, 0, 0, 46),
(40072, 10497, 30000, 0, 0, 56),
(40072, 10526, 22000, 0, 0, 48),
(40072, 10537, 16000, 0, 0, 42),
(40072, 10538, 32000, 0, 0, 58),
(40072, 10585, 10000, 0, 0, 36),
(40072, 10586, 20000, 0, 0, 46),
(40072, 10587, 30000, 0, 0, 56),
(40072, 10595, 7000, 0, 0, 30),
(40072, 10600, 18000, 0, 0, 44),
(40072, 10601, 34000, 0, 0, 60),
(40072, 10605, 30000, 0, 0, 56),
(40072, 10622, 20000, 0, 0, 46),
(40072, 10623, 29000, 0, 0, 54),
(40072, 11314, 16000, 0, 0, 42),
(40072, 11315, 27000, 0, 0, 52),
(40072, 15207, 24000, 0, 0, 50),
(40072, 15208, 30000, 0, 0, 56),
(40072, 16339, 10000, 0, 0, 36),
(40072, 16341, 20000, 0, 0, 46),
(40072, 16342, 30000, 0, 0, 56),
(40072, 16355, 22000, 0, 0, 48),
(40072, 16356, 32000, 0, 0, 58),
(40072, 16362, 34000, 0, 0, 60),
(40072, 16387, 32000, 0, 0, 58),
(40072, 20608, 7000, 0, 0, 30),
(40072, 20609, 3500, 0, 0, 24),
(40072, 20610, 10000, 0, 0, 36),
(40072, 20776, 22000, 0, 0, 48),
(40072, 20777, 34000, 0, 0, 60),
(40072, 24398, 38000, 0, 0, 62),
(40072, 25357, 6500, 0, 0, 60),
(40072, 25361, 34000, 0, 0, 60),
(40072, 25391, 42000, 0, 0, 63),
(40072, 25396, 88000, 0, 0, 70),
(40072, 25420, 58000, 0, 0, 66),
(40072, 25422, 34000, 0, 0, 61),
(40072, 25423, 71000, 0, 0, 68),
(40072, 25439, 42000, 0, 0, 63),
(40072, 25442, 88000, 0, 0, 70),
(40072, 25448, 38000, 0, 0, 62),
(40072, 25449, 64000, 0, 0, 67),
(40072, 25454, 79000, 0, 0, 69),
(40072, 25457, 88000, 0, 0, 70),
(40072, 25464, 71000, 0, 0, 68),
(40072, 25469, 42000, 0, 0, 63),
(40072, 25472, 88000, 0, 0, 70),
(40072, 25489, 47000, 0, 0, 64),
(40072, 25500, 58000, 0, 0, 66),
(40072, 25505, 71000, 0, 0, 68),
(40072, 25508, 42000, 0, 0, 63),
(40072, 25509, 88000, 0, 0, 70),
(40072, 25525, 64000, 0, 0, 67),
(40072, 25528, 52000, 0, 0, 65),
(40072, 25533, 79000, 0, 0, 69),
(40072, 25546, 34000, 0, 0, 61),
(40072, 25547, 88000, 0, 0, 70),
(40072, 25552, 52000, 0, 0, 65),
(40072, 25557, 64000, 0, 0, 67),
(40072, 25560, 64000, 0, 0, 67),
(40072, 25563, 71000, 0, 0, 68),
(40072, 25567, 79000, 0, 0, 69),
(40072, 25570, 52000, 0, 0, 65),
(40072, 25574, 79000, 0, 0, 69),
(40072, 25590, 79000, 0, 0, 69),
(40072, 29228, 65000, 0, 0, 60),
(40072, 32182, 88000, 0, 0, 70),
(40072, 32593, 1700, 0, 0, 60),
(40072, 32594, 5000, 0, 0, 70),
(40072, 33736, 79000, 0, 0, 69),
(40072, 36936, 7000, 0, 0, 30),
(40072, 49230, 180000, 0, 0, 74),
(40072, 49231, 180000, 0, 0, 79),
(40072, 49232, 180000, 0, 0, 75),
(40072, 49233, 180000, 0, 0, 80),
(40072, 49235, 180000, 0, 0, 73),
(40072, 49236, 180000, 0, 0, 78),
(40072, 49237, 180000, 0, 0, 73),
(40072, 49238, 180000, 0, 0, 79),
(40072, 49270, 180000, 0, 0, 74),
(40072, 49271, 180000, 0, 0, 80),
(40072, 49272, 180000, 0, 0, 75),
(40072, 49273, 180000, 0, 0, 80),
(40072, 49275, 180000, 0, 0, 72),
(40072, 49276, 180000, 0, 0, 77),
(40072, 49277, 180000, 0, 0, 80),
(40072, 49280, 180000, 0, 0, 75),
(40072, 49281, 180000, 0, 0, 80),
(40072, 49283, 9000, 0, 0, 75),
(40072, 49284, 9000, 0, 0, 80),
(40072, 51505, 180000, 0, 0, 75),
(40072, 51514, 180000, 0, 0, 80),
(40072, 51730, 7000, 0, 0, 30),
(40072, 51988, 12000, 0, 0, 40),
(40072, 51991, 24000, 0, 0, 50),
(40072, 51992, 34000, 0, 0, 60),
(40072, 51993, 71000, 0, 0, 70),
(40072, 51994, 180000, 0, 0, 80),
(40072, 52127, 2200, 0, 0, 20),
(40072, 52129, 6000, 0, 0, 28),
(40072, 52131, 9000, 0, 0, 34),
(40072, 52134, 12000, 0, 0, 41),
(40072, 52136, 22000, 0, 0, 48),
(40072, 52138, 29000, 0, 0, 55),
(40072, 55458, 180000, 0, 0, 74),
(40072, 55459, 180000, 0, 0, 80),
(40072, 57622, 180000, 0, 0, 75),
(40072, 57720, 3400, 0, 0, 60),
(40072, 57721, 5200, 0, 0, 70),
(40072, 57722, 10000, 0, 0, 80),
(40072, 57960, 180000, 0, 0, 76),
(40072, 57994, 2500, 0, 0, 16),
(40072, 58580, 180000, 0, 0, 71),
(40072, 58581, 180000, 0, 0, 75),
(40072, 58582, 180000, 0, 0, 78),
(40072, 58643, 180000, 0, 0, 80),
(40072, 58649, 180000, 0, 0, 71),
(40072, 58652, 180000, 0, 0, 75),
(40072, 58656, 180000, 0, 0, 80),
(40072, 58699, 180000, 0, 0, 71),
(40072, 58703, 180000, 0, 0, 75),
(40072, 58704, 180000, 0, 0, 80),
(40072, 58731, 180000, 0, 0, 73),
(40072, 58734, 180000, 0, 0, 78),
(40072, 58737, 180000, 0, 0, 75),
(40072, 58739, 180000, 0, 0, 80),
(40072, 58741, 180000, 0, 0, 75),
(40072, 58745, 180000, 0, 0, 80),
(40072, 58746, 180000, 0, 0, 75),
(40072, 58749, 180000, 0, 0, 80),
(40072, 58751, 180000, 0, 0, 73),
(40072, 58753, 180000, 0, 0, 78),
(40072, 58755, 180000, 0, 0, 71),
(40072, 58756, 180000, 0, 0, 76),
(40072, 58757, 180000, 0, 0, 80),
(40072, 58771, 180000, 0, 0, 71),
(40072, 58773, 180000, 0, 0, 76),
(40072, 58774, 180000, 0, 0, 80),
(40072, 58785, 180000, 0, 0, 71),
(40072, 58789, 180000, 0, 0, 76),
(40072, 58790, 180000, 0, 0, 80),
(40072, 58794, 180000, 0, 0, 71),
(40072, 58795, 180000, 0, 0, 76),
(40072, 58796, 180000, 0, 0, 80),
(40072, 58801, 180000, 0, 0, 71),
(40072, 58803, 180000, 0, 0, 76),
(40072, 58804, 180000, 0, 0, 80),
(40072, 59156, 88000, 0, 0, 70),
(40072, 59158, 180000, 0, 0, 75),
(40072, 59159, 180000, 0, 0, 80),
(40072, 60043, 180000, 0, 0, 80),
(40072, 61299, 9000, 0, 0, 70),
(40072, 61300, 9000, 0, 0, 75),
(40072, 61301, 9000, 0, 0, 80),
(40072, 61649, 180000, 0, 0, 75),
(40072, 61657, 180000, 0, 0, 80),
(40072, 66842, 7000, 0, 0, 30),
(40072, 66843, 7000, 0, 0, 40),
(40072, 66844, 7000, 0, 0, 50);

REPLACE INTO `creature_template` (`entry`, `difficulty_entry_1`, `difficulty_entry_2`, `difficulty_entry_3`, `KillCredit1`, `KillCredit2`, `modelid1`, `modelid2`, `modelid3`, `modelid4`, `name`, `subname`, `IconName`, `gossip_menu_id`, `minlevel`, `maxlevel`, `exp`, `faction_A`, `faction_H`, `npcflag`, `scale`, `rank`, `mindmg`, `maxdmg`, `dmgschool`, `attackpower`, `dmg_multiplier`, `baseattacktime`, `rangeattacktime`, `unit_class`, `unit_flags`, `dynamicflags`, `family`, `trainer_type`, `trainer_spell`, `trainer_class`, `trainer_race`, `minrangedmg`, `maxrangedmg`, `rangedattackpower`, `type`, `type_flags`, `lootid`, `pickpocketloot`, `skinloot`, `resistance1`, `resistance2`, `resistance3`, `resistance4`, `resistance5`, `resistance6`, `spell1`, `spell2`, `spell3`, `spell4`, `spell5`, `spell6`, `spell7`, `spell8`, `PetSpellDataId`, `VehicleId`, `mingold`, `maxgold`, `AIName`, `MovementType`, `InhabitType`, `Health_mod`, `Mana_mod`, `RacialLeader`, `questItem1`, `questItem2`, `questItem3`, `questItem4`, `questItem5`, `questItem6`, `movementId`, `RegenHealth`, `equipment_id`, `mechanic_immune_mask`, `flags_extra`, `ScriptName`) VALUES (40073, 0, 0, 0, 0, 0, 21567, 0, 21567, 0, 'Lady Archon', 'Priest Trainer', '', 0, 83, 83, 0, 35, 35, 49, 1, 2, 700, 800, 0, 2000, 100, 1500, 1500, 1, 2, 0, 0, 0, 0, 5, 0, 500, 600, 1500, 7, 2, 0, 0, 0, 0, 0, 0, 0, 0, 0, 0, 0, 0, 0, 0, 0, 0, 0, 0, 0, 1000, 1000, '', 0, 3, 10, 50, 0, 0, 0, 0, 0, 0, 0, 0, 1, 4313, 0, 2, '');

DELETE FROM `npc_trainer` WHERE (`entry`=40073);
INSERT INTO `npc_trainer` (entry, spell, spellcost, reqskill, reqskillvalue, reqlevel) VALUES 
(40073, 17, 100, 0, 0, 6),
(40073, 139, 200, 0, 0, 8),
(40073, 453, 3000, 0, 0, 20),
(40073, 527, 2000, 0, 0, 18),
(40073, 528, 1200, 0, 0, 14),
(40073, 552, 11000, 0, 0, 32),
(40073, 586, 200, 0, 0, 8),
(40073, 588, 800, 0, 0, 12),
(40073, 589, 100, 0, 0, 4),
(40073, 591, 100, 0, 0, 6),
(40073, 592, 800, 0, 0, 12),
(40073, 594, 300, 0, 0, 10),
(40073, 596, 10000, 0, 0, 30),
(40073, 598, 1200, 0, 0, 14),
(40073, 600, 2000, 0, 0, 18),
(40073, 602, 10000, 0, 0, 30),
(40073, 605, 10000, 0, 0, 30),
(40073, 970, 2000, 0, 0, 18),
(40073, 976, 10000, 0, 0, 30),
(40073, 984, 4000, 0, 0, 22),
(40073, 988, 14000, 0, 0, 36),
(40073, 992, 6000, 0, 0, 26),
(40073, 996, 18000, 0, 0, 40),
(40073, 1004, 10000, 0, 0, 30),
(40073, 1006, 18000, 0, 0, 40),
(40073, 1243, 10, 0, 0, 0),
(40073, 1244, 800, 0, 0, 12),
(40073, 1245, 5000, 0, 0, 24),
(40073, 1706, 12000, 0, 0, 34),
(40073, 2006, 300, 0, 0, 10),
(40073, 2010, 4000, 0, 0, 22),
(40073, 2052, 100, 0, 0, 4),
(40073, 2053, 300, 0, 0, 10),
(40073, 2054, 1600, 0, 0, 16),
(40073, 2055, 4000, 0, 0, 22),
(40073, 2060, 18000, 0, 0, 40),
(40073, 2061, 3000, 0, 0, 20),
(40073, 2096, 4000, 0, 0, 22),
(40073, 2767, 12000, 0, 0, 34),
(40073, 2791, 14000, 0, 0, 36),
(40073, 2944, 3000, 0, 0, 20),
(40073, 3747, 5000, 0, 0, 24),
(40073, 6060, 16000, 0, 0, 38),
(40073, 6063, 8000, 0, 0, 28),
(40073, 6064, 12000, 0, 0, 34),
(40073, 6065, 10000, 0, 0, 30),
(40073, 6066, 14000, 0, 0, 36),
(40073, 6074, 1200, 0, 0, 14),
(40073, 6075, 3000, 0, 0, 20),
(40073, 6076, 6000, 0, 0, 26),
(40073, 6077, 11000, 0, 0, 32),
(40073, 6078, 16000, 0, 0, 38),
(40073, 6346, 800, 0, 0, 20),
(40073, 7128, 3000, 0, 0, 20),
(40073, 8092, 300, 0, 0, 10),
(40073, 8102, 1600, 0, 0, 16),
(40073, 8103, 4000, 0, 0, 22),
(40073, 8104, 8000, 0, 0, 28),
(40073, 8105, 12000, 0, 0, 34),
(40073, 8106, 18000, 0, 0, 40),
(40073, 8122, 1200, 0, 0, 14),
(40073, 8124, 8000, 0, 0, 28),
(40073, 8129, 5000, 0, 0, 24),
(40073, 9472, 6000, 0, 0, 26),
(40073, 9473, 11000, 0, 0, 32),
(40073, 9474, 16000, 0, 0, 38),
(40073, 9484, 3000, 0, 0, 20),
(40073, 9485, 18000, 0, 0, 40),
(40073, 10880, 12000, 0, 0, 34),
(40073, 10881, 26000, 0, 0, 46),
(40073, 10888, 22000, 0, 0, 42),
(40073, 10890, 42000, 0, 0, 56),
(40073, 10892, 22000, 0, 0, 42),
(40073, 10893, 30000, 0, 0, 50),
(40073, 10894, 44000, 0, 0, 58),
(40073, 10898, 22000, 0, 0, 42),
(40073, 10899, 28000, 0, 0, 48),
(40073, 10900, 40000, 0, 0, 54),
(40073, 10901, 46000, 0, 0, 60),
(40073, 10909, 24000, 0, 0, 44),
(40073, 10915, 24000, 0, 0, 44),
(40073, 10916, 30000, 0, 0, 50),
(40073, 10917, 42000, 0, 0, 56),
(40073, 10927, 24000, 0, 0, 44),
(40073, 10928, 30000, 0, 0, 50),
(40073, 10929, 42000, 0, 0, 56),
(40073, 10933, 26000, 0, 0, 46),
(40073, 10934, 40000, 0, 0, 54),
(40073, 10937, 28000, 0, 0, 48),
(40073, 10938, 46000, 0, 0, 60),
(40073, 10945, 26000, 0, 0, 46),
(40073, 10946, 38000, 0, 0, 52),
(40073, 10947, 44000, 0, 0, 58),
(40073, 10951, 30000, 0, 0, 50),
(40073, 10952, 46000, 0, 0, 60),
(40073, 10955, 46000, 0, 0, 60),
(40073, 10957, 22000, 0, 0, 42),
(40073, 10958, 42000, 0, 0, 56),
(40073, 10960, 30000, 0, 0, 50),
(40073, 10961, 46000, 0, 0, 60),
(40073, 10963, 26000, 0, 0, 46),
(40073, 10964, 38000, 0, 0, 52),
(40073, 10965, 44000, 0, 0, 58),
(40073, 14752, 600, 0, 0, 30),
(40073, 14818, 900, 0, 0, 40),
(40073, 14819, 1500, 0, 0, 50),
(40073, 14914, 3000, 0, 0, 20),
(40073, 15237, 3000, 0, 0, 20),
(40073, 15261, 46000, 0, 0, 60),
(40073, 15262, 5000, 0, 0, 24),
(40073, 15263, 10000, 0, 0, 30),
(40073, 15264, 14000, 0, 0, 36),
(40073, 15265, 22000, 0, 0, 42),
(40073, 15266, 28000, 0, 0, 48),
(40073, 15267, 40000, 0, 0, 54),
(40073, 15430, 8000, 0, 0, 28),
(40073, 15431, 14000, 0, 0, 36),
(40073, 17311, 400, 0, 0, 28),
(40073, 17312, 700, 0, 0, 36),
(40073, 17313, 1200, 0, 0, 44),
(40073, 17314, 1900, 0, 0, 52),
(40073, 18807, 2300, 0, 0, 60),
(40073, 19238, 60, 0, 0, 26),
(40073, 19240, 300, 0, 0, 34),
(40073, 19241, 600, 0, 0, 42),
(40073, 19242, 1100, 0, 0, 50),
(40073, 19243, 1500, 0, 0, 58),
(40073, 19276, 8000, 0, 0, 28),
(40073, 19277, 14000, 0, 0, 36),
(40073, 19278, 24000, 0, 0, 44),
(40073, 19279, 38000, 0, 0, 52),
(40073, 19280, 46000, 0, 0, 60),
(40073, 20770, 44000, 0, 0, 58),
(40073, 21562, 28000, 0, 0, 48),
(40073, 21564, 46000, 0, 0, 60),
(40073, 25210, 65000, 0, 0, 63),
(40073, 25213, 110000, 0, 0, 68),
(40073, 25217, 80000, 0, 0, 65),
(40073, 25218, 140000, 0, 0, 70),
(40073, 25221, 80000, 0, 0, 65),
(40073, 25222, 140000, 0, 0, 70),
(40073, 25233, 53000, 0, 0, 61),
(40073, 25235, 99000, 0, 0, 67),
(40073, 25308, 110000, 0, 0, 68),
(40073, 25312, 2300, 0, 0, 70),
(40073, 25314, 65000, 0, 0, 60),
(40073, 25315, 6500, 0, 0, 60),
(40073, 25316, 6500, 0, 0, 60),
(40073, 25331, 110000, 0, 0, 68),
(40073, 25363, 53000, 0, 0, 61),
(40073, 25364, 65000, 0, 0, 69),
(40073, 25367, 80000, 0, 0, 65),
(40073, 25368, 140000, 0, 0, 70),
(40073, 25372, 65000, 0, 0, 63),
(40073, 25375, 65000, 0, 0, 69),
(40073, 25384, 65000, 0, 0, 66),
(40073, 25387, 6500, 0, 0, 68),
(40073, 25389, 65000, 0, 0, 70),
(40073, 25392, 100000, 0, 0, 70),
(40073, 25431, 65000, 0, 0, 69),
(40073, 25433, 110000, 0, 0, 68),
(40073, 25435, 110000, 0, 0, 68),
(40073, 25437, 2200, 0, 0, 66),
(40073, 25467, 110000, 0, 0, 68),
(40073, 27681, 2300, 0, 0, 60),
(40073, 27683, 42000, 0, 0, 56),
(40073, 27799, 24000, 0, 0, 44),
(40073, 27800, 38000, 0, 0, 52),
(40073, 27801, 46000, 0, 0, 60),
(40073, 27841, 2300, 0, 0, 60),
(40073, 27870, 1200, 0, 0, 50),
(40073, 27871, 1500, 0, 0, 60),
(40073, 28275, 1500, 0, 0, 70),
(40073, 32375, 110000, 0, 0, 70),
(40073, 32379, 59000, 0, 0, 62),
(40073, 32546, 72000, 0, 0, 64),
(40073, 32996, 110000, 0, 0, 70),
(40073, 32999, 3400, 0, 0, 70),
(40073, 33076, 110000, 0, 0, 68),
(40073, 34433, 89000, 0, 0, 66),
(40073, 34863, 2100, 0, 0, 56),
(40073, 34864, 2300, 0, 0, 60),
(40073, 34865, 4000, 0, 0, 65),
(40073, 34866, 7000, 0, 0, 70),
(40073, 34916, 2300, 0, 0, 60),
(40073, 34917, 2300, 0, 0, 70),
(40073, 39374, 100000, 0, 0, 70),
(40073, 48040, 180000, 0, 0, 71),
(40073, 48045, 10000, 0, 0, 75),
(40073, 48062, 180000, 0, 0, 73),
(40073, 48063, 180000, 0, 0, 78),
(40073, 48065, 180000, 0, 0, 75),
(40073, 48066, 180000, 0, 0, 80),
(40073, 48067, 180000, 0, 0, 75),
(40073, 48068, 180000, 0, 0, 80),
(40073, 48070, 180000, 0, 0, 73),
(40073, 48071, 180000, 0, 0, 79),
(40073, 48072, 180000, 0, 0, 76),
(40073, 48073, 9000, 0, 0, 80),
(40073, 48074, 9000, 0, 0, 80),
(40073, 48077, 180000, 0, 0, 75),
(40073, 48078, 180000, 0, 0, 80),
(40073, 48086, 9000, 0, 0, 75),
(40073, 48087, 9000, 0, 0, 80),
(40073, 48088, 9000, 0, 0, 75),
(40073, 48089, 9000, 0, 0, 80),
(40073, 48112, 100000, 0, 0, 74),
(40073, 48113, 180000, 0, 0, 79),
(40073, 48119, 180000, 0, 0, 72),
(40073, 48120, 180000, 0, 0, 78),
(40073, 48122, 180000, 0, 0, 74),
(40073, 48123, 180000, 0, 0, 79),
(40073, 48124, 180000, 0, 0, 75),
(40073, 48125, 180000, 0, 0, 80),
(40073, 48126, 180000, 0, 0, 74),
(40073, 48127, 180000, 0, 0, 79),
(40073, 48134, 180000, 0, 0, 72),
(40073, 48135, 180000, 0, 0, 78),
(40073, 48155, 9000, 0, 0, 74),
(40073, 48156, 9000, 0, 0, 80),
(40073, 48157, 180000, 0, 0, 75),
(40073, 48158, 180000, 0, 0, 80),
(40073, 48159, 9000, 0, 0, 75),
(40073, 48160, 9000, 0, 0, 80),
(40073, 48161, 180000, 0, 0, 80),
(40073, 48162, 180000, 0, 0, 80),
(40073, 48168, 180000, 0, 0, 77),
(40073, 48169, 180000, 0, 0, 76),
(40073, 48170, 180000, 0, 0, 77),
(40073, 48171, 180000, 0, 0, 78),
(40073, 48172, 3250, 0, 0, 73),
(40073, 48173, 9000, 0, 0, 80),
(40073, 48299, 180000, 0, 0, 73),
(40073, 48300, 180000, 0, 0, 79),
(40073, 53005, 5000, 0, 0, 70),
(40073, 53006, 9000, 0, 0, 75),
(40073, 53007, 9000, 0, 0, 80),
(40073, 53023, 100000, 0, 0, 80),
(40073, 64843, 180000, 0, 0, 80),
(40073, 64901, 65000, 0, 0, 60);

REPLACE INTO `creature_template` (`entry`, `difficulty_entry_1`, `difficulty_entry_2`, `difficulty_entry_3`, `KillCredit1`, `KillCredit2`, `modelid1`, `modelid2`, `modelid3`, `modelid4`, `name`, `subname`, `IconName`, `gossip_menu_id`, `minlevel`, `maxlevel`, `exp`, `faction_A`, `faction_H`, `npcflag`, `scale`, `rank`, `mindmg`, `maxdmg`, `dmgschool`, `attackpower`, `dmg_multiplier`, `baseattacktime`, `rangeattacktime`, `unit_class`, `unit_flags`, `dynamicflags`, `family`, `trainer_type`, `trainer_spell`, `trainer_class`, `trainer_race`, `minrangedmg`, `maxrangedmg`, `rangedattackpower`, `type`, `type_flags`, `lootid`, `pickpocketloot`, `skinloot`, `resistance1`, `resistance2`, `resistance3`, `resistance4`, `resistance5`, `resistance6`, `spell1`, `spell2`, `spell3`, `spell4`, `spell5`, `spell6`, `spell7`, `spell8`, `PetSpellDataId`, `VehicleId`, `mingold`, `maxgold`, `AIName`, `MovementType`, `InhabitType`, `Health_mod`, `Mana_mod`, `RacialLeader`, `questItem1`, `questItem2`, `questItem3`, `questItem4`, `questItem5`, `questItem6`, `movementId`, `RegenHealth`, `equipment_id`, `mechanic_immune_mask`, `flags_extra`, `ScriptName`) VALUES (40074, 0, 0, 0, 0, 0, 18593, 0, 18593, 0, 'Warshtainer', 'Warrior Trainer', '', 0, 83, 83, 0, 35, 35, 49, 1, 2, 600, 900, 0, 2000, 1000, 1500, 1500, 1, 2, 0, 0, 0, 0, 1, 0, 700, 800, 1500, 7, 2, 0, 0, 0, 0, 0, 0, 0, 0, 0, 0, 0, 0, 0, 0, 0, 0, 0, 0, 0, 1000, 1000, '', 0, 3, 10, 0, 0, 0, 0, 0, 0, 0, 0, 0, 1, 4321, 0, 2, '');

DELETE FROM `npc_trainer` WHERE (`entry`=40074);
INSERT INTO `npc_trainer` (entry, spell, spellcost, reqskill, reqskillvalue, reqlevel) VALUES 
(40074, 71, 950, 0, 0, 10),
(40074, 72, 950, 0, 0, 12),
(40074, 100, 100, 0, 0, 4),
(40074, 284, 200, 0, 0, 8),
(40074, 285, 1900, 0, 0, 16),
(40074, 355, 2600, 0, 0, 30),
(40074, 469, 65000, 0, 0, 68),
(40074, 674, 3800, 0, 0, 20),
(40074, 676, 3000, 0, 0, 18),
(40074, 694, 1900, 0, 0, 16),
(40074, 750, 22000, 0, 0, 40),
(40074, 772, 100, 0, 0, 4),
(40074, 845, 3800, 0, 0, 20),
(40074, 871, 11000, 0, 0, 28),
(40074, 1160, 1500, 0, 0, 14),
(40074, 1161, 9500, 0, 0, 26),
(40074, 1464, 12000, 0, 0, 30),
(40074, 1608, 7600, 0, 0, 24),
(40074, 1680, 18000, 0, 0, 36),
(40074, 1715, 200, 0, 0, 8),
(40074, 1719, 42000, 0, 0, 50),
(40074, 2048, 67450, 0, 0, 69),
(40074, 2458, 2600, 0, 0, 30),
(40074, 2565, 1900, 0, 0, 16),
(40074, 2687, 600, 0, 0, 10),
(40074, 3127, 100, 0, 0, 6),
(40074, 3411, 65000, 0, 0, 70),
(40074, 5242, 950, 0, 0, 12),
(40074, 5246, 5700, 0, 0, 22),
(40074, 5308, 7600, 0, 0, 24),
(40074, 6178, 9500, 0, 0, 26),
(40074, 6190, 7600, 0, 0, 24),
(40074, 6192, 5700, 0, 0, 22),
(40074, 6343, 100, 0, 0, 6),
(40074, 6546, 600, 0, 0, 10),
(40074, 6547, 3800, 0, 0, 20),
(40074, 6548, 12000, 0, 0, 30),
(40074, 6552, 19000, 0, 0, 38),
(40074, 6572, 1500, 0, 0, 14),
(40074, 6574, 7600, 0, 0, 24),
(40074, 6673, 10, 0, 0, 1),
(40074, 7369, 12000, 0, 0, 30),
(40074, 7379, 16000, 0, 0, 34),
(40074, 7384, 950, 0, 0, 12),
(40074, 7386, 2600, 0, 0, 30),
(40074, 8198, 3000, 0, 0, 18),
(40074, 8204, 11000, 0, 0, 28),
(40074, 8205, 19000, 0, 0, 38),
(40074, 8820, 19000, 0, 0, 38),
(40074, 11549, 14000, 0, 0, 32),
(40074, 11550, 32000, 0, 0, 42),
(40074, 11551, 51300, 0, 0, 52),
(40074, 11554, 16000, 0, 0, 34),
(40074, 11555, 34000, 0, 0, 44),
(40074, 11556, 53200, 0, 0, 54),
(40074, 11564, 14000, 0, 0, 32),
(40074, 11565, 22000, 0, 0, 40),
(40074, 11566, 38000, 0, 0, 48),
(40074, 11567, 55100, 0, 0, 56),
(40074, 11572, 22000, 0, 0, 40),
(40074, 11573, 42000, 0, 0, 50),
(40074, 11574, 62000, 0, 0, 60),
(40074, 11578, 36000, 0, 0, 46),
(40074, 11580, 38000, 0, 0, 48),
(40074, 11581, 57000, 0, 0, 58),
(40074, 11600, 34000, 0, 0, 44),
(40074, 11601, 53200, 0, 0, 54),
(40074, 11604, 36000, 0, 0, 46),
(40074, 11605, 53200, 0, 0, 54),
(40074, 11608, 22000, 0, 0, 40),
(40074, 11609, 42000, 0, 0, 50),
(40074, 12678, 3800, 0, 0, 20),
(40074, 18499, 14000, 0, 0, 32),
(40074, 20230, 3800, 0, 0, 20),
(40074, 20252, 12000, 0, 0, 30),
(40074, 20569, 62000, 0, 0, 60),
(40074, 20658, 14000, 0, 0, 32),
(40074, 20660, 22000, 0, 0, 40),
(40074, 20661, 38000, 0, 0, 48),
(40074, 20662, 55100, 0, 0, 56),
(40074, 21551, 1900, 0, 0, 48),
(40074, 21552, 2800, 0, 0, 54),
(40074, 21553, 3100, 0, 0, 60),
(40074, 23920, 65000, 0, 0, 64),
(40074, 23922, 22000, 0, 0, 40),
(40074, 23923, 38000, 0, 0, 48),
(40074, 23924, 53200, 0, 0, 54),
(40074, 23925, 62000, 0, 0, 60),
(40074, 25202, 65000, 0, 0, 62),
(40074, 25203, 67450, 0, 0, 70),
(40074, 25208, 65000, 0, 0, 68),
(40074, 25231, 65000, 0, 0, 68),
(40074, 25234, 65000, 0, 0, 65),
(40074, 25236, 67450, 0, 0, 70),
(40074, 25241, 65000, 0, 0, 61),
(40074, 25242, 67450, 0, 0, 69),
(40074, 25248, 3250, 0, 0, 66),
(40074, 25258, 65000, 0, 0, 66),
(40074, 25264, 65000, 0, 0, 67),
(40074, 25269, 65000, 0, 0, 63),
(40074, 25286, 57000, 0, 0, 60),
(40074, 25288, 57000, 0, 0, 60),
(40074, 25289, 65000, 0, 0, 60),
(40074, 29707, 65000, 0, 0, 66),
(40074, 30016, 3100, 0, 0, 60),
(40074, 30022, 3250, 0, 0, 70),
(40074, 30324, 100000, 0, 0, 70),
(40074, 30330, 3500, 0, 0, 70),
(40074, 30356, 67450, 0, 0, 70),
(40074, 30357, 260000, 0, 0, 70),
(40074, 34428, 100, 0, 0, 6),
(40074, 46845, 260000, 0, 0, 71),
(40074, 47436, 260000, 0, 0, 78),
(40074, 47437, 260000, 0, 0, 79),
(40074, 47439, 100000, 0, 0, 74),
(40074, 47440, 260000, 0, 0, 80),
(40074, 47449, 260000, 0, 0, 72),
(40074, 47450, 260000, 0, 0, 76),
(40074, 47465, 260000, 0, 0, 76),
(40074, 47470, 260000, 0, 0, 73),
(40074, 47471, 260000, 0, 0, 80),
(40074, 47474, 260000, 0, 0, 74),
(40074, 47475, 260000, 0, 0, 79),
(40074, 47485, 13000, 0, 0, 75),
(40074, 47486, 13000, 0, 0, 80),
(40074, 47487, 260000, 0, 0, 75),
(40074, 47488, 260000, 0, 0, 80),
(40074, 47497, 5000, 0, 0, 75),
(40074, 47498, 5000, 0, 0, 80),
(40074, 47501, 260000, 0, 0, 73),
(40074, 47502, 260000, 0, 0, 78),
(40074, 47519, 260000, 0, 0, 72),
(40074, 47520, 260000, 0, 0, 77),
(40074, 55694, 100000, 0, 0, 75),
(40074, 57755, 100000, 0, 0, 80),
(40074, 57823, 260000, 0, 0, 80),
(40074, 64382, 260000, 0, 0, 71);

REPLACE INTO `creature_template` (`entry`, `difficulty_entry_1`, `difficulty_entry_2`, `difficulty_entry_3`, `KillCredit1`, `KillCredit2`, `modelid1`, `modelid2`, `modelid3`, `modelid4`, `name`, `subname`, `IconName`, `gossip_menu_id`, `minlevel`, `maxlevel`, `exp`, `faction_A`, `faction_H`, `npcflag`, `scale`, `rank`, `mindmg`, `maxdmg`, `dmgschool`, `attackpower`, `dmg_multiplier`, `baseattacktime`, `rangeattacktime`, `unit_class`, `unit_flags`, `dynamicflags`, `family`, `trainer_type`, `trainer_spell`, `trainer_class`, `trainer_race`, `minrangedmg`, `maxrangedmg`, `rangedattackpower`, `type`, `type_flags`, `lootid`, `pickpocketloot`, `skinloot`, `resistance1`, `resistance2`, `resistance3`, `resistance4`, `resistance5`, `resistance6`, `spell1`, `spell2`, `spell3`, `spell4`, `spell5`, `spell6`, `spell7`, `spell8`, `PetSpellDataId`, `VehicleId`, `mingold`, `maxgold`, `AIName`, `MovementType`, `InhabitType`, `Health_mod`, `Mana_mod`, `RacialLeader`, `questItem1`, `questItem2`, `questItem3`, `questItem4`, `questItem5`, `questItem6`, `movementId`, `RegenHealth`, `equipment_id`, `mechanic_immune_mask`, `flags_extra`, `ScriptName`) VALUES (40075, 0, 0, 0, 0, 0, 21379, 0, 21379, 0, 'Lord Beast', 'Hunter Trainer', '', 0, 83, 83, 0, 35, 35, 49, 1, 2, 110, 200, 0, 200, 100, 1500, 1500, 1, 2, 0, 0, 0, 0, 3, 0, 250, 500, 200, 7, 2, 0, 0, 0, 0, 0, 0, 0, 0, 0, 0, 0, 0, 0, 0, 0, 0, 0, 0, 0, 1000, 1000, '', 0, 3, 10, 5, 0, 0, 0, 0, 0, 0, 0, 0, 1, 3245, 0, 2, '');

DELETE FROM `npc_trainer` WHERE (`entry`=40075);
INSERT INTO `npc_trainer` (entry, spell, spellcost, reqskill, reqskillvalue, reqlevel) VALUES 
(40075, 136, 600, 0, 0, 12),
(40075, 674, 2200, 0, 0, 20),
(40075, 781, 2200, 0, 0, 20),
(40075, 883, 2000, 0, 0, 10),
(40075, 982, 2000, 0, 0, 10),
(40075, 1002, 1200, 0, 0, 14),
(40075, 1130, 100, 0, 0, 6),
(40075, 1462, 7000, 0, 0, 24),
(40075, 1494, 10, 0, 0, 0),
(40075, 1495, 1800, 0, 0, 16),
(40075, 1499, 2200, 0, 0, 20),
(40075, 1510, 18000, 0, 0, 40),
(40075, 1513, 1200, 0, 0, 14),
(40075, 1515, 2000, 0, 0, 10),
(40075, 1543, 10000, 0, 0, 32),
(40075, 1978, 100, 0, 0, 4),
(40075, 2641, 2000, 0, 0, 10),
(40075, 2643, 2000, 0, 0, 18),
(40075, 2974, 600, 0, 0, 12),
(40075, 3034, 14000, 0, 0, 36),
(40075, 3043, 6000, 0, 0, 22),
(40075, 3044, 100, 0, 0, 6),
(40075, 3045, 7000, 0, 0, 26),
(40075, 3111, 2200, 0, 0, 20),
(40075, 3127, 200, 0, 0, 8),
(40075, 3661, 8000, 0, 0, 28),
(40075, 3662, 14000, 0, 0, 36),
(40075, 5116, 200, 0, 0, 8),
(40075, 5118, 2200, 0, 0, 16),
(40075, 5384, 8000, 0, 0, 30),
(40075, 6197, 1200, 0, 0, 14),
(40075, 6991, 2000, 0, 0, 10),
(40075, 8737, 18000, 0, 0, 40),
(40075, 13159, 18000, 0, 0, 40),
(40075, 13161, 8000, 0, 0, 30),
(40075, 13163, 100, 0, 0, 4),
(40075, 13165, 400, 0, 0, 10),
(40075, 13542, 26000, 0, 0, 44),
(40075, 13543, 40000, 0, 0, 52),
(40075, 13544, 50000, 0, 0, 60),
(40075, 13549, 400, 0, 0, 10),
(40075, 13550, 2000, 0, 0, 18),
(40075, 13551, 7000, 0, 0, 26),
(40075, 13552, 12000, 0, 0, 34),
(40075, 13553, 24000, 0, 0, 42),
(40075, 13554, 36000, 0, 0, 50),
(40075, 13555, 48000, 0, 0, 58),
(40075, 13795, 1800, 0, 0, 16),
(40075, 13809, 8000, 0, 0, 28),
(40075, 13813, 12000, 0, 0, 34),
(40075, 14260, 200, 0, 0, 8),
(40075, 14261, 1800, 0, 0, 16),
(40075, 14262, 7000, 0, 0, 24),
(40075, 14263, 10000, 0, 0, 32),
(40075, 14264, 18000, 0, 0, 40),
(40075, 14265, 32000, 0, 0, 48),
(40075, 14266, 46000, 0, 0, 56),
(40075, 14267, 16000, 0, 0, 38),
(40075, 14268, 50000, 0, 0, 60),
(40075, 14269, 8000, 0, 0, 30),
(40075, 14270, 26000, 0, 0, 44),
(40075, 14271, 48000, 0, 0, 58),
(40075, 14281, 600, 0, 0, 12),
(40075, 14282, 2200, 0, 0, 20),
(40075, 14283, 8000, 0, 0, 28),
(40075, 14284, 14000, 0, 0, 36),
(40075, 14285, 26000, 0, 0, 44),
(40075, 14286, 40000, 0, 0, 52),
(40075, 14287, 50000, 0, 0, 60),
(40075, 14288, 8000, 0, 0, 30),
(40075, 14289, 24000, 0, 0, 42),
(40075, 14290, 42000, 0, 0, 54),
(40075, 14294, 36000, 0, 0, 50),
(40075, 14295, 48000, 0, 0, 58),
(40075, 14302, 7000, 0, 0, 26),
(40075, 14303, 14000, 0, 0, 36),
(40075, 14304, 28000, 0, 0, 46),
(40075, 14305, 46000, 0, 0, 56),
(40075, 14310, 18000, 0, 0, 40),
(40075, 14311, 50000, 0, 0, 60),
(40075, 14316, 26000, 0, 0, 44),
(40075, 14317, 42000, 0, 0, 54),
(40075, 14318, 2000, 0, 0, 18),
(40075, 14319, 8000, 0, 0, 28),
(40075, 14320, 16000, 0, 0, 38),
(40075, 14321, 32000, 0, 0, 48),
(40075, 14322, 48000, 0, 0, 58),
(40075, 14323, 6000, 0, 0, 22),
(40075, 14324, 18000, 0, 0, 40),
(40075, 14325, 48000, 0, 0, 58),
(40075, 14326, 8000, 0, 0, 30),
(40075, 14327, 28000, 0, 0, 46),
(40075, 19263, 2200, 0, 0, 60),
(40075, 19801, 50000, 0, 0, 60),
(40075, 19878, 10000, 0, 0, 32),
(40075, 19879, 36000, 0, 0, 50),
(40075, 19880, 7000, 0, 0, 26),
(40075, 19882, 18000, 0, 0, 40),
(40075, 19883, 400, 0, 0, 10),
(40075, 19884, 2000, 0, 0, 18),
(40075, 19885, 7000, 0, 0, 24),
(40075, 20043, 28000, 0, 0, 46),
(40075, 20190, 46000, 0, 0, 56),
(40075, 20736, 600, 0, 0, 12),
(40075, 20900, 400, 0, 0, 28),
(40075, 20901, 700, 0, 0, 36),
(40075, 20902, 1300, 0, 0, 44),
(40075, 20903, 2000, 0, 0, 52),
(40075, 20904, 2500, 0, 0, 60),
(40075, 20909, 1200, 0, 0, 42),
(40075, 20910, 2100, 0, 0, 54),
(40075, 24132, 1800, 0, 0, 50),
(40075, 24133, 2500, 0, 0, 60),
(40075, 25294, 50000, 0, 0, 60),
(40075, 25295, 50000, 0, 0, 60),
(40075, 25296, 50000, 0, 0, 60),
(40075, 27014, 87000, 0, 0, 63),
(40075, 27016, 140000, 0, 0, 67),
(40075, 27019, 170000, 0, 0, 69),
(40075, 27021, 140000, 0, 0, 67),
(40075, 27022, 140000, 0, 0, 67),
(40075, 27023, 110000, 0, 0, 65),
(40075, 27025, 68000, 0, 0, 61),
(40075, 27044, 150000, 0, 0, 68),
(40075, 27045, 150000, 0, 0, 68),
(40075, 27046, 150000, 0, 0, 68),
(40075, 27065, 10000, 0, 0, 70),
(40075, 27067, 2500, 0, 0, 66),
(40075, 27068, 5000, 0, 0, 70),
(40075, 34026, 120000, 0, 0, 66),
(40075, 34074, 2200, 0, 0, 20),
(40075, 34120, 70000, 0, 0, 62),
(40075, 34477, 190000, 0, 0, 70),
(40075, 34600, 150000, 0, 0, 68),
(40075, 36916, 300000, 0, 0, 70),
(40075, 48989, 300000, 0, 0, 74),
(40075, 48990, 300000, 0, 0, 80),
(40075, 48995, 300000, 0, 0, 71),
(40075, 48996, 300000, 0, 0, 77),
(40075, 48998, 15000, 0, 0, 72),
(40075, 48999, 15000, 0, 0, 78),
(40075, 49000, 300000, 0, 0, 73),
(40075, 49001, 300000, 0, 0, 79),
(40075, 49011, 100000, 0, 0, 75),
(40075, 49012, 100000, 0, 0, 80),
(40075, 49044, 300000, 0, 0, 73),
(40075, 49045, 300000, 0, 0, 79),
(40075, 49047, 300000, 0, 0, 74),
(40075, 49048, 300000, 0, 0, 80),
(40075, 49049, 10000, 0, 0, 75),
(40075, 49050, 10000, 0, 0, 80),
(40075, 49051, 300000, 0, 0, 71),
(40075, 49052, 300000, 0, 0, 77),
(40075, 49055, 300000, 0, 0, 72),
(40075, 49056, 300000, 0, 0, 78),
(40075, 49066, 300000, 0, 0, 71),
(40075, 49067, 300000, 0, 0, 77),
(40075, 49071, 300000, 0, 0, 76),
(40075, 53271, 10000, 0, 0, 75),
(40075, 53338, 10000, 0, 0, 76),
(40075, 53339, 300000, 0, 0, 80),
(40075, 53351, 300000, 0, 0, 71),
(40075, 56641, 36000, 0, 0, 50),
(40075, 58431, 300000, 0, 0, 74),
(40075, 58434, 300000, 0, 0, 80),
(40075, 60051, 400, 0, 0, 70),
(40075, 60052, 400, 0, 0, 75),
(40075, 60053, 100000, 0, 0, 80),
(40075, 60192, 100000, 0, 0, 80),
(40075, 61005, 300000, 0, 0, 75),
(40075, 61006, 300000, 0, 0, 80),
(40075, 61846, 300000, 0, 0, 74),
(40075, 61847, 300000, 0, 0, 80),
(40075, 63668, 1800, 0, 0, 57),
(40075, 63669, 7000, 0, 0, 63),
(40075, 63670, 10000, 0, 0, 69),
(40075, 63671, 10000, 0, 0, 75),
(40075, 63672, 10000, 0, 0, 80);

REPLACE INTO `creature_template` (`entry`, `difficulty_entry_1`, `difficulty_entry_2`, `difficulty_entry_3`, `KillCredit1`, `KillCredit2`, `modelid1`, `modelid2`, `modelid3`, `modelid4`, `name`, `subname`, `IconName`, `gossip_menu_id`, `minlevel`, `maxlevel`, `exp`, `faction_A`, `faction_H`, `npcflag`, `scale`, `rank`, `mindmg`, `maxdmg`, `dmgschool`, `attackpower`, `dmg_multiplier`, `baseattacktime`, `rangeattacktime`, `unit_class`, `unit_flags`, `dynamicflags`, `family`, `trainer_type`, `trainer_spell`, `trainer_class`, `trainer_race`, `minrangedmg`, `maxrangedmg`, `rangedattackpower`, `type`, `type_flags`, `lootid`, `pickpocketloot`, `skinloot`, `resistance1`, `resistance2`, `resistance3`, `resistance4`, `resistance5`, `resistance6`, `spell1`, `spell2`, `spell3`, `spell4`, `spell5`, `spell6`, `spell7`, `spell8`, `PetSpellDataId`, `VehicleId`, `mingold`, `maxgold`, `AIName`, `MovementType`, `InhabitType`, `Health_mod`, `Mana_mod`, `RacialLeader`, `questItem1`, `questItem2`, `questItem3`, `questItem4`, `questItem5`, `questItem6`, `movementId`, `RegenHealth`, `equipment_id`, `mechanic_immune_mask`, `flags_extra`, `ScriptName`) VALUES (40076, 0, 0, 0, 0, 0, 21570, 0, 21570, 0, 'Corleones', 'Rogue Trainer', '', 0, 83, 83, 0, 35, 35, 49, 1, 2, 1000, 2000, 0, 2000, 100, 1500, 1500, 1, 2, 0, 0, 0, 0, 4, 0, 450, 500, 2000, 7, 2, 0, 0, 0, 0, 0, 0, 0, 0, 0, 0, 0, 0, 0, 0, 0, 0, 0, 0, 0, 1000, 1000, '', 0, 3, 100, 0, 0, 0, 0, 0, 0, 0, 0, 0, 1, 4321, 0, 2, '');

DELETE FROM `npc_trainer` WHERE (`entry`=40076);
INSERT INTO `npc_trainer` (entry, spell, spellcost, reqskill, reqskillvalue, reqlevel) VALUES 
(40076, 53, 100, 0, 0, 4),
(40076, 408, 10000, 0, 0, 30),
(40076, 674, 300, 0, 0, 10),
(40076, 703, 1200, 0, 0, 14),
(40076, 921, 100, 0, 0, 4),
(40076, 1725, 4000, 0, 0, 22),
(40076, 1757, 100, 0, 0, 6),
(40076, 1758, 1200, 0, 0, 14),
(40076, 1759, 4000, 0, 0, 22),
(40076, 1760, 10000, 0, 0, 30),
(40076, 1766, 800, 0, 0, 12),
(40076, 1776, 100, 0, 0, 6),
(40076, 1784, 10, 0, 0, 0),
(40076, 1785, 3000, 0, 0, 20),
(40076, 1786, 20000, 0, 0, 40),
(40076, 1787, 54000, 0, 0, 60),
(40076, 1804, 1800, 0, 0, 16),
(40076, 1833, 6000, 0, 0, 26),
(40076, 1842, 10000, 0, 0, 30),
(40076, 1856, 4000, 0, 0, 22),
(40076, 1857, 27000, 0, 0, 42),
(40076, 1860, 20000, 0, 0, 40),
(40076, 1943, 3000, 0, 0, 20),
(40076, 1966, 1800, 0, 0, 16),
(40076, 2070, 8000, 0, 0, 28),
(40076, 2094, 14000, 0, 0, 34),
(40076, 2589, 800, 0, 0, 12),
(40076, 2590, 3000, 0, 0, 20),
(40076, 2591, 8000, 0, 0, 28),
(40076, 2836, 5000, 0, 0, 24),
(40076, 2983, 300, 0, 0, 10),
(40076, 3127, 800, 0, 0, 12),
(40076, 5171, 300, 0, 0, 10),
(40076, 5277, 200, 0, 0, 8),
(40076, 5938, 100000, 0, 0, 70),
(40076, 6760, 200, 0, 0, 8),
(40076, 6761, 1800, 0, 0, 16),
(40076, 6762, 5000, 0, 0, 24),
(40076, 6768, 8000, 0, 0, 28),
(40076, 6770, 300, 0, 0, 10),
(40076, 6774, 27000, 0, 0, 42),
(40076, 8621, 18000, 0, 0, 38),
(40076, 8623, 12000, 0, 0, 32),
(40076, 8624, 20000, 0, 0, 40),
(40076, 8631, 4000, 0, 0, 22),
(40076, 8632, 10000, 0, 0, 30),
(40076, 8633, 18000, 0, 0, 38),
(40076, 8637, 20000, 0, 0, 40),
(40076, 8639, 8000, 0, 0, 28),
(40076, 8640, 16000, 0, 0, 36),
(40076, 8643, 35000, 0, 0, 50),
(40076, 8647, 1200, 0, 0, 14),
(40076, 8676, 2900, 0, 0, 18),
(40076, 8696, 14000, 0, 0, 34),
(40076, 8721, 16000, 0, 0, 36),
(40076, 8724, 6000, 0, 0, 26),
(40076, 8725, 14000, 0, 0, 34),
(40076, 11267, 27000, 0, 0, 42),
(40076, 11268, 35000, 0, 0, 50),
(40076, 11269, 52000, 0, 0, 58),
(40076, 11273, 29000, 0, 0, 44),
(40076, 11274, 46000, 0, 0, 52),
(40076, 11275, 54000, 0, 0, 60),
(40076, 11279, 29000, 0, 0, 44),
(40076, 11280, 46000, 0, 0, 52),
(40076, 11281, 54000, 0, 0, 60),
(40076, 11289, 31000, 0, 0, 46),
(40076, 11290, 48000, 0, 0, 54),
(40076, 11293, 31000, 0, 0, 46),
(40076, 11294, 48000, 0, 0, 54),
(40076, 11297, 33000, 0, 0, 48),
(40076, 11299, 33000, 0, 0, 48),
(40076, 11300, 50000, 0, 0, 56),
(40076, 11303, 46000, 0, 0, 52),
(40076, 11305, 52000, 0, 0, 58),
(40076, 17347, 385, 0, 0, 46),
(40076, 17348, 650, 0, 0, 58),
(40076, 25300, 72000, 0, 0, 60),
(40076, 25302, 50000, 0, 0, 60),
(40076, 26669, 35000, 0, 0, 50),
(40076, 26679, 72000, 0, 0, 64),
(40076, 26839, 50000, 0, 0, 61),
(40076, 26861, 50000, 0, 0, 62),
(40076, 26862, 100000, 0, 0, 70),
(40076, 26863, 110000, 0, 0, 68),
(40076, 26864, 2700, 0, 0, 70),
(40076, 26865, 140000, 0, 0, 64),
(40076, 26867, 120000, 0, 0, 68),
(40076, 26884, 100000, 0, 0, 70),
(40076, 26889, 59000, 0, 0, 62),
(40076, 27441, 80000, 0, 0, 66),
(40076, 27448, 72000, 0, 0, 64),
(40076, 31016, 65000, 0, 0, 60),
(40076, 31224, 89000, 0, 0, 66),
(40076, 32645, 59000, 0, 0, 62),
(40076, 32684, 100000, 0, 0, 69),
(40076, 34411, 5500, 0, 0, 50),
(40076, 34412, 6500, 0, 0, 60),
(40076, 34413, 7500, 0, 0, 70),
(40076, 48637, 300000, 0, 0, 76),
(40076, 48638, 300000, 0, 0, 80),
(40076, 48656, 300000, 0, 0, 74),
(40076, 48657, 300000, 0, 0, 80),
(40076, 48658, 300000, 0, 0, 72),
(40076, 48659, 300000, 0, 0, 78),
(40076, 48660, 15000, 0, 0, 80),
(40076, 48663, 15000, 0, 0, 75),
(40076, 48666, 15000, 0, 0, 80),
(40076, 48667, 300000, 0, 0, 73),
(40076, 48668, 300000, 0, 0, 79),
(40076, 48671, 300000, 0, 0, 74),
(40076, 48672, 300000, 0, 0, 79),
(40076, 48673, 100000, 0, 0, 70),
(40076, 48674, 300000, 0, 0, 76),
(40076, 48675, 300000, 0, 0, 75),
(40076, 48676, 300000, 0, 0, 80),
(40076, 48689, 140000, 0, 0, 70),
(40076, 48690, 300000, 0, 0, 75),
(40076, 48691, 300000, 0, 0, 80),
(40076, 51722, 3000, 0, 0, 20),
(40076, 51723, 300000, 0, 0, 80),
(40076, 51724, 300000, 0, 0, 71),
(40076, 57934, 300000, 0, 0, 75),
(40076, 57992, 300000, 0, 0, 74),
(40076, 57993, 300000, 0, 0, 80);

REPLACE INTO `creature_template` (`entry`, `difficulty_entry_1`, `difficulty_entry_2`, `difficulty_entry_3`, `KillCredit1`, `KillCredit2`, `modelid1`, `modelid2`, `modelid3`, `modelid4`, `name`, `subname`, `IconName`, `gossip_menu_id`, `minlevel`, `maxlevel`, `exp`, `faction_A`, `faction_H`, `npcflag`, `scale`, `rank`, `mindmg`, `maxdmg`, `dmgschool`, `attackpower`, `dmg_multiplier`, `baseattacktime`, `rangeattacktime`, `unit_class`, `unit_flags`, `dynamicflags`, `family`, `trainer_type`, `trainer_spell`, `trainer_class`, `trainer_race`, `minrangedmg`, `maxrangedmg`, `rangedattackpower`, `type`, `type_flags`, `lootid`, `pickpocketloot`, `skinloot`, `resistance1`, `resistance2`, `resistance3`, `resistance4`, `resistance5`, `resistance6`, `spell1`, `spell2`, `spell3`, `spell4`, `spell5`, `spell6`, `spell7`, `spell8`, `PetSpellDataId`, `VehicleId`, `mingold`, `maxgold`, `AIName`, `MovementType`, `InhabitType`, `Health_mod`, `Mana_mod`, `RacialLeader`, `questItem1`, `questItem2`, `questItem3`, `questItem4`, `questItem5`, `questItem6`, `movementId`, `RegenHealth`, `equipment_id`, `mechanic_immune_mask`, `flags_extra`, `ScriptName`) VALUES (40077, 0, 0, 0, 0, 0, 30481, 0, 30481, 0, 'Moonstalker', 'Druid Trainer', '', 0, 83, 83, 0, 35, 35, 49, 1, 2, 200, 300, 0, 300, 100, 1500, 1500, 1, 2, 0, 0, 0, 0, 11, 0, 250, 500, 200, 7, 2, 0, 0, 0, 0, 0, 0, 0, 0, 0, 0, 0, 0, 0, 0, 0, 0, 0, 0, 0, 1000, 1000, '', 0, 3, 100, 120, 0, 0, 0, 0, 0, 0, 0, 0, 1, 2033, 0, 2, '');

DELETE FROM `npc_trainer` WHERE (`entry`=40077);
INSERT INTO `npc_trainer` (entry, spell, spellcost, reqskill, reqskillvalue, reqlevel) VALUES 
(40077, 99, 300, 0, 0, 10),
(40077, 339, 200, 0, 0, 8),
(40077, 467, 100, 0, 0, 6),
(40077, 740, 6000, 0, 0, 30),
(40077, 768, 2000, 0, 0, 20),
(40077, 769, 10000, 0, 0, 34),
(40077, 770, 1900, 0, 0, 18),
(40077, 774, 100, 0, 0, 4),
(40077, 779, 1800, 0, 0, 16),
(40077, 780, 4000, 0, 0, 24),
(40077, 782, 900, 0, 0, 14),
(40077, 783, 6000, 0, 0, 16),
(40077, 1058, 300, 0, 0, 10),
(40077, 1062, 1900, 0, 0, 18),
(40077, 1066, 1600, 0, 0, 16),
(40077, 1075, 4000, 0, 0, 24),
(40077, 1079, 2000, 0, 0, 20),
(40077, 1082, 2000, 0, 0, 20),
(40077, 1126, 10, 0, 0, 0),
(40077, 1430, 1800, 0, 0, 16),
(40077, 1735, 2000, 0, 0, 20),
(40077, 1822, 4000, 0, 0, 24),
(40077, 1823, 10000, 0, 0, 34),
(40077, 1824, 18000, 0, 0, 44),
(40077, 1850, 4500, 0, 0, 26),
(40077, 2090, 3000, 0, 0, 22),
(40077, 2091, 5000, 0, 0, 28),
(40077, 2637, 1900, 0, 0, 18),
(40077, 2782, 4000, 0, 0, 24),
(40077, 2893, 4500, 0, 0, 26),
(40077, 2908, 3000, 0, 0, 22),
(40077, 2912, 2000, 0, 0, 20),
(40077, 3029, 5000, 0, 0, 28),
(40077, 3627, 10000, 0, 0, 34),
(40077, 5177, 100, 0, 0, 6),
(40077, 5178, 900, 0, 0, 14),
(40077, 5179, 3000, 0, 0, 22),
(40077, 5180, 6000, 0, 0, 30),
(40077, 5186, 200, 0, 0, 8),
(40077, 5187, 900, 0, 0, 14),
(40077, 5188, 2000, 0, 0, 20),
(40077, 5189, 4500, 0, 0, 26),
(40077, 5195, 5000, 0, 0, 28),
(40077, 5196, 12000, 0, 0, 38),
(40077, 5201, 12000, 0, 0, 38),
(40077, 5209, 5000, 0, 0, 28),
(40077, 5211, 900, 0, 0, 14),
(40077, 5215, 2000, 0, 0, 20),
(40077, 5217, 4000, 0, 0, 24),
(40077, 5221, 3000, 0, 0, 22),
(40077, 5225, 8000, 0, 0, 32),
(40077, 5229, 800, 0, 0, 12),
(40077, 5232, 300, 0, 0, 10),
(40077, 5234, 6000, 0, 0, 30),
(40077, 6756, 2000, 0, 0, 20),
(40077, 6778, 8000, 0, 0, 32),
(40077, 6780, 12000, 0, 0, 38),
(40077, 6783, 14000, 0, 0, 40),
(40077, 6785, 8000, 0, 0, 32),
(40077, 6787, 16000, 0, 0, 42),
(40077, 6793, 11000, 0, 0, 36),
(40077, 6795, 1000, 0, 0, 10),
(40077, 6798, 6000, 0, 0, 30),
(40077, 6800, 6000, 0, 0, 30),
(40077, 6807, 1000, 0, 0, 10),
(40077, 6808, 1900, 0, 0, 18),
(40077, 6809, 4500, 0, 0, 26),
(40077, 8903, 12000, 0, 0, 38),
(40077, 8905, 20000, 0, 0, 46),
(40077, 8907, 14000, 0, 0, 40),
(40077, 8910, 14000, 0, 0, 40),
(40077, 8914, 10000, 0, 0, 34),
(40077, 8918, 14000, 0, 0, 40),
(40077, 8921, 100, 0, 0, 4),
(40077, 8924, 300, 0, 0, 10),
(40077, 8925, 1800, 0, 0, 16),
(40077, 8926, 3000, 0, 0, 22),
(40077, 8927, 5000, 0, 0, 28),
(40077, 8928, 10000, 0, 0, 34),
(40077, 8929, 14000, 0, 0, 40),
(40077, 8936, 800, 0, 0, 12),
(40077, 8938, 1900, 0, 0, 18),
(40077, 8939, 4000, 0, 0, 24),
(40077, 8940, 6000, 0, 0, 30),
(40077, 8941, 11000, 0, 0, 36),
(40077, 8949, 4500, 0, 0, 26),
(40077, 8950, 10000, 0, 0, 34),
(40077, 8951, 16000, 0, 0, 42),
(40077, 8955, 12000, 0, 0, 38),
(40077, 8972, 10000, 0, 0, 34),
(40077, 8983, 20000, 0, 0, 46),
(40077, 8992, 12000, 0, 0, 38),
(40077, 8998, 5000, 0, 0, 28),
(40077, 9000, 14000, 0, 0, 40),
(40077, 9005, 11000, 0, 0, 36),
(40077, 9490, 8000, 0, 0, 32),
(40077, 9492, 5000, 0, 0, 28),
(40077, 9493, 11000, 0, 0, 36),
(40077, 9634, 14000, 0, 0, 40),
(40077, 9745, 16000, 0, 0, 42),
(40077, 9747, 16000, 0, 0, 42),
(40077, 9750, 16000, 0, 0, 42),
(40077, 9752, 18000, 0, 0, 44),
(40077, 9754, 18000, 0, 0, 44),
(40077, 9756, 18000, 0, 0, 44),
(40077, 9758, 18000, 0, 0, 44),
(40077, 9821, 20000, 0, 0, 46),
(40077, 9823, 20000, 0, 0, 46),
(40077, 9827, 30000, 0, 0, 56),
(40077, 9829, 20000, 0, 0, 46),
(40077, 9830, 28000, 0, 0, 54),
(40077, 9833, 20000, 0, 0, 46),
(40077, 9834, 26000, 0, 0, 52),
(40077, 9835, 32000, 0, 0, 58),
(40077, 9839, 20000, 0, 0, 46),
(40077, 9840, 26000, 0, 0, 52),
(40077, 9841, 32000, 0, 0, 58),
(40077, 9845, 22000, 0, 0, 48),
(40077, 9846, 34000, 0, 0, 60),
(40077, 9849, 22000, 0, 0, 48),
(40077, 9850, 32000, 0, 0, 58),
(40077, 9852, 22000, 0, 0, 48),
(40077, 9853, 32000, 0, 0, 58),
(40077, 9856, 22000, 0, 0, 48),
(40077, 9857, 28000, 0, 0, 54),
(40077, 9858, 34000, 0, 0, 60),
(40077, 9862, 23000, 0, 0, 50),
(40077, 9863, 34000, 0, 0, 60),
(40077, 9866, 23000, 0, 0, 50),
(40077, 9867, 32000, 0, 0, 58),
(40077, 9875, 23000, 0, 0, 50),
(40077, 9876, 32000, 0, 0, 58),
(40077, 9880, 23000, 0, 0, 50),
(40077, 9881, 32000, 0, 0, 58),
(40077, 9884, 23000, 0, 0, 50),
(40077, 9885, 34000, 0, 0, 60),
(40077, 9888, 23000, 0, 0, 50),
(40077, 9889, 30000, 0, 0, 56),
(40077, 9892, 26000, 0, 0, 52),
(40077, 9894, 26000, 0, 0, 52),
(40077, 9896, 34000, 0, 0, 60),
(40077, 9898, 26000, 0, 0, 52),
(40077, 9901, 28000, 0, 0, 54),
(40077, 9904, 28000, 0, 0, 54),
(40077, 9908, 28000, 0, 0, 54),
(40077, 9910, 28000, 0, 0, 54),
(40077, 9912, 28000, 0, 0, 54),
(40077, 9913, 34000, 0, 0, 60),
(40077, 16689, 300, 0, 0, 10),
(40077, 16810, 1900, 0, 0, 18),
(40077, 16811, 5000, 0, 0, 28),
(40077, 16812, 12000, 0, 0, 38),
(40077, 16813, 22000, 0, 0, 48),
(40077, 16857, 1900, 0, 0, 18),
(40077, 16914, 14000, 0, 0, 40),
(40077, 17329, 32000, 0, 0, 58),
(40077, 17401, 23000, 0, 0, 50),
(40077, 17402, 34000, 0, 0, 60),
(40077, 18657, 12000, 0, 0, 38),
(40077, 18658, 32000, 0, 0, 58),
(40077, 20484, 2000, 0, 0, 20),
(40077, 20719, 14000, 0, 0, 40),
(40077, 20739, 6000, 0, 0, 30),
(40077, 20742, 14000, 0, 0, 40),
(40077, 20747, 23000, 0, 0, 50),
(40077, 20748, 34000, 0, 0, 60),
(40077, 21849, 23000, 0, 0, 50),
(40077, 21850, 34000, 0, 0, 60),
(40077, 22568, 8000, 0, 0, 32),
(40077, 22570, 43000, 0, 0, 62),
(40077, 22812, 18000, 0, 0, 44),
(40077, 22827, 14000, 0, 0, 40),
(40077, 22828, 22000, 0, 0, 48),
(40077, 22829, 30000, 0, 0, 56),
(40077, 22842, 11000, 0, 0, 36),
(40077, 24248, 48000, 0, 0, 63),
(40077, 24974, 6000, 0, 0, 30),
(40077, 24975, 14000, 0, 0, 40),
(40077, 24976, 12000, 0, 0, 50),
(40077, 24977, 34000, 0, 0, 60),
(40077, 25297, 34000, 0, 0, 60),
(40077, 25298, 34000, 0, 0, 60),
(40077, 25299, 34000, 0, 0, 60),
(40077, 26978, 43000, 0, 0, 62),
(40077, 26979, 90000, 0, 0, 69),
(40077, 26980, 59000, 0, 0, 65),
(40077, 26981, 48000, 0, 0, 63),
(40077, 26982, 90000, 0, 0, 69),
(40077, 26983, 100000, 0, 0, 70),
(40077, 26984, 39000, 0, 0, 61),
(40077, 26985, 90000, 0, 0, 69),
(40077, 26986, 73000, 0, 0, 67),
(40077, 26987, 48000, 0, 0, 63),
(40077, 26988, 100000, 0, 0, 70),
(40077, 26989, 81000, 0, 0, 68),
(40077, 26990, 100000, 0, 0, 70),
(40077, 26991, 100000, 0, 0, 70),
(40077, 26992, 53000, 0, 0, 64),
(40077, 26994, 90000, 0, 0, 69),
(40077, 26995, 100000, 0, 0, 70),
(40077, 26996, 73000, 0, 0, 67),
(40077, 26997, 53000, 0, 0, 64),
(40077, 26998, 43000, 0, 0, 62),
(40077, 27000, 73000, 0, 0, 67),
(40077, 27001, 39000, 0, 0, 61),
(40077, 27002, 100000, 0, 0, 70),
(40077, 27003, 53000, 0, 0, 64),
(40077, 27004, 90000, 0, 0, 69),
(40077, 27005, 66000, 0, 0, 66),
(40077, 27006, 66000, 0, 0, 66),
(40077, 27008, 73000, 0, 0, 67),
(40077, 27009, 81000, 0, 0, 68),
(40077, 27012, 100000, 0, 0, 70),
(40077, 27013, 200000, 0, 0, 70),
(40077, 29166, 14000, 0, 0, 40),
(40077, 31018, 30000, 0, 0, 60),
(40077, 31709, 34000, 0, 0, 60),
(40077, 33357, 59000, 0, 0, 65),
(40077, 33745, 66000, 0, 0, 66),
(40077, 33763, 53000, 0, 0, 64),
(40077, 33786, 100000, 0, 0, 70),
(40077, 33943, 100000, 0, 0, 60),
(40077, 33982, 1700, 0, 0, 58),
(40077, 33983, 1700, 0, 0, 68),
(40077, 33986, 1700, 0, 0, 58),
(40077, 33987, 1900, 0, 0, 68),
(40077, 40120, 200000, 762, 300, 70),
(40077, 48377, 200000, 0, 0, 74),
(40077, 48378, 200000, 0, 0, 79),
(40077, 48440, 200000, 0, 0, 75),
(40077, 48441, 200000, 0, 0, 80),
(40077, 48442, 200000, 0, 0, 71),
(40077, 48443, 200000, 0, 0, 77),
(40077, 48446, 200000, 0, 0, 75),
(40077, 48447, 200000, 0, 0, 80),
(40077, 48450, 200000, 0, 0, 72),
(40077, 48451, 200000, 0, 0, 80),
(40077, 48459, 200000, 0, 0, 74),
(40077, 48461, 200000, 0, 0, 79),
(40077, 48462, 200000, 0, 0, 75),
(40077, 48463, 200000, 0, 0, 80),
(40077, 48464, 200000, 0, 0, 72),
(40077, 48465, 200000, 0, 0, 78),
(40077, 48467, 200000, 0, 0, 80),
(40077, 48468, 200000, 0, 0, 80),
(40077, 48469, 200000, 0, 0, 80),
(40077, 48470, 200000, 0, 0, 80),
(40077, 48477, 200000, 0, 0, 79),
(40077, 48479, 200000, 0, 0, 73),
(40077, 48480, 200000, 0, 0, 79),
(40077, 48559, 200000, 0, 0, 71),
(40077, 48560, 200000, 0, 0, 77),
(40077, 48561, 200000, 0, 0, 72),
(40077, 48562, 200000, 0, 0, 77),
(40077, 48563, 10000, 0, 0, 75),
(40077, 48564, 10000, 0, 0, 80),
(40077, 48565, 10000, 0, 0, 75),
(40077, 48566, 10000, 0, 0, 80),
(40077, 48567, 200000, 0, 0, 73),
(40077, 48568, 200000, 0, 0, 80),
(40077, 48569, 200000, 0, 0, 73),
(40077, 48570, 200000, 0, 0, 79),
(40077, 48571, 200000, 0, 0, 75),
(40077, 48572, 200000, 0, 0, 80),
(40077, 48573, 200000, 0, 0, 72),
(40077, 48574, 200000, 0, 0, 78),
(40077, 48575, 200000, 0, 0, 76),
(40077, 48576, 200000, 0, 0, 72),
(40077, 48577, 200000, 0, 0, 78),
(40077, 48578, 200000, 0, 0, 73),
(40077, 48579, 200000, 0, 0, 79),
(40077, 49799, 200000, 0, 0, 71),
(40077, 49800, 200000, 0, 0, 80),
(40077, 49802, 200000, 0, 0, 74),
(40077, 49803, 200000, 0, 0, 77),
(40077, 50212, 200000, 0, 0, 71),
(40077, 50213, 200000, 0, 0, 79),
(40077, 50464, 200000, 0, 0, 80),
(40077, 50763, 200000, 0, 0, 80),
(40077, 50764, 90000, 0, 0, 69),
(40077, 50765, 34000, 0, 0, 60),
(40077, 50766, 22000, 0, 0, 48),
(40077, 50767, 11000, 0, 0, 36),
(40077, 50768, 4000, 0, 0, 24),
(40077, 50769, 800, 0, 0, 12),
(40077, 52610, 200000, 0, 0, 75),
(40077, 53199, 10000, 0, 0, 70),
(40077, 53200, 10000, 0, 0, 75),
(40077, 53201, 10000, 0, 0, 80),
(40077, 53223, 600, 0, 0, 60),
(40077, 53225, 1700, 0, 0, 70),
(40077, 53226, 10000, 0, 0, 75),
(40077, 53248, 1700, 0, 0, 70),
(40077, 53249, 10000, 0, 0, 75),
(40077, 53251, 10000, 0, 0, 80),
(40077, 53307, 200000, 0, 0, 74),
(40077, 53308, 200000, 0, 0, 78),
(40077, 53312, 200000, 0, 0, 78),
(40077, 61384, 10000, 0, 0, 80),
(40077, 62078, 200000, 0, 0, 71),
(40077, 62600, 4500, 0, 0, 40);

REPLACE INTO `creature_template` (`entry`, `difficulty_entry_1`, `difficulty_entry_2`, `difficulty_entry_3`, `KillCredit1`, `KillCredit2`, `modelid1`, `modelid2`, `modelid3`, `modelid4`, `name`, `subname`, `IconName`, `gossip_menu_id`, `minlevel`, `maxlevel`, `exp`, `faction_A`, `faction_H`, `npcflag`, `scale`, `rank`, `mindmg`, `maxdmg`, `dmgschool`, `attackpower`, `dmg_multiplier`, `baseattacktime`, `rangeattacktime`, `unit_class`, `unit_flags`, `dynamicflags`, `family`, `trainer_type`, `trainer_spell`, `trainer_class`, `trainer_race`, `minrangedmg`, `maxrangedmg`, `rangedattackpower`, `type`, `type_flags`, `lootid`, `pickpocketloot`, `skinloot`, `resistance1`, `resistance2`, `resistance3`, `resistance4`, `resistance5`, `resistance6`, `spell1`, `spell2`, `spell3`, `spell4`, `spell5`, `spell6`, `spell7`, `spell8`, `PetSpellDataId`, `VehicleId`, `mingold`, `maxgold`, `AIName`, `MovementType`, `InhabitType`, `Health_mod`, `Mana_mod`, `RacialLeader`, `questItem1`, `questItem2`, `questItem3`, `questItem4`, `questItem5`, `questItem6`, `movementId`, `RegenHealth`, `equipment_id`, `mechanic_immune_mask`, `flags_extra`, `ScriptName`) VALUES (40078, 0, 0, 0, 0, 0, 21576, 0, 21576, 0, 'Lacrimatum', 'Warlock Trainer', '', 0, 83, 83, 0, 35, 35, 49, 1, 2, 400, 500, 0, 200, 100, 1500, 1500, 1, 2, 0, 0, 0, 0, 9, 0, 450, 500, 200, 7, 2, 0, 0, 0, 0, 0, 0, 0, 0, 0, 0, 0, 0, 0, 0, 0, 0, 0, 0, 0, 1000, 1000, '', 0, 3, 100, 120, 0, 0, 0, 0, 0, 0, 0, 0, 1, 2050, 0, 2, '');

DELETE FROM `npc_trainer` WHERE (`entry`=40078);
INSERT INTO `npc_trainer` (entry, spell, spellcost, reqskill, reqskillvalue, reqlevel) VALUES 
(40078, 126, 2500, 0, 0, 22),
(40078, 132, 4000, 0, 0, 26),
(40078, 172, 100, 0, 0, 4),
(40078, 348, 10, 0, 0, 0),
(40078, 603, 26000, 0, 0, 60),
(40078, 688, 100, 0, 0, 4),
(40078, 689, 900, 0, 0, 14),
(40078, 691, 3000, 0, 0, 30),
(40078, 693, 1500, 0, 0, 18),
(40078, 695, 100, 0, 0, 6),
(40078, 696, 300, 0, 0, 10),
(40078, 697, 1000, 0, 0, 10),
(40078, 698, 2000, 0, 0, 20),
(40078, 699, 2500, 0, 0, 22),
(40078, 702, 100, 0, 0, 4),
(40078, 705, 600, 0, 0, 12),
(40078, 706, 2000, 0, 0, 20),
(40078, 707, 300, 0, 0, 10),
(40078, 709, 6000, 0, 0, 30),
(40078, 710, 5000, 0, 0, 28),
(40078, 712, 2000, 0, 0, 20),
(40078, 755, 600, 0, 0, 12),
(40078, 980, 200, 0, 0, 8),
(40078, 1014, 1500, 0, 0, 18),
(40078, 1086, 6000, 0, 0, 30),
(40078, 1088, 2000, 0, 0, 20),
(40078, 1094, 2000, 0, 0, 20),
(40078, 1098, 6000, 0, 0, 30),
(40078, 1106, 5000, 0, 0, 28),
(40078, 1108, 600, 0, 0, 12),
(40078, 1120, 300, 0, 0, 10),
(40078, 1122, 5000, 0, 0, 50),
(40078, 1454, 100, 0, 0, 6),
(40078, 1455, 1200, 0, 0, 16),
(40078, 1456, 4000, 0, 0, 26),
(40078, 1490, 7000, 0, 0, 32),
(40078, 1710, 3500, 0, 0, 20),
(40078, 1714, 4000, 0, 0, 26),
(40078, 1949, 6000, 0, 0, 30),
(40078, 2362, 9000, 0, 0, 36),
(40078, 2941, 6000, 0, 0, 30),
(40078, 3698, 2000, 0, 0, 20),
(40078, 3699, 5000, 0, 0, 28),
(40078, 3700, 9000, 0, 0, 36),
(40078, 5138, 3000, 0, 0, 24),
(40078, 5484, 11000, 0, 0, 40),
(40078, 5500, 3000, 0, 0, 24),
(40078, 5676, 1500, 0, 0, 18),
(40078, 5697, 1200, 0, 0, 16),
(40078, 5699, 8000, 0, 0, 34),
(40078, 5740, 2000, 0, 0, 20),
(40078, 5782, 200, 0, 0, 8),
(40078, 6201, 300, 0, 0, 10),
(40078, 6202, 2500, 0, 0, 22),
(40078, 6205, 2500, 0, 0, 22),
(40078, 6213, 7000, 0, 0, 32),
(40078, 6215, 22000, 0, 0, 56),
(40078, 6217, 5000, 0, 0, 28),
(40078, 6219, 8000, 0, 0, 34),
(40078, 6222, 900, 0, 0, 14),
(40078, 6223, 3000, 0, 0, 24),
(40078, 6229, 7000, 0, 0, 32),
(40078, 6353, 14000, 0, 0, 48),
(40078, 6366, 5000, 0, 0, 28),
(40078, 6789, 11000, 0, 0, 42),
(40078, 7641, 9000, 0, 0, 36),
(40078, 7646, 7000, 0, 0, 32),
(40078, 7648, 8000, 0, 0, 34),
(40078, 7651, 10000, 0, 0, 38),
(40078, 8288, 3000, 0, 0, 24),
(40078, 8289, 10000, 0, 0, 38),
(40078, 11659, 12000, 0, 0, 44),
(40078, 11660, 18000, 0, 0, 52),
(40078, 11661, 26000, 0, 0, 60),
(40078, 11665, 11000, 0, 0, 40),
(40078, 11667, 15000, 0, 0, 50),
(40078, 11668, 26000, 0, 0, 60),
(40078, 11671, 12000, 0, 0, 44),
(40078, 11672, 20000, 0, 0, 54),
(40078, 11675, 18000, 0, 0, 52),
(40078, 11677, 13000, 0, 0, 46),
(40078, 11678, 24000, 0, 0, 58),
(40078, 11683, 11000, 0, 0, 42),
(40078, 11684, 20000, 0, 0, 54),
(40078, 11687, 8100, 0, 0, 36),
(40078, 11688, 11700, 0, 0, 46),
(40078, 11689, 19800, 0, 0, 56),
(40078, 11693, 12000, 0, 0, 44),
(40078, 11694, 18000, 0, 0, 52),
(40078, 11695, 26000, 0, 0, 60),
(40078, 11699, 13000, 0, 0, 46),
(40078, 11700, 20000, 0, 0, 54),
(40078, 11707, 11000, 0, 0, 42),
(40078, 11708, 18000, 0, 0, 52),
(40078, 11711, 10000, 0, 0, 38),
(40078, 11712, 14000, 0, 0, 48),
(40078, 11713, 24000, 0, 0, 58),
(40078, 11719, 15000, 0, 0, 50),
(40078, 11721, 13000, 0, 0, 46),
(40078, 11722, 26000, 0, 0, 60),
(40078, 11725, 12000, 0, 0, 44),
(40078, 11726, 24000, 0, 0, 58),
(40078, 11729, 13000, 0, 0, 46),
(40078, 11730, 24000, 0, 0, 58),
(40078, 11733, 11000, 0, 0, 40),
(40078, 11734, 15000, 0, 0, 50),
(40078, 11735, 26000, 0, 0, 60),
(40078, 11739, 11000, 0, 0, 42),
(40078, 11740, 18000, 0, 0, 52),
(40078, 17727, 14000, 0, 0, 48),
(40078, 17728, 26000, 0, 0, 60),
(40078, 17919, 4000, 0, 0, 26),
(40078, 17920, 8000, 0, 0, 34),
(40078, 17921, 11000, 0, 0, 42),
(40078, 17922, 15000, 0, 0, 50),
(40078, 17923, 24000, 0, 0, 58),
(40078, 17924, 22000, 0, 0, 56),
(40078, 17925, 15000, 0, 0, 50),
(40078, 17926, 24000, 0, 0, 58),
(40078, 17928, 20000, 0, 0, 54),
(40078, 17951, 9000, 0, 0, 36),
(40078, 17952, 13000, 0, 0, 46),
(40078, 17953, 22000, 0, 0, 56),
(40078, 18540, 5000, 0, 0, 50),
(40078, 18647, 14000, 0, 0, 48),
(40078, 18867, 150, 0, 0, 24),
(40078, 18868, 350, 0, 0, 32),
(40078, 18869, 550, 0, 0, 40),
(40078, 18870, 700, 0, 0, 48),
(40078, 18871, 1100, 0, 0, 56),
(40078, 18937, 750, 0, 0, 50),
(40078, 18938, 1300, 0, 0, 60),
(40078, 20752, 6000, 0, 0, 30),
(40078, 20755, 11000, 0, 0, 40),
(40078, 20756, 15000, 0, 0, 50),
(40078, 20757, 26000, 0, 0, 60),
(40078, 23161, 200000, 0, 150, 40),
(40078, 25307, 26000, 0, 0, 62),
(40078, 25309, 26000, 0, 0, 60),
(40078, 25311, 26000, 0, 0, 60),
(40078, 27209, 70000, 0, 0, 69),
(40078, 27210, 46000, 0, 0, 65),
(40078, 27211, 42000, 0, 0, 64),
(40078, 27212, 70000, 0, 0, 69),
(40078, 27213, 63000, 0, 0, 68),
(40078, 27215, 70000, 0, 0, 69),
(40078, 27216, 46000, 0, 0, 65),
(40078, 27217, 57000, 0, 0, 67),
(40078, 27218, 57000, 0, 0, 67),
(40078, 27219, 30000, 0, 0, 62),
(40078, 27220, 70000, 0, 0, 69),
(40078, 27222, 56700, 0, 0, 68),
(40078, 27223, 63000, 0, 0, 68),
(40078, 27224, 30000, 0, 0, 61),
(40078, 27228, 70000, 0, 0, 69),
(40078, 27230, 63000, 0, 0, 68),
(40078, 27238, 78000, 0, 0, 70),
(40078, 27243, 78000, 0, 0, 70),
(40078, 27250, 51000, 0, 0, 66),
(40078, 27259, 57000, 0, 0, 67),
(40078, 27260, 78000, 0, 0, 70),
(40078, 27263, 1300, 0, 0, 63),
(40078, 27265, 1300, 0, 0, 70),
(40078, 28172, 51000, 0, 0, 66),
(40078, 28176, 34000, 0, 0, 62),
(40078, 28189, 70000, 0, 0, 69),
(40078, 28610, 34000, 0, 0, 60),
(40078, 29722, 42000, 0, 0, 64),
(40078, 29858, 51000, 0, 0, 66),
(40078, 29893, 63000, 0, 0, 68),
(40078, 30404, 2500, 0, 0, 60),
(40078, 30405, 2500, 0, 0, 70),
(40078, 30413, 2500, 0, 0, 60),
(40078, 30414, 2500, 0, 0, 70),
(40078, 30459, 78000, 0, 0, 70),
(40078, 30545, 78000, 0, 0, 70),
(40078, 30546, 3900, 0, 0, 70),
(40078, 30909, 70000, 0, 0, 69),
(40078, 30910, 78000, 0, 0, 70),
(40078, 32231, 78000, 0, 0, 70),
(40078, 47793, 160000, 0, 0, 76),
(40078, 47808, 160000, 0, 0, 74),
(40078, 47809, 160000, 0, 0, 79),
(40078, 47810, 160000, 0, 0, 75),
(40078, 47811, 160000, 0, 0, 80),
(40078, 47812, 160000, 0, 0, 71),
(40078, 47813, 160000, 0, 0, 77),
(40078, 47814, 160000, 0, 0, 74),
(40078, 47815, 160000, 0, 0, 79),
(40078, 47819, 160000, 0, 0, 72),
(40078, 47820, 160000, 0, 0, 79),
(40078, 47823, 160000, 0, 0, 78),
(40078, 47824, 160000, 0, 0, 75),
(40078, 47825, 160000, 0, 0, 80),
(40078, 47826, 8000, 0, 0, 75),
(40078, 47827, 8000, 0, 0, 80),
(40078, 47835, 160000, 0, 0, 75),
(40078, 47836, 160000, 0, 0, 80),
(40078, 47837, 100000, 0, 0, 74),
(40078, 47838, 100000, 0, 0, 80),
(40078, 47841, 8000, 0, 0, 75),
(40078, 47843, 8000, 0, 0, 80),
(40078, 47846, 8000, 0, 0, 75),
(40078, 47847, 8000, 0, 0, 80),
(40078, 47855, 160000, 0, 0, 77),
(40078, 47856, 160000, 0, 0, 76),
(40078, 47857, 160000, 0, 0, 78),
(40078, 47859, 160000, 0, 0, 73),
(40078, 47860, 160000, 0, 0, 78),
(40078, 47863, 160000, 0, 0, 73),
(40078, 47864, 160000, 0, 0, 79),
(40078, 47865, 160000, 0, 0, 78),
(40078, 47867, 160000, 0, 0, 80),
(40078, 47871, 160000, 0, 0, 73),
(40078, 47878, 160000, 0, 0, 79),
(40078, 47884, 160000, 0, 0, 76),
(40078, 47886, 160000, 0, 0, 72),
(40078, 47888, 160000, 0, 0, 78),
(40078, 47889, 160000, 0, 0, 80),
(40078, 47890, 160000, 0, 0, 72),
(40078, 47891, 160000, 0, 0, 78),
(40078, 47892, 160000, 0, 0, 74),
(40078, 47893, 160000, 0, 0, 79),
(40078, 47897, 10000, 0, 0, 75),
(40078, 48018, 160000, 0, 0, 80),
(40078, 48020, 160000, 0, 0, 80),
(40078, 50511, 160000, 0, 0, 71),
(40078, 50589, 5000, 0, 0, 50),
(40078, 54785, 5000, 0, 0, 50),
(40078, 57946, 160000, 0, 0, 80),
(40078, 58887, 160000, 0, 0, 80),
(40078, 59092, 160000, 0, 0, 80),
(40078, 59161, 2500, 0, 0, 70),
(40078, 59163, 8000, 0, 0, 75),
(40078, 59164, 8000, 0, 0, 80),
(40078, 59170, 2500, 0, 0, 70),
(40078, 59171, 8000, 0, 0, 75),
(40078, 59172, 8000, 0, 0, 80),
(40078, 59671, 5000, 0, 0, 50),
(40078, 60219, 160000, 0, 0, 74),
(40078, 60220, 160000, 0, 0, 80),
(40078, 61191, 70000, 0, 0, 72),
(40078, 61290, 10000, 0, 0, 80);

REPLACE INTO `creature_template` (`entry`, `difficulty_entry_1`, `difficulty_entry_2`, `difficulty_entry_3`, `KillCredit1`, `KillCredit2`, `modelid1`, `modelid2`, `modelid3`, `modelid4`, `name`, `subname`, `IconName`, `gossip_menu_id`, `minlevel`, `maxlevel`, `exp`, `faction_A`, `faction_H`, `npcflag`, `scale`, `rank`, `mindmg`, `maxdmg`, `dmgschool`, `attackpower`, `dmg_multiplier`, `baseattacktime`, `rangeattacktime`, `unit_class`, `unit_flags`, `dynamicflags`, `family`, `trainer_type`, `trainer_spell`, `trainer_class`, `trainer_race`, `minrangedmg`, `maxrangedmg`, `rangedattackpower`, `type`, `type_flags`, `lootid`, `pickpocketloot`, `skinloot`, `resistance1`, `resistance2`, `resistance3`, `resistance4`, `resistance5`, `resistance6`, `spell1`, `spell2`, `spell3`, `spell4`, `spell5`, `spell6`, `spell7`, `spell8`, `PetSpellDataId`, `VehicleId`, `mingold`, `maxgold`, `AIName`, `MovementType`, `InhabitType`, `Health_mod`, `Mana_mod`, `RacialLeader`, `questItem1`, `questItem2`, `questItem3`, `questItem4`, `questItem5`, `questItem6`, `movementId`, `RegenHealth`, `equipment_id`, `mechanic_immune_mask`, `flags_extra`, `ScriptName`) VALUES (40079, 0, 0, 0, 0, 0, 24191, 0, 24191, 0, 'Lich King', 'Death Knight Trainer', '', 0, 83, 83, 0, 35, 35, 49, 1, 2, 4500, 5000, 0, 200, 1000, 1500, 1500, 1, 2, 0, 0, 0, 0, 6, 0, 200, 500, 200, 7, 2, 0, 0, 0, 0, 0, 0, 0, 0, 0, 0, 0, 0, 0, 0, 0, 0, 0, 0, 0, 1000, 1000, '', 0, 3, 100, 0, 0, 0, 0, 0, 0, 0, 0, 0, 1, 0, 0, 2, '');

DELETE FROM `npc_trainer` WHERE (`entry`=40079);
INSERT INTO `npc_trainer` (entry, spell, spellcost, reqskill, reqskillvalue, reqlevel) VALUES 
(40079, 3714, 61000, 0, 0, 61),
(40079, 42650, 360000, 0, 0, 80),
(40079, 43265, 6000, 0, 0, 60),
(40079, 45463, 63000, 0, 0, 70),
(40079, 45524, 5800, 0, 0, 58),
(40079, 45529, 64000, 0, 0, 64),
(40079, 46584, 5600, 0, 0, 56),
(40079, 47476, 5900, 0, 0, 59),
(40079, 47528, 5700, 0, 0, 57),
(40079, 47568, 360000, 0, 0, 75),
(40079, 48263, 5700, 0, 0, 57),
(40079, 48265, 360000, 0, 0, 70),
(40079, 48707, 68000, 0, 0, 68),
(40079, 48721, 5800, 0, 0, 58),
(40079, 48743, 66000, 0, 0, 66),
(40079, 48778, 200000, 0, 0, 72),
(40079, 48792, 62000, 0, 0, 62),
(40079, 49020, 61000, 0, 0, 61),
(40079, 49892, 59000, 0, 0, 62),
(40079, 49893, 68000, 0, 0, 68),
(40079, 49894, 360000, 0, 0, 76),
(40079, 49895, 360000, 0, 0, 80),
(40079, 49896, 61000, 0, 0, 61),
(40079, 49903, 67000, 0, 0, 67),
(40079, 49904, 360000, 0, 0, 73),
(40079, 49909, 360000, 0, 0, 78),
(40079, 49913, 65000, 0, 0, 65),
(40079, 49914, 69000, 0, 0, 69),
(40079, 49915, 360000, 0, 0, 74),
(40079, 49916, 360000, 0, 0, 79),
(40079, 49917, 5800, 0, 0, 60),
(40079, 49918, 65000, 0, 0, 65),
(40079, 49919, 360000, 0, 0, 70),
(40079, 49920, 360000, 0, 0, 75),
(40079, 49921, 360000, 0, 0, 80),
(40079, 49923, 360000, 0, 0, 75),
(40079, 49924, 360000, 0, 0, 80),
(40079, 49926, 5900, 0, 0, 59),
(40079, 49927, 64000, 0, 0, 64),
(40079, 49928, 69000, 0, 0, 69),
(40079, 49929, 360000, 0, 0, 74),
(40079, 49930, 360000, 0, 0, 80),
(40079, 49936, 68000, 0, 0, 67),
(40079, 49937, 360000, 0, 0, 73),
(40079, 49938, 360000, 0, 0, 80),
(40079, 49939, 66000, 0, 0, 66),
(40079, 49940, 360000, 0, 0, 72),
(40079, 49941, 360000, 0, 0, 78),
(40079, 49998, 5600, 0, 0, 56),
(40079, 49999, 65000, 0, 0, 63),
(40079, 50842, 5600, 0, 0, 56),
(40079, 51325, 6000, 0, 0, 60),
(40079, 51326, 18000, 0, 0, 70),
(40079, 51327, 18000, 0, 0, 75),
(40079, 51328, 18000, 0, 0, 80),
(40079, 51409, 6500, 0, 0, 70),
(40079, 51410, 10000, 0, 0, 75),
(40079, 51411, 10000, 0, 0, 80),
(40079, 51416, 6200, 0, 0, 60),
(40079, 51417, 3250, 0, 0, 65),
(40079, 51418, 18000, 0, 0, 70),
(40079, 51419, 18000, 0, 0, 75),
(40079, 51423, 67000, 0, 0, 67),
(40079, 51424, 360000, 0, 0, 73),
(40079, 51425, 360000, 0, 0, 79),
(40079, 51426, 62000, 0, 0, 62),
(40079, 51427, 68000, 0, 0, 68),
(40079, 51428, 360000, 0, 0, 74),
(40079, 51429, 360000, 0, 0, 79),
(40079, 53323, 63000, 0, 0, 40),
(40079, 53331, 6000, 0, 0, 40),
(40079, 53341, 55000, 0, 0, 40),
(40079, 53342, 5700, 0, 0, 40),
(40079, 53343, 55000, 0, 0, 40),
(40079, 53344, 360000, 0, 0, 40),
(40079, 54446, 63000, 0, 0, 40),
(40079, 54447, 5700, 0, 0, 40),
(40079, 55258, 5900, 0, 0, 59),
(40079, 55259, 3200, 0, 0, 64),
(40079, 55260, 3450, 0, 0, 69),
(40079, 55261, 18000, 0, 0, 74),
(40079, 55262, 18000, 0, 0, 80),
(40079, 55265, 18000, 0, 0, 67),
(40079, 55268, 18000, 0, 0, 80),
(40079, 55270, 18000, 0, 0, 73),
(40079, 55271, 18000, 0, 0, 79),
(40079, 56222, 65000, 0, 0, 65),
(40079, 56815, 67000, 0, 0, 67),
(40079, 57330, 65000, 0, 0, 65),
(40079, 57623, 360000, 0, 0, 75),
(40079, 61999, 360000, 0, 0, 72),
(40079, 62158, 360000, 0, 0, 72);

REPLACE INTO `creature_template` (`entry`, `difficulty_entry_1`, `difficulty_entry_2`, `difficulty_entry_3`, `KillCredit1`, `KillCredit2`, `modelid1`, `modelid2`, `modelid3`, `modelid4`, `name`, `subname`, `IconName`, `gossip_menu_id`, `minlevel`, `maxlevel`, `exp`, `faction_A`, `faction_H`, `npcflag`, `scale`, `rank`, `mindmg`, `maxdmg`, `dmgschool`, `attackpower`, `dmg_multiplier`, `baseattacktime`, `rangeattacktime`, `unit_class`, `unit_flags`, `dynamicflags`, `family`, `trainer_type`, `trainer_spell`, `trainer_class`, `trainer_race`, `minrangedmg`, `maxrangedmg`, `rangedattackpower`, `type`, `type_flags`, `lootid`, `pickpocketloot`, `skinloot`, `resistance1`, `resistance2`, `resistance3`, `resistance4`, `resistance5`, `resistance6`, `spell1`, `spell2`, `spell3`, `spell4`, `spell5`, `spell6`, `spell7`, `spell8`, `PetSpellDataId`, `VehicleId`, `mingold`, `maxgold`, `AIName`, `MovementType`, `InhabitType`, `Health_mod`, `Mana_mod`, `RacialLeader`, `questItem1`, `questItem2`, `questItem3`, `questItem4`, `questItem5`, `questItem6`, `movementId`, `RegenHealth`, `equipment_id`, `mechanic_immune_mask`, `flags_extra`, `ScriptName`) VALUES (40010, 0, 0, 0, 0, 0, 28220, 0, 28220, 0, 'Demolisher', 'Flying Trainer', '', 0, 83, 83, 0, 35, 35, 81, 1, 2, 700, 900, 0, 2000, 100, 1500, 1500, 8, 2, 0, 0, 1, 0, 0, 0, 1500, 2000, 2000, 7, 2, 0, 0, 0, 0, 0, 0, 0, 0, 0, 0, 0, 0, 0, 0, 0, 0, 0, 0, 0, 0, 0, '', 0, 3, 100, 51, 0, 0, 0, 0, 0, 0, 0, 0, 1, 0, 0, 0, '');

DELETE FROM `npc_trainer` WHERE (`entry`=40010);
INSERT INTO `npc_trainer` (entry, spell, spellcost, reqskill, reqskillvalue, reqlevel) VALUES 
(40010, 33389, 40000, 0, 0, 20),
(40010, 33392, 500000, 762, 75, 40),
(40010, 34092, 2500000, 762, 150, 60),
(40010, 34093, 50000000, 762, 225, 70),
(40010, 54197, 10000000, 762, 225, 77);

REPLACE INTO `creature_template` (`entry`, `difficulty_entry_1`, `difficulty_entry_2`, `difficulty_entry_3`, `KillCredit1`, `KillCredit2`, `modelid1`, `modelid2`, `modelid3`, `modelid4`, `name`, `subname`, `IconName`, `gossip_menu_id`, `minlevel`, `maxlevel`, `exp`, `faction_A`, `faction_H`, `npcflag`, `scale`, `rank`, `mindmg`, `maxdmg`, `dmgschool`, `attackpower`, `dmg_multiplier`, `baseattacktime`, `rangeattacktime`, `unit_class`, `unit_flags`, `dynamicflags`, `family`, `trainer_type`, `trainer_spell`, `trainer_class`, `trainer_race`, `minrangedmg`, `maxrangedmg`, `rangedattackpower`, `type`, `type_flags`, `lootid`, `pickpocketloot`, `skinloot`, `resistance1`, `resistance2`, `resistance3`, `resistance4`, `resistance5`, `resistance6`, `spell1`, `spell2`, `spell3`, `spell4`, `spell5`, `spell6`, `spell7`, `spell8`, `PetSpellDataId`, `VehicleId`, `mingold`, `maxgold`, `AIName`, `MovementType`, `InhabitType`, `Health_mod`, `Mana_mod`, `RacialLeader`, `questItem1`, `questItem2`, `questItem3`, `questItem4`, `questItem5`, `questItem6`, `movementId`, `RegenHealth`, `equipment_id`, `mechanic_immune_mask`, `flags_extra`, `ScriptName`) VALUES (12704, 0, 0, 0, 0, 0, 11081, 0, 11081, 0, 'Hanashi Luntark', 'Weapon Master', '', 0, 80, 80, 0, 35, 35, 81, 1, 0, 851, 1121, 0, 2061, 1, 2000, 0, 1, 2, 0, 0, 2, 0, 0, 0, 58, 86, 20, 7, 2, 0, 0, 0, 0, 0, 0, 0, 0, 0, 0, 0, 0, 0, 0, 0, 0, 0, 0, 0, 1000, 1000, '', 0, 3, 70, 1, 0, 0, 0, 0, 0, 0, 0, 0, 1, 1320, 0, 2, '');

DELETE FROM `npc_trainer` WHERE (`entry`=12704);
INSERT INTO `npc_trainer` (entry, spell, spellcost, reqskill, reqskillvalue, reqlevel) VALUES 
(12704, 196, 1000, 0, 0, 0),
(12704, 197, 1000, 0, 0, 0),
(12704, 198, 1000, 0, 0, 0),
(12704, 199, 1000, 0, 0, 0),
(12704, 200, 1000, 0, 0, 20),
(12704, 201, 1000, 0, 0, 0),
(12704, 202, 1000, 0, 0, 0),
(12704, 227, 1000, 0, 0, 0),
(12704, 264, 1000, 0, 0, 0),
(12704, 266, 1000, 0, 0, 0),
(12704, 1180, 1000, 0, 0, 0),
(12704, 2567, 1000, 0, 0, 0),
(12704, 5011, 1000, 0, 0, 0),
(12704, 15590, 1000, 0, 0, 0);

REPLACE INTO `creature_template` (`entry`, `difficulty_entry_1`, `difficulty_entry_2`, `difficulty_entry_3`, `KillCredit1`, `KillCredit2`, `modelid1`, `modelid2`, `modelid3`, `modelid4`, `name`, `subname`, `IconName`, `gossip_menu_id`, `minlevel`, `maxlevel`, `exp`, `faction_A`, `faction_H`, `npcflag`, `scale`, `rank`, `mindmg`, `maxdmg`, `dmgschool`, `attackpower`, `dmg_multiplier`, `baseattacktime`, `rangeattacktime`, `unit_class`, `unit_flags`, `dynamicflags`, `family`, `trainer_type`, `trainer_spell`, `trainer_class`, `trainer_race`, `minrangedmg`, `maxrangedmg`, `rangedattackpower`, `type`, `type_flags`, `lootid`, `pickpocketloot`, `skinloot`, `resistance1`, `resistance2`, `resistance3`, `resistance4`, `resistance5`, `resistance6`, `spell1`, `spell2`, `spell3`, `spell4`, `spell5`, `spell6`, `spell7`, `spell8`, `PetSpellDataId`, `VehicleId`, `mingold`, `maxgold`, `AIName`, `MovementType`, `InhabitType`, `Health_mod`, `Mana_mod`, `RacialLeader`, `questItem1`, `questItem2`, `questItem3`, `questItem4`, `questItem5`, `questItem6`, `movementId`, `RegenHealth`, `equipment_id`, `mechanic_immune_mask`, `flags_extra`, `ScriptName`) VALUES (200133, 0, 0, 0, 0, 0, 29780, 0, 0, 0, 'Reagent', 'Reagent', '', 0, 80, 80, 0, 35, 35, 4224, 1, 1, 50, 150, 0, 1000, 1, 2000, 0, 1, 0, 0, 0, 0, 0, 0, 0, 0, 0, 0, 7, 0, 0, 0, 0, 0, 0, 0, 0, 0, 0, 0, 0, 0, 0, 0, 0, 0, 0, 0, 0, 0, 0, '', 0, 3, 1, 1, 0, 0, 0, 0, 0, 0, 0, 0, 1, 0, 0, 0, '');

DELETE FROM `npc_vendor` WHERE (`entry`=200133);
INSERT INTO `npc_vendor` (entry, item, maxcount, incrtime, ExtendedCost) VALUES 
(200133, 5565, 0, 0, 0),
(200133, 6265, 0, 0, 0),
(200133, 16583, 0, 0, 0),
(200133, 17020, 0, 0, 0),
(200133, 17030, 0, 0, 0),
(200133, 17031, 0, 0, 0),
(200133, 17032, 0, 0, 0),
(200133, 17033, 0, 0, 0),
(200133, 21177, 0, 0, 0),
(200133, 37201, 0, 0, 0),
(200133, 44605, 0, 0, 0),
(200133, 44614, 0, 0, 0),
(200133, 44615, 0, 0, 0),
(200133, 49633, 0, 0, 0),
(200133, 49634, 0, 0, 0);

REPLACE INTO `creature_template` (`entry`, `difficulty_entry_1`, `difficulty_entry_2`, `difficulty_entry_3`, `KillCredit1`, `KillCredit2`, `modelid1`, `modelid2`, `modelid3`, `modelid4`, `name`, `subname`, `IconName`, `gossip_menu_id`, `minlevel`, `maxlevel`, `exp`, `faction_A`, `faction_H`, `npcflag`, `scale`, `rank`, `mindmg`, `maxdmg`, `dmgschool`, `attackpower`, `dmg_multiplier`, `baseattacktime`, `rangeattacktime`, `unit_class`, `unit_flags`, `dynamicflags`, `family`, `trainer_type`, `trainer_spell`, `trainer_class`, `trainer_race`, `minrangedmg`, `maxrangedmg`, `rangedattackpower`, `type`, `type_flags`, `lootid`, `pickpocketloot`, `skinloot`, `resistance1`, `resistance2`, `resistance3`, `resistance4`, `resistance5`, `resistance6`, `spell1`, `spell2`, `spell3`, `spell4`, `spell5`, `spell6`, `spell7`, `spell8`, `PetSpellDataId`, `VehicleId`, `mingold`, `maxgold`, `AIName`, `MovementType`, `InhabitType`, `Health_mod`, `Mana_mod`, `RacialLeader`, `questItem1`, `questItem2`, `questItem3`, `questItem4`, `questItem5`, `questItem6`, `movementId`, `RegenHealth`, `equipment_id`, `mechanic_immune_mask`, `flags_extra`, `ScriptName`) VALUES (200108, 0, 0, 0, 0, 0, 22959, 0, 22959, 0, 'Elixir', 'elixir', '', 0, 80, 80, 0, 35, 35, 4224, 1, 1, 50, 150, 0, 1000, 1, 2000, 0, 1, 2, 0, 0, 0, 0, 0, 0, 0, 0, 0, 7, 2, 0, 0, 0, 0, 0, 0, 0, 0, 0, 0, 0, 0, 0, 0, 0, 0, 0, 0, 0, 0, 0, '', 0, 3, 10, 1, 0, 0, 0, 0, 0, 0, 0, 0, 1, 4493, 0, 0, '');

DELETE FROM `npc_vendor` WHERE (`entry`=200108);
INSERT INTO `npc_vendor` (entry, item, maxcount, incrtime, ExtendedCost) VALUES 
(200108, 2460, 0, 0, 0),
(200108, 37449, 0, 0, 0),
(200108, 39666, 0, 0, 0),
(200108, 40068, 0, 0, 0),
(200108, 40070, 0, 0, 0),
(200108, 40072, 0, 0, 0),
(200108, 40073, 0, 0, 0),
(200108, 40076, 0, 0, 0),
(200108, 40078, 0, 0, 0),
(200108, 40097, 0, 0, 0),
(200108, 40109, 0, 0, 0),
(200108, 44012, 0, 0, 0),
(200108, 44325, 0, 0, 0),
(200108, 44327, 0, 0, 0),
(200108, 44328, 0, 0, 0),
(200108, 44329, 0, 0, 0),
(200108, 44330, 0, 0, 0),
(200108, 44331, 0, 0, 0),
(200108, 44332, 0, 0, 0),
(200108, 45621, 0, 0, 0);

REPLACE INTO `creature_template` (`entry`, `difficulty_entry_1`, `difficulty_entry_2`, `difficulty_entry_3`, `KillCredit1`, `KillCredit2`, `modelid1`, `modelid2`, `modelid3`, `modelid4`, `name`, `subname`, `IconName`, `gossip_menu_id`, `minlevel`, `maxlevel`, `exp`, `faction_A`, `faction_H`, `npcflag`, `scale`, `rank`, `mindmg`, `maxdmg`, `dmgschool`, `attackpower`, `dmg_multiplier`, `baseattacktime`, `rangeattacktime`, `unit_class`, `unit_flags`, `dynamicflags`, `family`, `trainer_type`, `trainer_spell`, `trainer_class`, `trainer_race`, `minrangedmg`, `maxrangedmg`, `rangedattackpower`, `type`, `type_flags`, `lootid`, `pickpocketloot`, `skinloot`, `resistance1`, `resistance2`, `resistance3`, `resistance4`, `resistance5`, `resistance6`, `spell1`, `spell2`, `spell3`, `spell4`, `spell5`, `spell6`, `spell7`, `spell8`, `PetSpellDataId`, `VehicleId`, `mingold`, `maxgold`, `AIName`, `MovementType`, `InhabitType`, `Health_mod`, `Mana_mod`, `RacialLeader`, `questItem1`, `questItem2`, `questItem3`, `questItem4`, `questItem5`, `questItem6`, `movementId`, `RegenHealth`, `equipment_id`, `mechanic_immune_mask`, `flags_extra`, `ScriptName`) VALUES (200106, 0, 0, 0, 0, 0, 22959, 0, 22959, 0, 'Food and drink', '80lvl', '', 0, 80, 80, 0, 35, 35, 4224, 1, 1, 50, 150, 0, 1000, 1, 2000, 0, 1, 2, 0, 0, 0, 0, 0, 0, 0, 0, 0, 7, 2, 0, 0, 0, 0, 0, 0, 0, 0, 0, 0, 0, 0, 0, 0, 0, 0, 0, 0, 0, 0, 0, '', 0, 3, 10, 1, 0, 0, 0, 0, 0, 0, 0, 0, 1, 4493, 0, 0, '');

DELETE FROM `npc_vendor` WHERE (`entry`=200106);
INSERT INTO `npc_vendor` (entry, item, maxcount, incrtime, ExtendedCost) VALUES 
(200106, 21215, 0, 0, 0),
(200106, 33444, 0, 0, 0),
(200106, 33445, 0, 0, 0),
(200106, 34125, 0, 0, 0),
(200106, 34747, 0, 0, 0),
(200106, 34748, 0, 0, 0),
(200106, 34749, 0, 0, 0),
(200106, 34750, 0, 0, 0),
(200106, 34751, 0, 0, 0),
(200106, 34752, 0, 0, 0),
(200106, 34753, 0, 0, 0),
(200106, 34754, 0, 0, 0),
(200106, 34755, 0, 0, 0),
(200106, 34756, 0, 0, 0),
(200106, 34757, 0, 0, 0),
(200106, 34758, 0, 0, 0),
(200106, 34759, 0, 0, 0),
(200106, 34760, 0, 0, 0),
(200106, 34761, 0, 0, 0),
(200106, 34762, 0, 0, 0),
(200106, 34763, 0, 0, 0),
(200106, 34764, 0, 0, 0),
(200106, 34765, 0, 0, 0),
(200106, 34766, 0, 0, 0),
(200106, 34767, 0, 0, 0),
(200106, 34768, 0, 0, 0),
(200106, 34769, 0, 0, 0),
(200106, 35947, 0, 0, 0),
(200106, 35948, 0, 0, 0),
(200106, 35950, 0, 0, 0),
(200106, 35951, 0, 0, 0),
(200106, 35952, 0, 0, 0),
(200106, 35953, 0, 0, 0),
(200106, 38698, 0, 0, 0),
(200106, 38706, 0, 0, 0),
(200106, 39520, 0, 0, 0),
(200106, 39691, 0, 0, 0),
(200106, 40202, 0, 0, 0),
(200106, 41729, 0, 0, 0),
(200106, 41731, 0, 0, 0),
(200106, 42428, 0, 0, 0),
(200106, 42429, 0, 0, 0),
(200106, 42430, 0, 0, 0),
(200106, 42431, 0, 0, 0),
(200106, 42432, 0, 0, 0),
(200106, 42433, 0, 0, 0),
(200106, 42434, 0, 0, 0),
(200106, 42777, 0, 0, 0),
(200106, 42778, 0, 0, 0),
(200106, 42779, 0, 0, 0),
(200106, 42942, 0, 0, 0),
(200106, 42993, 0, 0, 0),
(200106, 42994, 0, 0, 0),
(200106, 42995, 0, 0, 0),
(200106, 42996, 0, 0, 0),
(200106, 42997, 0, 0, 0),
(200106, 42998, 0, 0, 0),
(200106, 42999, 0, 0, 0),
(200106, 43000, 0, 0, 0),
(200106, 43001, 0, 0, 0),
(200106, 43004, 0, 0, 0),
(200106, 43005, 0, 0, 0),
(200106, 43015, 0, 0, 0),
(200106, 43086, 0, 0, 0),
(200106, 43087, 0, 0, 0),
(200106, 43236, 0, 0, 0),
(200106, 43268, 0, 0, 0),
(200106, 43478, 0, 0, 0),
(200106, 43480, 0, 0, 0),
(200106, 43488, 0, 0, 0),
(200106, 43490, 0, 0, 0),
(200106, 43491, 0, 0, 0),
(200106, 43492, 0, 0, 0),
(200106, 43518, 0, 0, 0),
(200106, 43523, 0, 0, 0),
(200106, 44049, 0, 0, 0),
(200106, 44071, 0, 0, 0),
(200106, 44072, 0, 0, 0),
(200106, 44607, 0, 0, 0),
(200106, 44616, 0, 0, 0),
(200106, 44618, 0, 0, 0),
(200106, 44722, 0, 0, 0),
(200106, 44940, 0, 0, 0),
(200106, 44941, 0, 0, 0),
(200106, 44953, 0, 0, 0),
(200106, 45932, 0, 0, 0);

REPLACE INTO `creature_template` (`entry`, `difficulty_entry_1`, `difficulty_entry_2`, `difficulty_entry_3`, `KillCredit1`, `KillCredit2`, `modelid1`, `modelid2`, `modelid3`, `modelid4`, `name`, `subname`, `IconName`, `gossip_menu_id`, `minlevel`, `maxlevel`, `exp`, `faction_A`, `faction_H`, `npcflag`, `scale`, `rank`, `mindmg`, `maxdmg`, `dmgschool`, `attackpower`, `dmg_multiplier`, `baseattacktime`, `rangeattacktime`, `unit_class`, `unit_flags`, `dynamicflags`, `family`, `trainer_type`, `trainer_spell`, `trainer_class`, `trainer_race`, `minrangedmg`, `maxrangedmg`, `rangedattackpower`, `type`, `type_flags`, `lootid`, `pickpocketloot`, `skinloot`, `resistance1`, `resistance2`, `resistance3`, `resistance4`, `resistance5`, `resistance6`, `spell1`, `spell2`, `spell3`, `spell4`, `spell5`, `spell6`, `spell7`, `spell8`, `PetSpellDataId`, `VehicleId`, `mingold`, `maxgold`, `AIName`, `MovementType`, `InhabitType`, `Health_mod`, `Mana_mod`, `RacialLeader`, `questItem1`, `questItem2`, `questItem3`, `questItem4`, `questItem5`, `questItem6`, `movementId`, `RegenHealth`, `equipment_id`, `mechanic_immune_mask`, `flags_extra`, `ScriptName`) VALUES (200107, 0, 0, 0, 0, 0, 22959, 0, 22959, 0, 'Potions', 'potions', '', 0, 80, 80, 0, 35, 35, 4224, 1, 1, 50, 150, 0, 1000, 1, 2000, 0, 1, 2, 0, 0, 0, 0, 0, 0, 0, 0, 0, 7, 2, 0, 0, 0, 0, 0, 0, 0, 0, 0, 0, 0, 0, 0, 0, 0, 0, 0, 0, 0, 0, 0, '', 0, 3, 10, 1, 0, 0, 0, 0, 0, 0, 0, 0, 1, 4493, 0, 0, '');

DELETE FROM `npc_vendor` WHERE (`entry`=200107);
INSERT INTO `npc_vendor` (entry, item, maxcount, incrtime, ExtendedCost) VALUES 
(200107, 13460, 0, 0, 0),
(200107, 33447, 0, 0, 0),
(200107, 33448, 0, 0, 0),
(200107, 36770, 0, 0, 0),
(200107, 38351, 0, 0, 0),
(200107, 39327, 0, 0, 0),
(200107, 39671, 0, 0, 0),
(200107, 40067, 0, 0, 0),
(200107, 40077, 0, 0, 0),
(200107, 40081, 0, 0, 0),
(200107, 40087, 0, 0, 0),
(200107, 40093, 0, 0, 0),
(200107, 40211, 0, 0, 0),
(200107, 40212, 0, 0, 0),
(200107, 40213, 0, 0, 0),
(200107, 40214, 0, 0, 0),
(200107, 40215, 0, 0, 0),
(200107, 40216, 0, 0, 0),
(200107, 40217, 0, 0, 0),
(200107, 41166, 0, 0, 0),
(200107, 42545, 0, 0, 0),
(200107, 43530, 0, 0, 0),
(200107, 43531, 0, 0, 0),
(200107, 43569, 0, 0, 0),
(200107, 43570, 0, 0, 0);

REPLACE INTO `creature_template` (`entry`, `difficulty_entry_1`, `difficulty_entry_2`, `difficulty_entry_3`, `KillCredit1`, `KillCredit2`, `modelid1`, `modelid2`, `modelid3`, `modelid4`, `name`, `subname`, `IconName`, `gossip_menu_id`, `minlevel`, `maxlevel`, `exp`, `faction_A`, `faction_H`, `npcflag`, `scale`, `rank`, `mindmg`, `maxdmg`, `dmgschool`, `attackpower`, `dmg_multiplier`, `baseattacktime`, `rangeattacktime`, `unit_class`, `unit_flags`, `dynamicflags`, `family`, `trainer_type`, `trainer_spell`, `trainer_class`, `trainer_race`, `minrangedmg`, `maxrangedmg`, `rangedattackpower`, `type`, `type_flags`, `lootid`, `pickpocketloot`, `skinloot`, `resistance1`, `resistance2`, `resistance3`, `resistance4`, `resistance5`, `resistance6`, `spell1`, `spell2`, `spell3`, `spell4`, `spell5`, `spell6`, `spell7`, `spell8`, `PetSpellDataId`, `VehicleId`, `mingold`, `maxgold`, `AIName`, `MovementType`, `InhabitType`, `Health_mod`, `Mana_mod`, `RacialLeader`, `questItem1`, `questItem2`, `questItem3`, `questItem4`, `questItem5`, `questItem6`, `movementId`, `RegenHealth`, `equipment_id`, `mechanic_immune_mask`, `flags_extra`, `ScriptName`) VALUES (200109, 0, 0, 0, 0, 0, 22959, 0, 22959, 0, 'Flask', 'flask', '', 0, 80, 80, 0, 35, 35, 4224, 1, 1, 50, 150, 0, 1000, 1, 2000, 0, 1, 2, 0, 0, 0, 0, 0, 0, 0, 0, 0, 7, 2, 0, 0, 0, 0, 0, 0, 0, 0, 0, 0, 0, 0, 0, 0, 0, 0, 0, 0, 0, 0, 0, '', 0, 3, 10, 1, 0, 0, 0, 0, 0, 0, 0, 0, 1, 4493, 0, 0, '');

DELETE FROM `npc_vendor` WHERE (`entry`=200109);
INSERT INTO `npc_vendor` (entry, item, maxcount, incrtime, ExtendedCost) VALUES 
(200109, 40079, 0, 0, 0),
(200109, 40082, 0, 0, 0),
(200109, 40083, 0, 0, 0),
(200109, 40084, 0, 0, 0),
(200109, 40404, 0, 0, 0),
(200109, 44939, 0, 0, 0),
(200109, 46376, 0, 0, 0),
(200109, 46377, 0, 0, 0),
(200109, 46378, 0, 0, 0),
(200109, 46379, 0, 0, 0),
(200109, 47499, 0, 0, 0);

REPLACE INTO `creature_template` (`entry`, `difficulty_entry_1`, `difficulty_entry_2`, `difficulty_entry_3`, `KillCredit1`, `KillCredit2`, `modelid1`, `modelid2`, `modelid3`, `modelid4`, `name`, `subname`, `IconName`, `gossip_menu_id`, `minlevel`, `maxlevel`, `exp`, `faction_A`, `faction_H`, `npcflag`, `scale`, `rank`, `mindmg`, `maxdmg`, `dmgschool`, `attackpower`, `dmg_multiplier`, `baseattacktime`, `rangeattacktime`, `unit_class`, `unit_flags`, `dynamicflags`, `family`, `trainer_type`, `trainer_spell`, `trainer_class`, `trainer_race`, `minrangedmg`, `maxrangedmg`, `rangedattackpower`, `type`, `type_flags`, `lootid`, `pickpocketloot`, `skinloot`, `resistance1`, `resistance2`, `resistance3`, `resistance4`, `resistance5`, `resistance6`, `spell1`, `spell2`, `spell3`, `spell4`, `spell5`, `spell6`, `spell7`, `spell8`, `PetSpellDataId`, `VehicleId`, `mingold`, `maxgold`, `AIName`, `MovementType`, `InhabitType`, `Health_mod`, `Mana_mod`, `RacialLeader`, `questItem1`, `questItem2`, `questItem3`, `questItem4`, `questItem5`, `questItem6`, `movementId`, `RegenHealth`, `equipment_id`, `mechanic_immune_mask`, `flags_extra`, `ScriptName`) VALUES (200110, 0, 0, 0, 0, 0, 22959, 0, 22959, 0, 'Scroll', 'scroll', '', 0, 80, 80, 0, 35, 35, 4224, 1, 1, 50, 150, 0, 1000, 1, 2000, 0, 1, 2, 0, 0, 0, 0, 0, 0, 0, 0, 0, 7, 2, 0, 0, 0, 0, 0, 0, 0, 0, 0, 0, 0, 0, 0, 0, 0, 0, 0, 0, 0, 0, 0, '', 0, 3, 10, 1, 0, 0, 0, 0, 0, 0, 0, 0, 1, 4493, 0, 0, '');

DELETE FROM `npc_vendor` WHERE (`entry`=200110);
INSERT INTO `npc_vendor` (entry, item, maxcount, incrtime, ExtendedCost) VALUES 
(200110, 37092, 0, 0, 0),
(200110, 37094, 0, 0, 0),
(200110, 37098, 0, 0, 0),
(200110, 43464, 0, 0, 0),
(200110, 43466, 0, 0, 0),
(200110, 44315, 0, 0, 0),
(200110, 49632, 0, 0, 0);

REPLACE INTO `creature_template` (`entry`, `difficulty_entry_1`, `difficulty_entry_2`, `difficulty_entry_3`, `KillCredit1`, `KillCredit2`, `modelid1`, `modelid2`, `modelid3`, `modelid4`, `name`, `subname`, `IconName`, `gossip_menu_id`, `minlevel`, `maxlevel`, `exp`, `faction_A`, `faction_H`, `npcflag`, `scale`, `rank`, `mindmg`, `maxdmg`, `dmgschool`, `attackpower`, `dmg_multiplier`, `baseattacktime`, `rangeattacktime`, `unit_class`, `unit_flags`, `dynamicflags`, `family`, `trainer_type`, `trainer_spell`, `trainer_class`, `trainer_race`, `minrangedmg`, `maxrangedmg`, `rangedattackpower`, `type`, `type_flags`, `lootid`, `pickpocketloot`, `skinloot`, `resistance1`, `resistance2`, `resistance3`, `resistance4`, `resistance5`, `resistance6`, `spell1`, `spell2`, `spell3`, `spell4`, `spell5`, `spell6`, `spell7`, `spell8`, `PetSpellDataId`, `VehicleId`, `mingold`, `maxgold`, `AIName`, `MovementType`, `InhabitType`, `Health_mod`, `Mana_mod`, `RacialLeader`, `questItem1`, `questItem2`, `questItem3`, `questItem4`, `questItem5`, `questItem6`, `movementId`, `RegenHealth`, `equipment_id`, `mechanic_immune_mask`, `flags_extra`, `ScriptName`) VALUES (200112, 0, 0, 0, 0, 0, 22959, 0, 22959, 0, 'Enchancement', '80lvl', '', 0, 80, 80, 0, 35, 35, 4224, 1, 1, 50, 150, 0, 1000, 1, 2000, 0, 1, 2, 0, 0, 0, 0, 0, 0, 0, 0, 0, 7, 2, 0, 0, 0, 0, 0, 0, 0, 0, 0, 0, 0, 0, 0, 0, 0, 0, 0, 0, 0, 0, 0, '', 0, 3, 10, 1, 0, 0, 0, 0, 0, 0, 0, 0, 1, 4493, 0, 0, '');

DELETE FROM `npc_vendor` WHERE (`entry`=200112);
INSERT INTO `npc_vendor` (entry, item, maxcount, incrtime, ExtendedCost) VALUES 
(200112, 38373, 0, 0, 0),
(200112, 38374, 0, 0, 0),
(200112, 38840, 0, 0, 0),
(200112, 38868, 0, 0, 0),
(200112, 38871, 0, 0, 0),
(200112, 38872, 0, 0, 0),
(200112, 38873, 0, 0, 0),
(200112, 38925, 0, 0, 0),
(200112, 38926, 0, 0, 0),
(200112, 38927, 0, 0, 0),
(200112, 38928, 0, 0, 0),
(200112, 38945, 0, 0, 0),
(200112, 38947, 0, 0, 0),
(200112, 38948, 0, 0, 0),
(200112, 38949, 0, 0, 0),
(200112, 38961, 0, 0, 0),
(200112, 38963, 0, 0, 0),
(200112, 38965, 0, 0, 0),
(200112, 38966, 0, 0, 0),
(200112, 38967, 0, 0, 0),
(200112, 38972, 0, 0, 0),
(200112, 38975, 0, 0, 0),
(200112, 38976, 0, 0, 0),
(200112, 38978, 0, 0, 0),
(200112, 38979, 0, 0, 0),
(200112, 38981, 0, 0, 0),
(200112, 38988, 0, 0, 0),
(200112, 38995, 0, 0, 0),
(200112, 38998, 0, 0, 0),
(200112, 39001, 0, 0, 0),
(200112, 39003, 0, 0, 0),
(200112, 39004, 0, 0, 0),
(200112, 39006, 0, 0, 0),
(200112, 41602, 0, 0, 0),
(200112, 41604, 0, 0, 0),
(200112, 41611, 0, 0, 0),
(200112, 43987, 0, 0, 0),
(200112, 44069, 0, 0, 0),
(200112, 44133, 0, 0, 0),
(200112, 44134, 0, 0, 0),
(200112, 44135, 0, 0, 0),
(200112, 44136, 0, 0, 0),
(200112, 44149, 0, 0, 0),
(200112, 44150, 0, 0, 0),
(200112, 44152, 0, 0, 0),
(200112, 44159, 0, 0, 0),
(200112, 44455, 0, 0, 0),
(200112, 44457, 0, 0, 0),
(200112, 44458, 0, 0, 0),
(200112, 44463, 0, 0, 0),
(200112, 44465, 0, 0, 0),
(200112, 44466, 0, 0, 0),
(200112, 44467, 0, 0, 0),
(200112, 44469, 0, 0, 0),
(200112, 44470, 0, 0, 0),
(200112, 44493, 0, 0, 0),
(200112, 44497, 0, 0, 0),
(200112, 44701, 0, 0, 0),
(200112, 44702, 0, 0, 0),
(200112, 44815, 0, 0, 0),
(200112, 44946, 0, 0, 0),
(200112, 44947, 0, 0, 0),
(200112, 44957, 0, 0, 0),
(200112, 44963, 0, 0, 0),
(200112, 45056, 0, 0, 0),
(200112, 46026, 0, 0, 0),
(200112, 46098, 0, 0, 0);

REPLACE INTO `creature_template` (`entry`, `difficulty_entry_1`, `difficulty_entry_2`, `difficulty_entry_3`, `KillCredit1`, `KillCredit2`, `modelid1`, `modelid2`, `modelid3`, `modelid4`, `name`, `subname`, `IconName`, `gossip_menu_id`, `minlevel`, `maxlevel`, `exp`, `faction_A`, `faction_H`, `npcflag`, `scale`, `rank`, `mindmg`, `maxdmg`, `dmgschool`, `attackpower`, `dmg_multiplier`, `baseattacktime`, `rangeattacktime`, `unit_class`, `unit_flags`, `dynamicflags`, `family`, `trainer_type`, `trainer_spell`, `trainer_class`, `trainer_race`, `minrangedmg`, `maxrangedmg`, `rangedattackpower`, `type`, `type_flags`, `lootid`, `pickpocketloot`, `skinloot`, `resistance1`, `resistance2`, `resistance3`, `resistance4`, `resistance5`, `resistance6`, `spell1`, `spell2`, `spell3`, `spell4`, `spell5`, `spell6`, `spell7`, `spell8`, `PetSpellDataId`, `VehicleId`, `mingold`, `maxgold`, `AIName`, `MovementType`, `InhabitType`, `Health_mod`, `Mana_mod`, `RacialLeader`, `questItem1`, `questItem2`, `questItem3`, `questItem4`, `questItem5`, `questItem6`, `movementId`, `RegenHealth`, `equipment_id`, `mechanic_immune_mask`, `flags_extra`, `ScriptName`) VALUES (200113, 0, 0, 0, 0, 0, 22959, 0, 22959, 0, 'Bandage', 'bandage', '', 0, 80, 80, 0, 35, 35, 4224, 1, 1, 50, 150, 0, 1000, 1, 2000, 0, 1, 2, 0, 0, 0, 0, 0, 0, 0, 0, 0, 7, 2, 0, 0, 0, 0, 0, 0, 0, 0, 0, 0, 0, 0, 0, 0, 0, 0, 0, 0, 0, 0, 0, '', 0, 3, 10, 1, 0, 0, 0, 0, 0, 0, 0, 0, 1, 4493, 0, 0, '');

DELETE FROM `npc_vendor` WHERE (`entry`=200113);
INSERT INTO `npc_vendor` (entry, item, maxcount, incrtime, ExtendedCost) VALUES 
(200113, 34721, 0, 0, 0),
(200113, 34722, 0, 0, 0);
REPLACE INTO `creature_template` (`entry`, `difficulty_entry_1`, `difficulty_entry_2`, `difficulty_entry_3`, `KillCredit1`, `KillCredit2`, `modelid1`, `modelid2`, `modelid3`, `modelid4`, `name`, `subname`, `IconName`, `gossip_menu_id`, `minlevel`, `maxlevel`, `exp`, `faction_A`, `faction_H`, `npcflag`, `scale`, `rank`, `mindmg`, `maxdmg`, `dmgschool`, `attackpower`, `dmg_multiplier`, `baseattacktime`, `rangeattacktime`, `unit_class`, `unit_flags`, `dynamicflags`, `family`, `trainer_type`, `trainer_spell`, `trainer_class`, `trainer_race`, `minrangedmg`, `maxrangedmg`, `rangedattackpower`, `type`, `type_flags`, `lootid`, `pickpocketloot`, `skinloot`, `resistance1`, `resistance2`, `resistance3`, `resistance4`, `resistance5`, `resistance6`, `spell1`, `spell2`, `spell3`, `spell4`, `spell5`, `spell6`, `spell7`, `spell8`, `PetSpellDataId`, `VehicleId`, `mingold`, `maxgold`, `AIName`, `MovementType`, `InhabitType`, `Health_mod`, `Mana_mod`, `RacialLeader`, `questItem1`, `questItem2`, `questItem3`, `questItem4`, `questItem5`, `questItem6`, `movementId`, `RegenHealth`, `equipment_id`, `mechanic_immune_mask`, `flags_extra`, `ScriptName`) VALUES (200163, 0, 0, 0, 0, 0, 26866, 0, 26866, 0, 'Warlock/Druid', 'Glyph', '', 0, 80, 80, 0, 35, 35, 4224, 1, 1, 50, 150, 0, 1000, 1, 2000, 0, 1, 2, 0, 0, 0, 0, 0, 0, 0, 0, 0, 7, 2, 0, 0, 0, 0, 0, 0, 0, 0, 0, 0, 0, 0, 0, 0, 0, 0, 0, 0, 0, 0, 0, '', 0, 3, 10, 1, 0, 0, 0, 0, 0, 0, 0, 0, 1, 4493, 0, 0, '');

DELETE FROM `npc_vendor` WHERE (`entry`=200163);
INSERT INTO `npc_vendor` (entry, item, maxcount, incrtime, ExtendedCost) VALUES 
(200163, 40896, 0, 0, 0),
(200163, 40897, 0, 0, 0),
(200163, 40899, 0, 0, 0),
(200163, 40900, 0, 0, 0),
(200163, 40901, 0, 0, 0),
(200163, 40902, 0, 0, 0),
(200163, 40903, 0, 0, 0),
(200163, 40906, 0, 0, 0),
(200163, 40908, 0, 0, 0),
(200163, 40909, 0, 0, 0),
(200163, 40912, 0, 0, 0),
(200163, 40913, 0, 0, 0),
(200163, 40914, 0, 0, 0),
(200163, 40915, 0, 0, 0),
(200163, 40916, 0, 0, 0),
(200163, 40919, 0, 0, 0),
(200163, 40920, 0, 0, 0),
(200163, 40921, 0, 0, 0),
(200163, 40922, 0, 0, 0),
(200163, 40923, 0, 0, 0),
(200163, 40924, 0, 0, 0),
(200163, 42453, 0, 0, 0),
(200163, 42454, 0, 0, 0),
(200163, 42455, 0, 0, 0),
(200163, 42456, 0, 0, 0),
(200163, 42457, 0, 0, 0),
(200163, 42458, 0, 0, 0),
(200163, 42459, 0, 0, 0),
(200163, 42460, 0, 0, 0),
(200163, 42461, 0, 0, 0),
(200163, 42462, 0, 0, 0),
(200163, 42463, 0, 0, 0),
(200163, 42464, 0, 0, 0),
(200163, 42465, 0, 0, 0),
(200163, 42466, 0, 0, 0),
(200163, 42467, 0, 0, 0),
(200163, 42468, 0, 0, 0),
(200163, 42469, 0, 0, 0),
(200163, 42470, 0, 0, 0),
(200163, 42471, 0, 0, 0),
(200163, 42472, 0, 0, 0),
(200163, 42473, 0, 0, 0),
(200163, 43316, 0, 0, 0),
(200163, 43331, 0, 0, 0),
(200163, 43332, 0, 0, 0),
(200163, 43334, 0, 0, 0),
(200163, 43335, 0, 0, 0),
(200163, 43389, 0, 0, 0),
(200163, 43390, 0, 0, 0),
(200163, 43391, 0, 0, 0),
(200163, 43392, 0, 0, 0),
(200163, 43393, 0, 0, 0),
(200163, 43394, 0, 0, 0),
(200163, 43674, 0, 0, 0),
(200163, 44922, 0, 0, 0),
(200163, 44928, 0, 0, 0),
(200163, 45601, 0, 0, 0),
(200163, 45602, 0, 0, 0),
(200163, 45603, 0, 0, 0),
(200163, 45604, 0, 0, 0),
(200163, 45622, 0, 0, 0),
(200163, 45623, 0, 0, 0),
(200163, 45779, 0, 0, 0),
(200163, 45780, 0, 0, 0),
(200163, 45781, 0, 0, 0),
(200163, 45782, 0, 0, 0),
(200163, 45783, 0, 0, 0),
(200163, 45785, 0, 0, 0),
(200163, 45789, 0, 0, 0),
(200163, 46372, 0, 0, 0),
(200163, 48720, 0, 0, 0);

REPLACE INTO `creature_template` (`entry`, `difficulty_entry_1`, `difficulty_entry_2`, `difficulty_entry_3`, `KillCredit1`, `KillCredit2`, `modelid1`, `modelid2`, `modelid3`, `modelid4`, `name`, `subname`, `IconName`, `gossip_menu_id`, `minlevel`, `maxlevel`, `exp`, `faction_A`, `faction_H`, `npcflag`, `scale`, `rank`, `mindmg`, `maxdmg`, `dmgschool`, `attackpower`, `dmg_multiplier`, `baseattacktime`, `rangeattacktime`, `unit_class`, `unit_flags`, `dynamicflags`, `family`, `trainer_type`, `trainer_spell`, `trainer_class`, `trainer_race`, `minrangedmg`, `maxrangedmg`, `rangedattackpower`, `type`, `type_flags`, `lootid`, `pickpocketloot`, `skinloot`, `resistance1`, `resistance2`, `resistance3`, `resistance4`, `resistance5`, `resistance6`, `spell1`, `spell2`, `spell3`, `spell4`, `spell5`, `spell6`, `spell7`, `spell8`, `PetSpellDataId`, `VehicleId`, `mingold`, `maxgold`, `AIName`, `MovementType`, `InhabitType`, `Health_mod`, `Mana_mod`, `RacialLeader`, `questItem1`, `questItem2`, `questItem3`, `questItem4`, `questItem5`, `questItem6`, `movementId`, `RegenHealth`, `equipment_id`, `mechanic_immune_mask`, `flags_extra`, `ScriptName`) VALUES (200162, 0, 0, 0, 0, 0, 26866, 0, 26866, 0, 'Shaman/Mage', 'Glyph', '', 0, 80, 80, 0, 35, 35, 4224, 1, 1, 50, 150, 0, 1000, 1, 2000, 0, 1, 2, 0, 0, 0, 0, 0, 0, 0, 0, 0, 7, 2, 0, 0, 0, 0, 0, 0, 0, 0, 0, 0, 0, 0, 0, 0, 0, 0, 0, 0, 0, 0, 0, '', 0, 3, 10, 1, 0, 0, 0, 0, 0, 0, 0, 0, 1, 4493, 0, 0, '');

DELETE FROM `npc_vendor` WHERE (`entry`=200162);
INSERT INTO `npc_vendor` (entry, item, maxcount, incrtime, ExtendedCost) VALUES 
(200162, 41517, 0, 0, 0),
(200162, 41518, 0, 0, 0),
(200162, 41524, 0, 0, 0),
(200162, 41526, 0, 0, 0),
(200162, 41527, 0, 0, 0),
(200162, 41529, 0, 0, 0),
(200162, 41530, 0, 0, 0),
(200162, 41531, 0, 0, 0),
(200162, 41532, 0, 0, 0),
(200162, 41533, 0, 0, 0),
(200162, 41534, 0, 0, 0),
(200162, 41535, 0, 0, 0),
(200162, 41536, 0, 0, 0),
(200162, 41537, 0, 0, 0),
(200162, 41538, 0, 0, 0),
(200162, 41539, 0, 0, 0),
(200162, 41540, 0, 0, 0),
(200162, 41541, 0, 0, 0),
(200162, 41542, 0, 0, 0),
(200162, 41547, 0, 0, 0),
(200162, 41552, 0, 0, 0),
(200162, 42734, 0, 0, 0),
(200162, 42735, 0, 0, 0),
(200162, 42736, 0, 0, 0),
(200162, 42737, 0, 0, 0),
(200162, 42738, 0, 0, 0),
(200162, 42739, 0, 0, 0),
(200162, 42740, 0, 0, 0),
(200162, 42741, 0, 0, 0),
(200162, 42742, 0, 0, 0),
(200162, 42743, 0, 0, 0),
(200162, 42744, 0, 0, 0),
(200162, 42745, 0, 0, 0),
(200162, 42746, 0, 0, 0),
(200162, 42747, 0, 0, 0),
(200162, 42748, 0, 0, 0),
(200162, 42749, 0, 0, 0),
(200162, 42750, 0, 0, 0),
(200162, 42751, 0, 0, 0),
(200162, 42752, 0, 0, 0),
(200162, 42753, 0, 0, 0),
(200162, 42754, 0, 0, 0),
(200162, 43339, 0, 0, 0),
(200162, 43344, 0, 0, 0),
(200162, 43357, 0, 0, 0),
(200162, 43359, 0, 0, 0),
(200162, 43360, 0, 0, 0),
(200162, 43361, 0, 0, 0),
(200162, 43364, 0, 0, 0),
(200162, 43381, 0, 0, 0),
(200162, 43385, 0, 0, 0),
(200162, 43386, 0, 0, 0),
(200162, 43388, 0, 0, 0),
(200162, 43725, 0, 0, 0),
(200162, 44684, 0, 0, 0),
(200162, 44920, 0, 0, 0),
(200162, 44923, 0, 0, 0),
(200162, 44955, 0, 0, 0),
(200162, 45736, 0, 0, 0),
(200162, 45737, 0, 0, 0),
(200162, 45738, 0, 0, 0),
(200162, 45739, 0, 0, 0),
(200162, 45740, 0, 0, 0),
(200162, 45770, 0, 0, 0),
(200162, 45771, 0, 0, 0),
(200162, 45772, 0, 0, 0),
(200162, 45775, 0, 0, 0),
(200162, 45776, 0, 0, 0),
(200162, 45777, 0, 0, 0),
(200162, 45778, 0, 0, 0);

REPLACE INTO `creature_template` (`entry`, `difficulty_entry_1`, `difficulty_entry_2`, `difficulty_entry_3`, `KillCredit1`, `KillCredit2`, `modelid1`, `modelid2`, `modelid3`, `modelid4`, `name`, `subname`, `IconName`, `gossip_menu_id`, `minlevel`, `maxlevel`, `exp`, `faction_A`, `faction_H`, `npcflag`, `scale`, `rank`, `mindmg`, `maxdmg`, `dmgschool`, `attackpower`, `dmg_multiplier`, `baseattacktime`, `rangeattacktime`, `unit_class`, `unit_flags`, `dynamicflags`, `family`, `trainer_type`, `trainer_spell`, `trainer_class`, `trainer_race`, `minrangedmg`, `maxrangedmg`, `rangedattackpower`, `type`, `type_flags`, `lootid`, `pickpocketloot`, `skinloot`, `resistance1`, `resistance2`, `resistance3`, `resistance4`, `resistance5`, `resistance6`, `spell1`, `spell2`, `spell3`, `spell4`, `spell5`, `spell6`, `spell7`, `spell8`, `PetSpellDataId`, `VehicleId`, `mingold`, `maxgold`, `AIName`, `MovementType`, `InhabitType`, `Health_mod`, `Mana_mod`, `RacialLeader`, `questItem1`, `questItem2`, `questItem3`, `questItem4`, `questItem5`, `questItem6`, `movementId`, `RegenHealth`, `equipment_id`, `mechanic_immune_mask`, `flags_extra`, `ScriptName`) VALUES (200161, 0, 0, 0, 0, 0, 26866, 0, 26866, 0, 'Priest/Death Knight', 'Glyph', '', 0, 80, 80, 0, 35, 35, 4224, 1, 1, 50, 150, 0, 1000, 1, 2000, 0, 1, 2, 0, 0, 0, 0, 0, 0, 0, 0, 0, 7, 2, 0, 0, 0, 0, 0, 0, 0, 0, 0, 0, 0, 0, 0, 0, 0, 0, 0, 0, 0, 0, 0, '', 0, 3, 10, 1, 0, 0, 0, 0, 0, 0, 0, 0, 1, 4493, 0, 0, '');

DELETE FROM `npc_vendor` WHERE (`entry`=200161);
INSERT INTO `npc_vendor` (entry, item, maxcount, incrtime, ExtendedCost) VALUES 
(200161, 42396, 0, 0, 0),
(200161, 42397, 0, 0, 0),
(200161, 42398, 0, 0, 0),
(200161, 42399, 0, 0, 0),
(200161, 42400, 0, 0, 0),
(200161, 42401, 0, 0, 0),
(200161, 42402, 0, 0, 0),
(200161, 42403, 0, 0, 0),
(200161, 42404, 0, 0, 0),
(200161, 42405, 0, 0, 0),
(200161, 42406, 0, 0, 0),
(200161, 42407, 0, 0, 0),
(200161, 42408, 0, 0, 0),
(200161, 42409, 0, 0, 0),
(200161, 42410, 0, 0, 0),
(200161, 42411, 0, 0, 0),
(200161, 42412, 0, 0, 0),
(200161, 42414, 0, 0, 0),
(200161, 42415, 0, 0, 0),
(200161, 42416, 0, 0, 0),
(200161, 42417, 0, 0, 0),
(200161, 43342, 0, 0, 0),
(200161, 43370, 0, 0, 0),
(200161, 43371, 0, 0, 0),
(200161, 43372, 0, 0, 0),
(200161, 43373, 0, 0, 0),
(200161, 43374, 0, 0, 0),
(200161, 43533, 0, 0, 0),
(200161, 43534, 0, 0, 0),
(200161, 43535, 0, 0, 0),
(200161, 43536, 0, 0, 0),
(200161, 43537, 0, 0, 0),
(200161, 43538, 0, 0, 0),
(200161, 43539, 0, 0, 0),
(200161, 43541, 0, 0, 0),
(200161, 43542, 0, 0, 0),
(200161, 43543, 0, 0, 0),
(200161, 43544, 0, 0, 0),
(200161, 43545, 0, 0, 0),
(200161, 43546, 0, 0, 0),
(200161, 43547, 0, 0, 0),
(200161, 43548, 0, 0, 0),
(200161, 43549, 0, 0, 0),
(200161, 43550, 0, 0, 0),
(200161, 43551, 0, 0, 0),
(200161, 43552, 0, 0, 0),
(200161, 43553, 0, 0, 0),
(200161, 43554, 0, 0, 0),
(200161, 43671, 0, 0, 0),
(200161, 43672, 0, 0, 0),
(200161, 43673, 0, 0, 0),
(200161, 43825, 0, 0, 0),
(200161, 43826, 0, 0, 0),
(200161, 43827, 0, 0, 0),
(200161, 45753, 0, 0, 0),
(200161, 45755, 0, 0, 0),
(200161, 45756, 0, 0, 0),
(200161, 45757, 0, 0, 0),
(200161, 45758, 0, 0, 0),
(200161, 45760, 0, 0, 0),
(200161, 45799, 0, 0, 0),
(200161, 45800, 0, 0, 0),
(200161, 45803, 0, 0, 0),
(200161, 45804, 0, 0, 0),
(200161, 45805, 0, 0, 0),
(200161, 45806, 0, 0, 0);

REPLACE INTO `creature_template` (`entry`, `difficulty_entry_1`, `difficulty_entry_2`, `difficulty_entry_3`, `KillCredit1`, `KillCredit2`, `modelid1`, `modelid2`, `modelid3`, `modelid4`, `name`, `subname`, `IconName`, `gossip_menu_id`, `minlevel`, `maxlevel`, `exp`, `faction_A`, `faction_H`, `npcflag`, `scale`, `rank`, `mindmg`, `maxdmg`, `dmgschool`, `attackpower`, `dmg_multiplier`, `baseattacktime`, `rangeattacktime`, `unit_class`, `unit_flags`, `dynamicflags`, `family`, `trainer_type`, `trainer_spell`, `trainer_class`, `trainer_race`, `minrangedmg`, `maxrangedmg`, `rangedattackpower`, `type`, `type_flags`, `lootid`, `pickpocketloot`, `skinloot`, `resistance1`, `resistance2`, `resistance3`, `resistance4`, `resistance5`, `resistance6`, `spell1`, `spell2`, `spell3`, `spell4`, `spell5`, `spell6`, `spell7`, `spell8`, `PetSpellDataId`, `VehicleId`, `mingold`, `maxgold`, `AIName`, `MovementType`, `InhabitType`, `Health_mod`, `Mana_mod`, `RacialLeader`, `questItem1`, `questItem2`, `questItem3`, `questItem4`, `questItem5`, `questItem6`, `movementId`, `RegenHealth`, `equipment_id`, `mechanic_immune_mask`, `flags_extra`, `ScriptName`) VALUES (200160, 0, 0, 0, 0, 0, 26866, 0, 26866, 0, 'Hunter/Rogue', 'Glyph', '', 0, 80, 80, 0, 35, 35, 4224, 1, 1, 50, 150, 0, 1000, 1, 2000, 0, 1, 2, 0, 0, 0, 0, 0, 0, 0, 0, 0, 7, 2, 0, 0, 0, 0, 0, 0, 0, 0, 0, 0, 0, 0, 0, 0, 0, 0, 0, 0, 0, 0, 0, '', 0, 3, 10, 1, 0, 0, 0, 0, 0, 0, 0, 0, 1, 4493, 0, 0, '');

DELETE FROM `npc_vendor` WHERE (`entry`=200160);
INSERT INTO `npc_vendor` (entry, item, maxcount, incrtime, ExtendedCost) VALUES 
(200160, 42897, 0, 0, 0),
(200160, 42898, 0, 0, 0),
(200160, 42899, 0, 0, 0),
(200160, 42900, 0, 0, 0),
(200160, 42901, 0, 0, 0),
(200160, 42902, 0, 0, 0),
(200160, 42903, 0, 0, 0),
(200160, 42904, 0, 0, 0),
(200160, 42905, 0, 0, 0),
(200160, 42906, 0, 0, 0),
(200160, 42907, 0, 0, 0),
(200160, 42908, 0, 0, 0),
(200160, 42909, 0, 0, 0),
(200160, 42910, 0, 0, 0),
(200160, 42911, 0, 0, 0),
(200160, 42912, 0, 0, 0),
(200160, 42913, 0, 0, 0),
(200160, 42914, 0, 0, 0),
(200160, 42915, 0, 0, 0),
(200160, 42916, 0, 0, 0),
(200160, 42917, 0, 0, 0),
(200160, 42954, 0, 0, 0),
(200160, 42955, 0, 0, 0),
(200160, 42956, 0, 0, 0),
(200160, 42957, 0, 0, 0),
(200160, 42958, 0, 0, 0),
(200160, 42959, 0, 0, 0),
(200160, 42960, 0, 0, 0),
(200160, 42961, 0, 0, 0),
(200160, 42962, 0, 0, 0),
(200160, 42963, 0, 0, 0),
(200160, 42964, 0, 0, 0),
(200160, 42965, 0, 0, 0),
(200160, 42966, 0, 0, 0),
(200160, 42967, 0, 0, 0),
(200160, 42968, 0, 0, 0),
(200160, 42969, 0, 0, 0),
(200160, 42970, 0, 0, 0),
(200160, 42971, 0, 0, 0),
(200160, 42972, 0, 0, 0),
(200160, 42973, 0, 0, 0),
(200160, 42974, 0, 0, 0),
(200160, 43338, 0, 0, 0),
(200160, 43343, 0, 0, 0),
(200160, 43350, 0, 0, 0),
(200160, 43351, 0, 0, 0),
(200160, 43354, 0, 0, 0),
(200160, 43355, 0, 0, 0),
(200160, 43356, 0, 0, 0),
(200160, 43376, 0, 0, 0),
(200160, 43377, 0, 0, 0),
(200160, 43378, 0, 0, 0),
(200160, 43379, 0, 0, 0),
(200160, 43380, 0, 0, 0),
(200160, 45625, 0, 0, 0),
(200160, 45731, 0, 0, 0),
(200160, 45732, 0, 0, 0),
(200160, 45733, 0, 0, 0),
(200160, 45734, 0, 0, 0),
(200160, 45735, 0, 0, 0),
(200160, 45761, 0, 0, 0),
(200160, 45762, 0, 0, 0),
(200160, 45764, 0, 0, 0),
(200160, 45766, 0, 0, 0),
(200160, 45767, 0, 0, 0),
(200160, 45768, 0, 0, 0),
(200160, 45769, 0, 0, 0);

REPLACE INTO `creature_template` (`entry`, `difficulty_entry_1`, `difficulty_entry_2`, `difficulty_entry_3`, `KillCredit1`, `KillCredit2`, `modelid1`, `modelid2`, `modelid3`, `modelid4`, `name`, `subname`, `IconName`, `gossip_menu_id`, `minlevel`, `maxlevel`, `exp`, `faction_A`, `faction_H`, `npcflag`, `scale`, `rank`, `mindmg`, `maxdmg`, `dmgschool`, `attackpower`, `dmg_multiplier`, `baseattacktime`, `rangeattacktime`, `unit_class`, `unit_flags`, `dynamicflags`, `family`, `trainer_type`, `trainer_spell`, `trainer_class`, `trainer_race`, `minrangedmg`, `maxrangedmg`, `rangedattackpower`, `type`, `type_flags`, `lootid`, `pickpocketloot`, `skinloot`, `resistance1`, `resistance2`, `resistance3`, `resistance4`, `resistance5`, `resistance6`, `spell1`, `spell2`, `spell3`, `spell4`, `spell5`, `spell6`, `spell7`, `spell8`, `PetSpellDataId`, `VehicleId`, `mingold`, `maxgold`, `AIName`, `MovementType`, `InhabitType`, `Health_mod`, `Mana_mod`, `RacialLeader`, `questItem1`, `questItem2`, `questItem3`, `questItem4`, `questItem5`, `questItem6`, `movementId`, `RegenHealth`, `equipment_id`, `mechanic_immune_mask`, `flags_extra`, `ScriptName`) VALUES (200159, 0, 0, 0, 0, 0, 26866, 0, 26866, 0, 'Warrior/Paladin', 'Glyph', '', 0, 80, 80, 0, 35, 35, 4224, 1, 1, 50, 150, 0, 1000, 1, 2000, 0, 1, 2, 0, 0, 0, 0, 0, 0, 0, 0, 0, 7, 2, 0, 0, 0, 0, 0, 0, 0, 0, 0, 0, 0, 0, 0, 0, 0, 0, 0, 0, 0, 0, 0, '', 0, 3, 10, 1, 0, 0, 0, 0, 0, 0, 0, 0, 1, 4493, 0, 0, '');

DELETE FROM `npc_vendor` WHERE (`entry`=200159);
INSERT INTO `npc_vendor` (entry, item, maxcount, incrtime, ExtendedCost) VALUES 
(200159, 41092, 0, 0, 0),
(200159, 41094, 0, 0, 0),
(200159, 41095, 0, 0, 0),
(200159, 41096, 0, 0, 0),
(200159, 41097, 0, 0, 0),
(200159, 41098, 0, 0, 0),
(200159, 41099, 0, 0, 0),
(200159, 41100, 0, 0, 0),
(200159, 41101, 0, 0, 0),
(200159, 41102, 0, 0, 0),
(200159, 41103, 0, 0, 0),
(200159, 41104, 0, 0, 0),
(200159, 41105, 0, 0, 0),
(200159, 41106, 0, 0, 0),
(200159, 41107, 0, 0, 0),
(200159, 41108, 0, 0, 0),
(200159, 41109, 0, 0, 0),
(200159, 41110, 0, 0, 0),
(200159, 43340, 0, 0, 0),
(200159, 43365, 0, 0, 0),
(200159, 43366, 0, 0, 0),
(200159, 43367, 0, 0, 0),
(200159, 43368, 0, 0, 0),
(200159, 43369, 0, 0, 0),
(200159, 43395, 0, 0, 0),
(200159, 43396, 0, 0, 0),
(200159, 43397, 0, 0, 0),
(200159, 43398, 0, 0, 0),
(200159, 43399, 0, 0, 0),
(200159, 43400, 0, 0, 0),
(200159, 43412, 0, 0, 0),
(200159, 43413, 0, 0, 0),
(200159, 43414, 0, 0, 0),
(200159, 43415, 0, 0, 0),
(200159, 43416, 0, 0, 0),
(200159, 43417, 0, 0, 0),
(200159, 43418, 0, 0, 0),
(200159, 43419, 0, 0, 0),
(200159, 43420, 0, 0, 0),
(200159, 43421, 0, 0, 0),
(200159, 43422, 0, 0, 0),
(200159, 43423, 0, 0, 0),
(200159, 43424, 0, 0, 0),
(200159, 43425, 0, 0, 0),
(200159, 43426, 0, 0, 0),
(200159, 43427, 0, 0, 0),
(200159, 43428, 0, 0, 0),
(200159, 43429, 0, 0, 0),
(200159, 43430, 0, 0, 0),
(200159, 43431, 0, 0, 0),
(200159, 43432, 0, 0, 0),
(200159, 43867, 0, 0, 0),
(200159, 43868, 0, 0, 0),
(200159, 43869, 0, 0, 0),
(200159, 45741, 0, 0, 0),
(200159, 45742, 0, 0, 0),
(200159, 45743, 0, 0, 0),
(200159, 45744, 0, 0, 0),
(200159, 45745, 0, 0, 0),
(200159, 45746, 0, 0, 0),
(200159, 45747, 0, 0, 0),
(200159, 45790, 0, 0, 0),
(200159, 45792, 0, 0, 0),
(200159, 45793, 0, 0, 0),
(200159, 45794, 0, 0, 0),
(200159, 45795, 0, 0, 0),
(200159, 45797, 0, 0, 0),
(200159, 49084, 0, 0, 0);



REPLACE INTO `creature_template` (`entry`, `difficulty_entry_1`, `difficulty_entry_2`, `difficulty_entry_3`, `KillCredit1`, `KillCredit2`, `modelid1`, `modelid2`, `modelid3`, `modelid4`, `name`, `subname`, `IconName`, `gossip_menu_id`, `minlevel`, `maxlevel`, `exp`, `faction_A`, `faction_H`, `npcflag`, `scale`, `rank`, `mindmg`, `maxdmg`, `dmgschool`, `attackpower`, `dmg_multiplier`, `baseattacktime`, `rangeattacktime`, `unit_class`, `unit_flags`, `dynamicflags`, `family`, `trainer_type`, `trainer_spell`, `trainer_class`, `trainer_race`, `minrangedmg`, `maxrangedmg`, `rangedattackpower`, `type`, `type_flags`, `lootid`, `pickpocketloot`, `skinloot`, `resistance1`, `resistance2`, `resistance3`, `resistance4`, `resistance5`, `resistance6`, `spell1`, `spell2`, `spell3`, `spell4`, `spell5`, `spell6`, `spell7`, `spell8`, `PetSpellDataId`, `VehicleId`, `mingold`, `maxgold`, `AIName`, `MovementType`, `InhabitType`, `Health_mod`, `Mana_mod`, `RacialLeader`, `questItem1`, `questItem2`, `questItem3`, `questItem4`, `questItem5`, `questItem6`, `movementId`, `RegenHealth`, `equipment_id`, `mechanic_immune_mask`, `flags_extra`, `ScriptName`) VALUES (220003, 0, 0, 0, 0, 0, 27153, 0, 27153, 0, 'Arena Season 8', 'Pvp Sets', '', 0, 80, 80, 0, 35, 35, 4224, 1, 1, 50, 150, 0, 1000, 1, 2000, 0, 1, 2, 0, 0, 0, 0, 0, 0, 0, 0, 0, 7, 2, 0, 0, 0, 0, 0, 0, 0, 0, 0, 0, 0, 0, 0, 0, 0, 0, 0, 0, 0, 0, 0, '', 0, 3, 10, 1, 0, 0, 0, 0, 0, 0, 0, 0, 1, 1728, 0, 0, '');

DELETE FROM `npc_vendor` WHERE (`entry`=220003);
INSERT INTO `npc_vendor` (entry, item, maxcount, incrtime, ExtendedCost) VALUES 
(220003, 51413, 0, 0, 2438),
(220003, 51414, 0, 0, 2438),
(220003, 51415, 0, 0, 2438),
(220003, 51416, 0, 0, 2438),
(220003, 51418, 0, 0, 2438),
(220003, 51419, 0, 0, 2438),
(220003, 51420, 0, 0, 2438),
(220003, 51421, 0, 0, 2438),
(220003, 51422, 0, 0, 2438),
(220003, 51424, 0, 0, 2438),
(220003, 51425, 0, 0, 2438),
(220003, 51426, 0, 0, 2438),
(220003, 51427, 0, 0, 2438),
(220003, 51428, 0, 0, 2438),
(220003, 51430, 0, 0, 2438),
(220003, 51433, 0, 0, 2438),
(220003, 51434, 0, 0, 2438),
(220003, 51435, 0, 0, 2438),
(220003, 51436, 0, 0, 2438),
(220003, 51438, 0, 0, 2438),
(220003, 51458, 0, 0, 2438),
(220003, 51459, 0, 0, 2438),
(220003, 51460, 0, 0, 2438),
(220003, 51461, 0, 0, 2438),
(220003, 51462, 0, 0, 2438),
(220003, 51463, 0, 0, 2438),
(220003, 51464, 0, 0, 2438),
(220003, 51465, 0, 0, 2438),
(220003, 51466, 0, 0, 2438),
(220003, 51467, 0, 0, 2438),
(220003, 51468, 0, 0, 2438),
(220003, 51469, 0, 0, 2438),
(220003, 51470, 0, 0, 2438),
(220003, 51471, 0, 0, 2438),
(220003, 51473, 0, 0, 2438),
(220003, 51474, 0, 0, 2438),
(220003, 51475, 0, 0, 2438),
(220003, 51476, 0, 0, 2438),
(220003, 51477, 0, 0, 2438),
(220003, 51479, 0, 0, 2438),
(220003, 51482, 0, 0, 2438),
(220003, 51483, 0, 0, 2438),
(220003, 51484, 0, 0, 2438),
(220003, 51485, 0, 0, 2438),
(220003, 51486, 0, 0, 2438),
(220003, 51487, 0, 0, 2438),
(220003, 51488, 0, 0, 2438),
(220003, 51489, 0, 0, 2438),
(220003, 51490, 0, 0, 2438),
(220003, 51491, 0, 0, 2438),
(220003, 51492, 0, 0, 2438),
(220003, 51493, 0, 0, 2438),
(220003, 51494, 0, 0, 2438),
(220003, 51495, 0, 0, 2438),
(220003, 51496, 0, 0, 2438),
(220003, 51497, 0, 0, 2438),
(220003, 51498, 0, 0, 2438),
(220003, 51499, 0, 0, 2438),
(220003, 51500, 0, 0, 2438),
(220003, 51502, 0, 0, 2438),
(220003, 51503, 0, 0, 2438),
(220003, 51504, 0, 0, 2438),
(220003, 51505, 0, 0, 2438),
(220003, 51506, 0, 0, 2438),
(220003, 51508, 0, 0, 2438),
(220003, 51509, 0, 0, 2438),
(220003, 51510, 0, 0, 2438),
(220003, 51511, 0, 0, 2438),
(220003, 51512, 0, 0, 2438),
(220003, 51514, 0, 0, 2438),
(220003, 51536, 0, 0, 2438),
(220003, 51537, 0, 0, 2438),
(220003, 51538, 0, 0, 2438),
(220003, 51539, 0, 0, 2438),
(220003, 51540, 0, 0, 2438),
(220003, 51541, 0, 0, 2438),
(220003, 51542, 0, 0, 2438),
(220003, 51543, 0, 0, 2438),
(220003, 51544, 0, 0, 2438),
(220003, 51545, 0, 0, 2438);

REPLACE INTO `creature_template` (`entry`, `difficulty_entry_1`, `difficulty_entry_2`, `difficulty_entry_3`, `KillCredit1`, `KillCredit2`, `modelid1`, `modelid2`, `modelid3`, `modelid4`, `name`, `subname`, `IconName`, `gossip_menu_id`, `minlevel`, `maxlevel`, `exp`, `faction_A`, `faction_H`, `npcflag`, `scale`, `rank`, `mindmg`, `maxdmg`, `dmgschool`, `attackpower`, `dmg_multiplier`, `baseattacktime`, `rangeattacktime`, `unit_class`, `unit_flags`, `dynamicflags`, `family`, `trainer_type`, `trainer_spell`, `trainer_class`, `trainer_race`, `minrangedmg`, `maxrangedmg`, `rangedattackpower`, `type`, `type_flags`, `lootid`, `pickpocketloot`, `skinloot`, `resistance1`, `resistance2`, `resistance3`, `resistance4`, `resistance5`, `resistance6`, `spell1`, `spell2`, `spell3`, `spell4`, `spell5`, `spell6`, `spell7`, `spell8`, `PetSpellDataId`, `VehicleId`, `mingold`, `maxgold`, `AIName`, `MovementType`, `InhabitType`, `Health_mod`, `Mana_mod`, `RacialLeader`, `questItem1`, `questItem2`, `questItem3`, `questItem4`, `questItem5`, `questItem6`, `movementId`, `RegenHealth`, `equipment_id`, `mechanic_immune_mask`, `flags_extra`, `ScriptName`) VALUES (220000, 0, 0, 0, 0, 0, 26840, 0, 26840, 0, 'Tier 10', 'Armor Sets', '', 0, 80, 80, 0, 35, 35, 4224, 1, 1, 50, 150, 0, 1000, 100, 2000, 0, 1, 2, 0, 0, 0, 0, 0, 0, 0, 0, 0, 7, 2, 0, 0, 0, 0, 0, 0, 0, 0, 0, 0, 0, 0, 0, 0, 0, 0, 0, 0, 0, 0, 0, '', 0, 3, 10, 1, 0, 0, 0, 0, 0, 0, 0, 0, 1, 4321, 0, 0, '');

DELETE FROM `npc_vendor` WHERE (`entry`=220000);
INSERT INTO `npc_vendor` (entry, item, maxcount, incrtime, ExtendedCost) VALUES 
(220000, 51220, 0, 0, 0),
(220000, 51221, 0, 0, 0),
(220000, 51222, 0, 0, 0),
(220000, 51223, 0, 0, 0),
(220000, 51224, 0, 0, 0),
(220000, 51225, 0, 0, 0),
(220000, 51226, 0, 0, 0),
(220000, 51227, 0, 0, 0),
(220000, 51228, 0, 0, 0),
(220000, 51229, 0, 0, 0),
(220000, 51230, 0, 0, 0),
(220000, 51231, 0, 0, 0),
(220000, 51232, 0, 0, 0),
(220000, 51233, 0, 0, 0),
(220000, 51234, 0, 0, 0),
(220000, 51235, 0, 0, 0),
(220000, 51236, 0, 0, 0),
(220000, 51237, 0, 0, 0),
(220000, 51238, 0, 0, 0),
(220000, 51239, 0, 0, 0),
(220000, 51240, 0, 0, 0),
(220000, 51241, 0, 0, 0),
(220000, 51242, 0, 0, 0),
(220000, 51243, 0, 0, 0),
(220000, 51244, 0, 0, 0),
(220000, 51245, 0, 0, 0),
(220000, 51246, 0, 0, 0),
(220000, 51247, 0, 0, 0),
(220000, 51248, 0, 0, 0),
(220000, 51249, 0, 0, 0),
(220000, 51250, 0, 0, 0),
(220000, 51251, 0, 0, 0),
(220000, 51252, 0, 0, 0),
(220000, 51253, 0, 0, 0),
(220000, 51254, 0, 0, 0),
(220000, 51255, 0, 0, 0),
(220000, 51256, 0, 0, 0),
(220000, 51257, 0, 0, 0),
(220000, 51258, 0, 0, 0),
(220000, 51259, 0, 0, 0),
(220000, 51260, 0, 0, 0),
(220000, 51261, 0, 0, 0),
(220000, 51262, 0, 0, 0),
(220000, 51263, 0, 0, 0),
(220000, 51264, 0, 0, 0),
(220000, 51265, 0, 0, 0),
(220000, 51266, 0, 0, 0),
(220000, 51267, 0, 0, 0),
(220000, 51268, 0, 0, 0),
(220000, 51269, 0, 0, 0),
(220000, 51270, 0, 0, 0),
(220000, 51271, 0, 0, 0),
(220000, 51272, 0, 0, 0),
(220000, 51273, 0, 0, 0),
(220000, 51274, 0, 0, 0),
(220000, 51275, 0, 0, 0),
(220000, 51276, 0, 0, 0),
(220000, 51277, 0, 0, 0),
(220000, 51278, 0, 0, 0),
(220000, 51279, 0, 0, 0),
(220000, 51280, 0, 0, 0),
(220000, 51281, 0, 0, 0),
(220000, 51282, 0, 0, 0),
(220000, 51283, 0, 0, 0),
(220000, 51284, 0, 0, 0),
(220000, 51285, 0, 0, 0),
(220000, 51286, 0, 0, 0),
(220000, 51287, 0, 0, 0),
(220000, 51288, 0, 0, 0),
(220000, 51289, 0, 0, 0),
(220000, 51290, 0, 0, 0),
(220000, 51291, 0, 0, 0),
(220000, 51292, 0, 0, 0),
(220000, 51293, 0, 0, 0),
(220000, 51294, 0, 0, 0),
(220000, 51295, 0, 0, 0),
(220000, 51296, 0, 0, 0),
(220000, 51297, 0, 0, 0),
(220000, 51298, 0, 0, 0),
(220000, 51299, 0, 0, 0),
(220000, 51300, 0, 0, 0),
(220000, 51301, 0, 0, 0),
(220000, 51302, 0, 0, 0),
(220000, 51303, 0, 0, 0),
(220000, 51304, 0, 0, 0),
(220000, 51305, 0, 0, 0),
(220000, 51306, 0, 0, 0),
(220000, 51307, 0, 0, 0),
(220000, 51308, 0, 0, 0),
(220000, 51309, 0, 0, 0),
(220000, 51310, 0, 0, 0),
(220000, 51311, 0, 0, 0),
(220000, 51312, 0, 0, 0),
(220000, 51313, 0, 0, 0),
(220000, 51314, 0, 0, 0);

REPLACE INTO `creature_template` (`entry`, `difficulty_entry_1`, `difficulty_entry_2`, `difficulty_entry_3`, `KillCredit1`, `KillCredit2`, `modelid1`, `modelid2`, `modelid3`, `modelid4`, `name`, `subname`, `IconName`, `gossip_menu_id`, `minlevel`, `maxlevel`, `exp`, `faction_A`, `faction_H`, `npcflag`, `scale`, `rank`, `mindmg`, `maxdmg`, `dmgschool`, `attackpower`, `dmg_multiplier`, `baseattacktime`, `rangeattacktime`, `unit_class`, `unit_flags`, `dynamicflags`, `family`, `trainer_type`, `trainer_spell`, `trainer_class`, `trainer_race`, `minrangedmg`, `maxrangedmg`, `rangedattackpower`, `type`, `type_flags`, `lootid`, `pickpocketloot`, `skinloot`, `resistance1`, `resistance2`, `resistance3`, `resistance4`, `resistance5`, `resistance6`, `spell1`, `spell2`, `spell3`, `spell4`, `spell5`, `spell6`, `spell7`, `spell8`, `PetSpellDataId`, `VehicleId`, `mingold`, `maxgold`, `AIName`, `MovementType`, `InhabitType`, `Health_mod`, `Mana_mod`, `RacialLeader`, `questItem1`, `questItem2`, `questItem3`, `questItem4`, `questItem5`, `questItem6`, `movementId`, `RegenHealth`, `equipment_id`, `mechanic_immune_mask`, `flags_extra`, `ScriptName`) VALUES (200135, 0, 0, 0, 0, 0, 29516, 0, 29516, 0, 'Pets', 'Vanity pets', '', 0, 80, 80, 0, 35, 35, 4224, 1, 1, 50, 150, 0, 1000, 1, 2000, 0, 1, 2, 0, 0, 0, 0, 0, 0, 0, 0, 0, 7, 2, 0, 0, 0, 0, 0, 0, 0, 0, 0, 0, 0, 0, 0, 0, 0, 0, 0, 0, 0, 0, 0, '', 0, 3, 10, 1, 0, 0, 0, 0, 0, 0, 0, 0, 1, 1949, 0, 0, '');

DELETE FROM `npc_vendor` WHERE (`entry`=200135);
INSERT INTO `npc_vendor` (entry, item, maxcount, incrtime, ExtendedCost) VALUES 
(200135, 44984, 0, 0, 0),
(200135, 45022, 0, 0, 0),
(200135, 47541, 0, 0, 0),
(200135, 44998, 0, 0, 0),
(200135, 44819, 0, 0, 0),
(200135, 32588, 0, 0, 0),
(200135, 46767, 0, 0, 0),
(200135, 20371, 0, 0, 0),
(200135, 23083, 0, 0, 0),
(200135, 35350, 0, 0, 0),
(200135, 34425, 0, 0, 0),
(200135, 49646, 0, 0, 0),
(200135, 46545, 0, 0, 0),
(200135, 46544, 0, 0, 0),
(200135, 13584, 0, 0, 0),
(200135, 34493, 0, 0, 0),
(200135, 44970, 0, 0, 0),
(200135, 44973, 0, 0, 0),
(200135, 32616, 0, 0, 0),
(200135, 32622, 0, 0, 0),
(200135, 44974, 0, 0, 0),
(200135, 44982, 0, 0, 0),
(200135, 39286, 0, 0, 0),
(200135, 39973, 0, 0, 0),
(200135, 43698, 0, 0, 0),
(200135, 37297, 0, 0, 0),
(200135, 21301, 0, 0, 0),
(200135, 46802, 0, 0, 0),
(200135, 23713, 0, 0, 0),
(200135, 21308, 0, 0, 0),
(200135, 44738, 0, 0, 0),
(200135, 49693, 0, 0, 0),
(200135, 44841, 0, 0, 0),
(200135, 30360, 0, 0, 0),
(200135, 45002, 0, 0, 0),
(200135, 33818, 0, 0, 0),
(200135, 44980, 0, 0, 0),
(200135, 45180, 0, 0, 0),
(200135, 25535, 0, 0, 0),
(200135, 44723, 0, 0, 0),
(200135, 49362, 0, 0, 0),
(200135, 13583, 0, 0, 0),
(200135, 49665, 0, 0, 0),
(200135, 49912, 0, 0, 0),
(200135, 23007, 0, 0, 0),
(200135, 22114, 0, 0, 0),
(200135, 46707, 0, 0, 0),
(200135, 23015, 0, 0, 0),
(200135, 21305, 0, 0, 0),
(200135, 40653, 0, 0, 0),
(200135, 34492, 0, 0, 0),
(200135, 34955, 0, 0, 0),
(200135, 45606, 0, 0, 0),
(200135, 46820, 0, 0, 0),
(200135, 46821, 0, 0, 0),
(200135, 33154, 0, 0, 0),
(200135, 32617, 0, 0, 0),
(200135, 35349, 0, 0, 0),
(200135, 21309, 0, 0, 0),
(200135, 38050, 0, 0, 0),
(200135, 49343, 0, 0, 0),
(200135, 44794, 0, 0, 0),
(200135, 44983, 0, 0, 0),
(200135, 44965, 0, 0, 0),
(200135, 44971, 0, 0, 0),
(200135, 50446, 0, 0, 0),
(200135, 22235, 0, 0, 0),
(200135, 44810, 0, 0, 0),
(200135, 23002, 0, 0, 0),
(200135, 39656, 0, 0, 0),
(200135, 41133, 0, 0, 0),
(200135, 38658, 0, 0, 0),
(200135, 32233, 0, 0, 0),
(200135, 12264, 0, 0, 0),
(200135, 56806, 0, 0, 0),
(200135, 13582, 0, 0, 0);

REPLACE INTO `creature_template` (`entry`, `difficulty_entry_1`, `difficulty_entry_2`, `difficulty_entry_3`, `KillCredit1`, `KillCredit2`, `modelid1`, `modelid2`, `modelid3`, `modelid4`, `name`, `subname`, `IconName`, `gossip_menu_id`, `minlevel`, `maxlevel`, `exp`, `faction_A`, `faction_H`, `npcflag`, `scale`, `rank`, `mindmg`, `maxdmg`, `dmgschool`, `attackpower`, `dmg_multiplier`, `baseattacktime`, `rangeattacktime`, `unit_class`, `unit_flags`, `dynamicflags`, `family`, `trainer_type`, `trainer_spell`, `trainer_class`, `trainer_race`, `minrangedmg`, `maxrangedmg`, `rangedattackpower`, `type`, `type_flags`, `lootid`, `pickpocketloot`, `skinloot`, `resistance1`, `resistance2`, `resistance3`, `resistance4`, `resistance5`, `resistance6`, `spell1`, `spell2`, `spell3`, `spell4`, `spell5`, `spell6`, `spell7`, `spell8`, `PetSpellDataId`, `VehicleId`, `mingold`, `maxgold`, `AIName`, `MovementType`, `InhabitType`, `Health_mod`, `Mana_mod`, `RacialLeader`, `questItem1`, `questItem2`, `questItem3`, `questItem4`, `questItem5`, `questItem6`, `movementId`, `RegenHealth`, `equipment_id`, `mechanic_immune_mask`, `flags_extra`, `ScriptName`) VALUES (200134, 0, 0, 0, 0, 0, 27153, 0, 27153, 0, 'Mount', 'Mount', '', 0, 80, 80, 0, 35, 35, 4224, 1, 1, 50, 150, 0, 1000, 100, 2000, 0, 1, 2, 0, 0, 0, 0, 0, 0, 0, 0, 0, 7, 2, 0, 0, 0, 0, 0, 0, 0, 0, 0, 0, 0, 0, 0, 0, 0, 0, 0, 0, 0, 0, 0, '', 0, 3, 10, 1, 0, 0, 0, 0, 0, 0, 0, 0, 1, 4311, 0, 0, '');

DELETE FROM `npc_vendor` WHERE (`entry`=200134);
INSERT INTO `npc_vendor` (entry, item, maxcount, incrtime, ExtendedCost) VALUES 
(200134, 12351, 0, 0, 0),
(200134, 13086, 0, 0, 0),
(200134, 13329, 0, 0, 0),
(200134, 13335, 0, 0, 0),
(200134, 19029, 0, 0, 0),
(200134, 19030, 0, 0, 0),
(200134, 19872, 0, 0, 0),
(200134, 19902, 0, 0, 0),
(200134, 21218, 0, 0, 0),
(200134, 21321, 0, 0, 0),
(200134, 21323, 0, 0, 0),
(200134, 21324, 0, 0, 0),
(200134, 23720, 0, 0, 0),
(200134, 25596, 0, 0, 0),
(200134, 29467, 0, 0, 0),
(200134, 29469, 0, 0, 0),
(200134, 30480, 0, 0, 0),
(200134, 30609, 0, 0, 0),
(200134, 32458, 0, 0, 0),
(200134, 32768, 0, 0, 0),
(200134, 32857, 0, 0, 0),
(200134, 32858, 0, 0, 0),
(200134, 32859, 0, 0, 0),
(200134, 32860, 0, 0, 0),
(200134, 32861, 0, 0, 0),
(200134, 32862, 0, 0, 0),
(200134, 33809, 0, 0, 0),
(200134, 33999, 0, 0, 0),
(200134, 34092, 0, 0, 0),
(200134, 35513, 0, 0, 0),
(200134, 37012, 0, 0, 0),
(200134, 37676, 0, 0, 0),
(200134, 37719, 0, 0, 0),
(200134, 37828, 0, 0, 0),
(200134, 41508, 0, 0, 0),
(200134, 43516, 0, 0, 0),
(200134, 43599, 0, 0, 0),
(200134, 43951, 0, 0, 0),
(200134, 43952, 0, 0, 0),
(200134, 43953, 0, 0, 0),
(200134, 43954, 0, 0, 0),
(200134, 43955, 0, 0, 0),
(200134, 43956, 0, 0, 0),
(200134, 43958, 0, 0, 0),
(200134, 43959, 0, 0, 0),
(200134, 43961, 0, 0, 0),
(200134, 43962, 0, 0, 0),
(200134, 43986, 0, 0, 0),
(200134, 44077, 0, 0, 0),
(200134, 44080, 0, 0, 0),
(200134, 44083, 0, 0, 0),
(200134, 44086, 0, 0, 0),
(200134, 44151, 0, 0, 0),
(200134, 44160, 0, 0, 0),
(200134, 44164, 0, 0, 0),
(200134, 44168, 0, 0, 0),
(200134, 44175, 0, 0, 0),
(200134, 44177, 0, 0, 0),
(200134, 44178, 0, 0, 0),
(200134, 44223, 0, 0, 0),
(200134, 44224, 0, 0, 0),
(200134, 44225, 0, 0, 0),
(200134, 44226, 0, 0, 0),
(200134, 44230, 0, 0, 0),
(200134, 44231, 0, 0, 0),
(200134, 44234, 0, 0, 0),
(200134, 44235, 0, 0, 0),
(200134, 44413, 0, 0, 0),
(200134, 44558, 0, 0, 0),
(200134, 44707, 0, 0, 0),
(200134, 44842, 0, 0, 0),
(200134, 44843, 0, 0, 0),
(200134, 45693, 0, 0, 0),
(200134, 45801, 0, 0, 0),
(200134, 45802, 0, 0, 0),
(200134, 46109, 0, 0, 0),
(200134, 46171, 0, 0, 0),
(200134, 46708, 0, 0, 0),
(200134, 47179, 0, 0, 0),
(200134, 47840, 0, 0, 0),
(200134, 49046, 0, 0, 0),
(200134, 49096, 0, 0, 0),
(200134, 49098, 0, 0, 0),
(200134, 49282, 0, 0, 0),
(200134, 49284, 0, 0, 0),
(200134, 49286, 0, 0, 0),
(200134, 49290, 0, 0, 0),
(200134, 49636, 0, 0, 0),
(200134, 50250, 0, 0, 0),
(200134, 50435, 0, 0, 0),
(200134, 50818, 0, 0, 0),
(200134, 51954, 0, 0, 0),
(200134, 51955, 0, 0, 0),
(200134, 52200, 0, 0, 0),
(200134, 54069, 0, 0, 0),
(200134, 54797, 0, 0, 0),
(200134, 54811, 0, 0, 0),
(200134, 54860, 0, 0, 0);

REPLACE INTO `creature_template` (`entry`, `difficulty_entry_1`, `difficulty_entry_2`, `difficulty_entry_3`, `KillCredit1`, `KillCredit2`, `modelid1`, `modelid2`, `modelid3`, `modelid4`, `name`, `subname`, `IconName`, `gossip_menu_id`, `minlevel`, `maxlevel`, `exp`, `faction_A`, `faction_H`, `npcflag`, `scale`, `rank`, `mindmg`, `maxdmg`, `dmgschool`, `attackpower`, `dmg_multiplier`, `baseattacktime`, `rangeattacktime`, `unit_class`, `unit_flags`, `dynamicflags`, `family`, `trainer_type`, `trainer_spell`, `trainer_class`, `trainer_race`, `minrangedmg`, `maxrangedmg`, `rangedattackpower`, `type`, `type_flags`, `lootid`, `pickpocketloot`, `skinloot`, `resistance1`, `resistance2`, `resistance3`, `resistance4`, `resistance5`, `resistance6`, `spell1`, `spell2`, `spell3`, `spell4`, `spell5`, `spell6`, `spell7`, `spell8`, `PetSpellDataId`, `VehicleId`, `mingold`, `maxgold`, `AIName`, `MovementType`, `InhabitType`, `Health_mod`, `Mana_mod`, `RacialLeader`, `questItem1`, `questItem2`, `questItem3`, `questItem4`, `questItem5`, `questItem6`, `movementId`, `RegenHealth`, `equipment_id`, `mechanic_immune_mask`, `flags_extra`, `ScriptName`) VALUES (200084, 0, 0, 0, 0, 0, 23590, 0, 23590, 0, 'Shirt Tabard', 'Armor', '', 0, 80, 80, 0, 35, 35, 4224, 1, 1, 50, 150, 0, 1000, 1, 2000, 0, 1, 2, 0, 0, 0, 0, 0, 0, 0, 0, 0, 7, 2, 0, 0, 0, 0, 0, 0, 0, 0, 0, 0, 0, 0, 0, 0, 0, 0, 0, 0, 0, 0, 0, '', 0, 3, 10, 1, 0, 0, 0, 0, 0, 0, 0, 0, 1, 339, 0, 0, '');

DELETE FROM `npc_vendor` WHERE (`entry`=200084);
INSERT INTO `npc_vendor` (entry, item, maxcount, incrtime, ExtendedCost) VALUES 
(200084, 40643, 0, 0, 0),
(200084, 42360, 0, 0, 0),
(200084, 42361, 0, 0, 0),
(200084, 42363, 0, 0, 0),
(200084, 42365, 0, 0, 0),
(200084, 42368, 0, 0, 0),
(200084, 42369, 0, 0, 0),
(200084, 42370, 0, 0, 0),
(200084, 42371, 0, 0, 0),
(200084, 42372, 0, 0, 0),
(200084, 42373, 0, 0, 0),
(200084, 42374, 0, 0, 0),
(200084, 42375, 0, 0, 0),
(200084, 42376, 0, 0, 0),
(200084, 42377, 0, 0, 0),
(200084, 42378, 0, 0, 0),
(200084, 43154, 0, 0, 0),
(200084, 43155, 0, 0, 0),
(200084, 43156, 0, 0, 0),
(200084, 43157, 0, 0, 0),
(200084, 43300, 0, 0, 0),
(200084, 43348, 0, 0, 0),
(200084, 43349, 0, 0, 0),
(200084, 44694, 0, 0, 0),
(200084, 45037, 0, 0, 0),
(200084, 45280, 0, 0, 0),
(200084, 45574, 0, 0, 0),
(200084, 45577, 0, 0, 0),
(200084, 45578, 0, 0, 0),
(200084, 45579, 0, 0, 0),
(200084, 45580, 0, 0, 0),
(200084, 45581, 0, 0, 0),
(200084, 45582, 0, 0, 0),
(200084, 45583, 0, 0, 0),
(200084, 45584, 0, 0, 0),
(200084, 45585, 0, 0, 0),
(200084, 45664, 0, 0, 0),
(200084, 45666, 0, 0, 0),
(200084, 45667, 0, 0, 0),
(200084, 45668, 0, 0, 0),
(200084, 45669, 0, 0, 0),
(200084, 45670, 0, 0, 0),
(200084, 45671, 0, 0, 0),
(200084, 45672, 0, 0, 0),
(200084, 45673, 0, 0, 0),
(200084, 45674, 0, 0, 0),
(200084, 45983, 0, 0, 0),
(200084, 46817, 0, 0, 0),
(200084, 46818, 0, 0, 0),
(200084, 46874, 0, 0, 0),
(200084, 49052, 0, 0, 0),
(200084, 49054, 0, 0, 0),
(200084, 49086, 0, 0, 0),
(200084, 51534, 0, 0, 0);

REPLACE INTO `creature_template` (`entry`, `difficulty_entry_1`, `difficulty_entry_2`, `difficulty_entry_3`, `KillCredit1`, `KillCredit2`, `modelid1`, `modelid2`, `modelid3`, `modelid4`, `name`, `subname`, `IconName`, `gossip_menu_id`, `minlevel`, `maxlevel`, `exp`, `faction_A`, `faction_H`, `npcflag`, `scale`, `rank`, `mindmg`, `maxdmg`, `dmgschool`, `attackpower`, `dmg_multiplier`, `baseattacktime`, `rangeattacktime`, `unit_class`, `unit_flags`, `dynamicflags`, `family`, `trainer_type`, `trainer_spell`, `trainer_class`, `trainer_race`, `minrangedmg`, `maxrangedmg`, `rangedattackpower`, `type`, `type_flags`, `lootid`, `pickpocketloot`, `skinloot`, `resistance1`, `resistance2`, `resistance3`, `resistance4`, `resistance5`, `resistance6`, `spell1`, `spell2`, `spell3`, `spell4`, `spell5`, `spell6`, `spell7`, `spell8`, `PetSpellDataId`, `VehicleId`, `mingold`, `maxgold`, `AIName`, `MovementType`, `InhabitType`, `Health_mod`, `Mana_mod`, `RacialLeader`, `questItem1`, `questItem2`, `questItem3`, `questItem4`, `questItem5`, `questItem6`, `movementId`, `RegenHealth`, `equipment_id`, `mechanic_immune_mask`, `flags_extra`, `ScriptName`) VALUES (220008, 0, 0, 0, 0, 0, 657, 0, 657, 0, 'Cloak', 'Armor 80LvL', '', 0, 80, 80, 0, 35, 35, 4224, 1, 1, 50, 150, 0, 1000, 1, 2000, 0, 1, 2, 0, 0, 0, 0, 0, 0, 0, 0, 0, 7, 2, 0, 0, 0, 0, 0, 0, 0, 0, 0, 0, 0, 0, 0, 0, 0, 0, 0, 0, 0, 0, 0, '', 0, 3, 10, 1, 0, 0, 0, 0, 0, 0, 0, 0, 1, 0, 0, 0, '');

DELETE FROM `npc_vendor` WHERE (`entry`=220008);
INSERT INTO `npc_vendor` (entry, item, maxcount, incrtime, ExtendedCost) VALUES
(220008, 42076, 0, 0, 0),
(220008, 42077, 0, 0, 0),
(220008, 42078, 0, 0, 0),
(220008, 42079, 0, 0, 0),
(220008, 42080, 0, 0, 0), 
(220008, 42081, 0, 0, 0),
(220008, 42082, 0, 0, 0),
(220008, 50628, 0, 0, 0),
(220008, 50653, 0, 0, 0),
(220008, 50668, 0, 0, 0),
(220008, 50677, 0, 0, 0),
(220008, 50718, 0, 0, 0),
(220008, 54583, 0, 0, 0);

REPLACE INTO `creature_template` (`entry`, `difficulty_entry_1`, `difficulty_entry_2`, `difficulty_entry_3`, `KillCredit1`, `KillCredit2`, `modelid1`, `modelid2`, `modelid3`, `modelid4`, `name`, `subname`, `IconName`, `gossip_menu_id`, `minlevel`, `maxlevel`, `exp`, `faction_A`, `faction_H`, `npcflag`, `scale`, `rank`, `mindmg`, `maxdmg`, `dmgschool`, `attackpower`, `dmg_multiplier`, `baseattacktime`, `rangeattacktime`, `unit_class`, `unit_flags`, `dynamicflags`, `family`, `trainer_type`, `trainer_spell`, `trainer_class`, `trainer_race`, `minrangedmg`, `maxrangedmg`, `rangedattackpower`, `type`, `type_flags`, `lootid`, `pickpocketloot`, `skinloot`, `resistance1`, `resistance2`, `resistance3`, `resistance4`, `resistance5`, `resistance6`, `spell1`, `spell2`, `spell3`, `spell4`, `spell5`, `spell6`, `spell7`, `spell8`, `PetSpellDataId`, `VehicleId`, `mingold`, `maxgold`, `AIName`, `MovementType`, `InhabitType`, `Health_mod`, `Mana_mod`, `RacialLeader`, `questItem1`, `questItem2`, `questItem3`, `questItem4`, `questItem5`, `questItem6`, `movementId`, `RegenHealth`, `equipment_id`, `mechanic_immune_mask`, `flags_extra`, `ScriptName`) VALUES (200067, 0, 0, 0, 0, 0, 29516, 0, 29516, 0, 'Shield', 'Armor', '', 0, 80, 80, 0, 35, 35, 4224, 1, 1, 50, 150, 0, 1000, 1, 2000, 0, 1, 2, 0, 0, 0, 0, 0, 0, 0, 0, 0, 7, 2, 0, 0, 0, 0, 0, 0, 0, 0, 0, 0, 0, 0, 0, 0, 0, 0, 0, 0, 0, 0, 0, '', 0, 3, 10, 1, 0, 0, 0, 0, 0, 0, 0, 0, 1, 1949, 0, 0, '');

DELETE FROM `npc_vendor` WHERE (`entry`=200067);
INSERT INTO `npc_vendor` (entry, item, maxcount, incrtime, ExtendedCost) VALUES
(200067, 42561, 0, 0, 0), 
(200067, 42566, 0, 0, 0),
(200067, 42572, 0, 0, 0),
(200067, 43085, 0, 0, 0),
(200067, 45470, 0, 0, 0),
(200067, 50616, 0, 0, 0),
(200067, 50729, 0, 0, 0),
(200067, 51909, 0, 0, 0);

REPLACE INTO `creature_template` (`entry`, `difficulty_entry_1`, `difficulty_entry_2`, `difficulty_entry_3`, `KillCredit1`, `KillCredit2`, `modelid1`, `modelid2`, `modelid3`, `modelid4`, `name`, `subname`, `IconName`, `gossip_menu_id`, `minlevel`, `maxlevel`, `exp`, `faction_A`, `faction_H`, `npcflag`, `scale`, `rank`, `mindmg`, `maxdmg`, `dmgschool`, `attackpower`, `dmg_multiplier`, `baseattacktime`, `rangeattacktime`, `unit_class`, `unit_flags`, `dynamicflags`, `family`, `trainer_type`, `trainer_spell`, `trainer_class`, `trainer_race`, `minrangedmg`, `maxrangedmg`, `rangedattackpower`, `type`, `type_flags`, `lootid`, `pickpocketloot`, `skinloot`, `resistance1`, `resistance2`, `resistance3`, `resistance4`, `resistance5`, `resistance6`, `spell1`, `spell2`, `spell3`, `spell4`, `spell5`, `spell6`, `spell7`, `spell8`, `PetSpellDataId`, `VehicleId`, `mingold`, `maxgold`, `AIName`, `MovementType`, `InhabitType`, `Health_mod`, `Mana_mod`, `RacialLeader`, `questItem1`, `questItem2`, `questItem3`, `questItem4`, `questItem5`, `questItem6`, `movementId`, `RegenHealth`, `equipment_id`, `mechanic_immune_mask`, `flags_extra`, `ScriptName`) VALUES (200068, 0, 0, 0, 0, 0, 18637, 0, 18637, 0, 'libram/idol/totem/Sigils', 'Armor relic', '', 0, 80, 80, 0, 35, 35, 4224, 1, 1, 50, 150, 0, 1000, 1, 2000, 0, 1, 2, 0, 0, 0, 0, 0, 0, 0, 0, 0, 7, 2, 0, 0, 0, 0, 0, 0, 0, 0, 0, 0, 0, 0, 0, 0, 0, 0, 0, 0, 0, 0, 0, '', 0, 3, 10, 1, 0, 0, 0, 0, 0, 0, 0, 0, 1, 3245, 0, 0, '');

DELETE FROM `npc_vendor` WHERE (`entry`=200068);
INSERT INTO `npc_vendor` (entry, item, maxcount, incrtime, ExtendedCost) VALUES 
(200068, 50454, 0, 0, 0),
(200068, 50455, 0, 0, 0),
(200068, 50456, 0, 0, 0),
(200068, 50457, 0, 0, 0),
(200068, 50458, 0, 0, 0),
(200068, 50459, 0, 0, 0),
(200068, 50460, 0, 0, 0),
(200068, 50461, 0, 0, 0),
(200068, 50462, 0, 0, 0),
(200068, 50463, 0, 0, 0),
(200068, 50464, 0, 0, 0),
(200068, 51417, 0, 0, 0),
(200068, 51423, 0, 0, 0),
(200068, 51429, 0, 0, 0),
(200068, 51437, 0, 0, 0),
(200068, 51472, 0, 0, 0),
(200068, 51478, 0, 0, 0),
(200068, 51501, 0, 0, 0),
(200068, 51507, 0, 0, 0),
(200068, 51513, 0, 0, 0);

REPLACE INTO `creature_template` (`entry`, `difficulty_entry_1`, `difficulty_entry_2`, `difficulty_entry_3`, `KillCredit1`, `KillCredit2`, `modelid1`, `modelid2`, `modelid3`, `modelid4`, `name`, `subname`, `IconName`, `gossip_menu_id`, `minlevel`, `maxlevel`, `exp`, `faction_A`, `faction_H`, `npcflag`, `scale`, `rank`, `mindmg`, `maxdmg`, `dmgschool`, `attackpower`, `dmg_multiplier`, `baseattacktime`, `rangeattacktime`, `unit_class`, `unit_flags`, `dynamicflags`, `family`, `trainer_type`, `trainer_spell`, `trainer_class`, `trainer_race`, `minrangedmg`, `maxrangedmg`, `rangedattackpower`, `type`, `type_flags`, `lootid`, `pickpocketloot`, `skinloot`, `resistance1`, `resistance2`, `resistance3`, `resistance4`, `resistance5`, `resistance6`, `spell1`, `spell2`, `spell3`, `spell4`, `spell5`, `spell6`, `spell7`, `spell8`, `PetSpellDataId`, `VehicleId`, `mingold`, `maxgold`, `AIName`, `MovementType`, `InhabitType`, `Health_mod`, `Mana_mod`, `RacialLeader`, `questItem1`, `questItem2`, `questItem3`, `questItem4`, `questItem5`, `questItem6`, `movementId`, `RegenHealth`, `equipment_id`, `mechanic_immune_mask`, `flags_extra`, `ScriptName`) VALUES (200069, 0, 0, 0, 0, 0, 29516, 0, 29516, 0, 'Off hand Frills', 'Armor', '', 0, 80, 80, 0, 35, 35, 4224, 1, 1, 50, 150, 0, 1000, 1, 2000, 0, 1, 2, 0, 0, 0, 0, 0, 0, 0, 0, 0, 7, 2, 0, 0, 0, 0, 0, 0, 0, 0, 0, 0, 0, 0, 0, 0, 0, 0, 0, 0, 0, 0, 0, '', 0, 3, 10, 1, 0, 0, 0, 0, 0, 0, 0, 0, 1, 1949, 0, 0, '');

DELETE FROM `npc_vendor` WHERE (`entry`=200069);
INSERT INTO `npc_vendor` (entry, item, maxcount, incrtime, ExtendedCost) VALUES 
(200069, 50635, 0, 0, 0),
(200069, 50719, 0, 0, 0),
(200069, 51396, 0, 0, 0),
(200069, 51407, 0, 0, 0),
(200069, 51408, 0, 0, 0),
(200069, 51409, 0, 0, 0),
(200069, 51922, 0, 0, 0);

REPLACE INTO `creature_template` (`entry`, `difficulty_entry_1`, `difficulty_entry_2`, `difficulty_entry_3`, `KillCredit1`, `KillCredit2`, `modelid1`, `modelid2`, `modelid3`, `modelid4`, `name`, `subname`, `IconName`, `gossip_menu_id`, `minlevel`, `maxlevel`, `exp`, `faction_A`, `faction_H`, `npcflag`, `scale`, `rank`, `mindmg`, `maxdmg`, `dmgschool`, `attackpower`, `dmg_multiplier`, `baseattacktime`, `rangeattacktime`, `unit_class`, `unit_flags`, `dynamicflags`, `family`, `trainer_type`, `trainer_spell`, `trainer_class`, `trainer_race`, `minrangedmg`, `maxrangedmg`, `rangedattackpower`, `type`, `type_flags`, `lootid`, `pickpocketloot`, `skinloot`, `resistance1`, `resistance2`, `resistance3`, `resistance4`, `resistance5`, `resistance6`, `spell1`, `spell2`, `spell3`, `spell4`, `spell5`, `spell6`, `spell7`, `spell8`, `PetSpellDataId`, `VehicleId`, `mingold`, `maxgold`, `AIName`, `MovementType`, `InhabitType`, `Health_mod`, `Mana_mod`, `RacialLeader`, `questItem1`, `questItem2`, `questItem3`, `questItem4`, `questItem5`, `questItem6`, `movementId`, `RegenHealth`, `equipment_id`, `mechanic_immune_mask`, `flags_extra`, `ScriptName`) VALUES (200073, 0, 0, 0, 0, 0, 22959, 0, 22959, 0, 'Necklace', 'Jewelery', '', 0, 80, 80, 0, 35, 35, 4224, 1, 1, 50, 150, 0, 1000, 1, 2000, 0, 1, 2, 0, 0, 0, 0, 0, 0, 0, 0, 0, 7, 2, 0, 0, 0, 0, 0, 0, 0, 0, 0, 0, 0, 0, 0, 0, 0, 0, 0, 0, 0, 0, 0, '', 0, 3, 10, 1, 0, 0, 0, 0, 0, 0, 0, 0, 1, 0, 0, 0, '');

DELETE FROM `npc_vendor` WHERE (`entry`=200073);
INSERT INTO `npc_vendor` (entry, item, maxcount, incrtime, ExtendedCost) VALUES
(200073, 46374, 0, 0, 0),
(200073, 42047, 0, 0, 0),
(200073, 42046, 0, 0, 0),
(200073, 42045, 0, 0, 0), 
(200073, 42044, 0, 0, 0),
(200073, 42043, 0, 0, 0),
(200073, 42042, 0, 0, 0),
(200073, 42041, 0, 0, 0),
(200073, 50609, 0, 0, 0),
(200073, 50627, 0, 0, 0),
(200073, 50633, 0, 0, 0),
(200073, 50647, 0, 0, 0),
(200073, 50658, 0, 0, 0),
(200073, 50682, 0, 0, 0),
(200073, 50700, 0, 0, 0),
(200073, 50724, 0, 0, 0),
(200073, 54581, 0, 0, 0);

REPLACE INTO `creature_template` (`entry`, `difficulty_entry_1`, `difficulty_entry_2`, `difficulty_entry_3`, `KillCredit1`, `KillCredit2`, `modelid1`, `modelid2`, `modelid3`, `modelid4`, `name`, `subname`, `IconName`, `gossip_menu_id`, `minlevel`, `maxlevel`, `exp`, `faction_A`, `faction_H`, `npcflag`, `scale`, `rank`, `mindmg`, `maxdmg`, `dmgschool`, `attackpower`, `dmg_multiplier`, `baseattacktime`, `rangeattacktime`, `unit_class`, `unit_flags`, `dynamicflags`, `family`, `trainer_type`, `trainer_spell`, `trainer_class`, `trainer_race`, `minrangedmg`, `maxrangedmg`, `rangedattackpower`, `type`, `type_flags`, `lootid`, `pickpocketloot`, `skinloot`, `resistance1`, `resistance2`, `resistance3`, `resistance4`, `resistance5`, `resistance6`, `spell1`, `spell2`, `spell3`, `spell4`, `spell5`, `spell6`, `spell7`, `spell8`, `PetSpellDataId`, `VehicleId`, `mingold`, `maxgold`, `AIName`, `MovementType`, `InhabitType`, `Health_mod`, `Mana_mod`, `RacialLeader`, `questItem1`, `questItem2`, `questItem3`, `questItem4`, `questItem5`, `questItem6`, `movementId`, `RegenHealth`, `equipment_id`, `mechanic_immune_mask`, `flags_extra`, `ScriptName`) VALUES (200077, 0, 0, 0, 0, 0, 18637, 0, 18637, 0, 'Ring', 'jewelery', '', 0, 80, 80, 0, 35, 35, 4224, 1, 1, 50, 150, 0, 1000, 1, 2000, 0, 1, 2, 0, 0, 0, 0, 0, 0, 0, 0, 0, 7, 2, 0, 0, 0, 0, 0, 0, 0, 0, 0, 0, 0, 0, 0, 0, 0, 0, 0, 0, 0, 0, 0, '', 0, 3, 10, 1, 0, 0, 0, 0, 0, 0, 0, 0, 1, 339, 0, 0, '');

DELETE FROM `npc_vendor` WHERE (`entry`=200077);
INSERT INTO `npc_vendor` (entry, item, maxcount, incrtime, ExtendedCost) VALUES
(200077, 42118, 0, 0, 0),
(200077, 42119, 0, 0, 0),
(200077, 50398, 0, 0, 0),
(200077, 50402, 0, 0, 0),
(200077, 50404, 0, 0, 0),
(200077, 50604, 0, 0, 0),
(200077, 50610, 0, 0, 0),
(200077, 50614, 0, 0, 0),
(200077, 50618, 0, 0, 0),
(200077, 50622, 0, 0, 0),
(200077, 50636, 0, 0, 0),
(200077, 50642, 0, 0, 0),
(200077, 50644, 0, 0, 0),
(200077, 50657, 0, 0, 0),
(200077, 50664, 0, 0, 0),
(200077, 50678, 0, 0, 0),
(200077, 50693, 0, 0, 0),
(200077, 50714, 0, 0, 0),
(200077, 50720, 0, 0, 0),
(200077, 54567, 0, 0, 0),
(200077, 54576, 0, 0, 0),
(200077, 54585, 0, 0, 0);

REPLACE INTO `creature_template` (`entry`, `difficulty_entry_1`, `difficulty_entry_2`, `difficulty_entry_3`, `KillCredit1`, `KillCredit2`, `modelid1`, `modelid2`, `modelid3`, `modelid4`, `name`, `subname`, `IconName`, `gossip_menu_id`, `minlevel`, `maxlevel`, `exp`, `faction_A`, `faction_H`, `npcflag`, `scale`, `rank`, `mindmg`, `maxdmg`, `dmgschool`, `attackpower`, `dmg_multiplier`, `baseattacktime`, `rangeattacktime`, `unit_class`, `unit_flags`, `dynamicflags`, `family`, `trainer_type`, `trainer_spell`, `trainer_class`, `trainer_race`, `minrangedmg`, `maxrangedmg`, `rangedattackpower`, `type`, `type_flags`, `lootid`, `pickpocketloot`, `skinloot`, `resistance1`, `resistance2`, `resistance3`, `resistance4`, `resistance5`, `resistance6`, `spell1`, `spell2`, `spell3`, `spell4`, `spell5`, `spell6`, `spell7`, `spell8`, `PetSpellDataId`, `VehicleId`, `mingold`, `maxgold`, `AIName`, `MovementType`, `InhabitType`, `Health_mod`, `Mana_mod`, `RacialLeader`, `questItem1`, `questItem2`, `questItem3`, `questItem4`, `questItem5`, `questItem6`, `movementId`, `RegenHealth`, `equipment_id`, `mechanic_immune_mask`, `flags_extra`, `ScriptName`) VALUES (200080, 0, 0, 0, 0, 0, 28170, 0, 0, 0, 'Trinket', 'jewelery', '', 0, 80, 80, 0, 35, 35, 4224, 1, 1, 50, 150, 0, 1000, 1, 2000, 0, 1, 2, 0, 0, 0, 0, 0, 0, 0, 0, 0, 7, 2, 0, 0, 0, 0, 0, 0, 0, 0, 0, 0, 0, 0, 0, 0, 0, 0, 0, 0, 0, 0, 0, '', 0, 3, 10, 1, 0, 0, 0, 0, 0, 0, 0, 0, 1, 4493, 0, 0, '');

DELETE FROM `npc_vendor` WHERE (`entry`=200080);
INSERT INTO `npc_vendor` (entry, item, maxcount, incrtime, ExtendedCost) VALUES 
(200080, 37220, 0, 0, 0),
(200080, 37254, 0, 0, 0),
(200080, 37264, 0, 0, 0),
(200080, 39229, 0, 0, 0),
(200080, 39292, 0, 0, 0),
(200080, 40255, 0, 0, 0),
(200080, 40256, 0, 0, 0),
(200080, 40257, 0, 0, 0),
(200080, 40258, 0, 0, 0),
(200080, 40371, 0, 0, 0),
(200080, 40372, 0, 0, 0),
(200080, 40373, 0, 0, 0),
(200080, 40382, 0, 0, 0),
(200080, 40430, 0, 0, 0),
(200080, 40431, 0, 0, 0),
(200080, 40432, 0, 0, 0),
(200080, 40531, 0, 0, 0),
(200080, 40532, 0, 0, 0),
(200080, 40682, 0, 0, 0),
(200080, 40684, 0, 0, 0),
(200080, 42122, 0, 0, 0),
(200080, 42126, 0, 0, 0),
(200080, 42134, 0, 0, 0),
(200080, 42135, 0, 0, 0),
(200080, 42136, 0, 0, 0),
(200080, 42137, 0, 0, 0),
(200080, 42987, 0, 0, 0),
(200080, 42988, 0, 0, 0),
(200080, 42989, 0, 0, 0),
(200080, 42990, 0, 0, 0),
(200080, 43573, 0, 0, 0),
(200080, 44253, 0, 0, 0),
(200080, 44254, 0, 0, 0),
(200080, 44255, 0, 0, 0),
(200080, 44912, 0, 0, 0),
(200080, 44914, 0, 0, 0),
(200080, 45131, 0, 0, 0),
(200080, 45148, 0, 0, 0),
(200080, 45158, 0, 0, 0),
(200080, 45219, 0, 0, 0),
(200080, 45263, 0, 0, 0),
(200080, 45286, 0, 0, 0),
(200080, 45292, 0, 0, 0),
(200080, 45308, 0, 0, 0),
(200080, 45313, 0, 0, 0),
(200080, 45466, 0, 0, 0),
(200080, 45490, 0, 0, 0),
(200080, 45507, 0, 0, 0),
(200080, 45518, 0, 0, 0),
(200080, 45522, 0, 0, 0),
(200080, 45535, 0, 0, 0),
(200080, 45609, 0, 0, 0),
(200080, 45703, 0, 0, 0),
(200080, 45866, 0, 0, 0),
(200080, 45929, 0, 0, 0),
(200080, 45931, 0, 0, 0),
(200080, 46021, 0, 0, 0),
(200080, 46038, 0, 0, 0),
(200080, 46051, 0, 0, 0),
(200080, 46081, 0, 0, 0),
(200080, 46312, 0, 0, 0),
(200080, 47041, 0, 0, 0),
(200080, 47059, 0, 0, 0),
(200080, 47088, 0, 0, 0),
(200080, 47131, 0, 0, 0),
(200080, 47188, 0, 0, 0),
(200080, 47213, 0, 0, 0),
(200080, 47214, 0, 0, 0),
(200080, 47215, 0, 0, 0),
(200080, 47216, 0, 0, 0),
(200080, 47271, 0, 0, 0),
(200080, 47290, 0, 0, 0),
(200080, 47303, 0, 0, 0),
(200080, 47316, 0, 0, 0),
(200080, 47432, 0, 0, 0),
(200080, 47451, 0, 0, 0),
(200080, 47464, 0, 0, 0),
(200080, 47734, 0, 0, 0),
(200080, 47735, 0, 0, 0),
(200080, 47879, 0, 0, 0),
(200080, 47880, 0, 0, 0),
(200080, 47881, 0, 0, 0),
(200080, 47882, 0, 0, 0),
(200080, 47946, 0, 0, 0),
(200080, 47947, 0, 0, 0),
(200080, 47948, 0, 0, 0),
(200080, 47949, 0, 0, 0),
(200080, 48018, 0, 0, 0),
(200080, 48019, 0, 0, 0),
(200080, 48020, 0, 0, 0),
(200080, 48021, 0, 0, 0),
(200080, 48722, 0, 0, 0),
(200080, 48724, 0, 0, 0),
(200080, 49074, 0, 0, 0),
(200080, 49080, 0, 0, 0),
(200080, 49487, 0, 0, 0);

REPLACE INTO `creature_template` (`entry`, `difficulty_entry_1`, `difficulty_entry_2`, `difficulty_entry_3`, `KillCredit1`, `KillCredit2`, `modelid1`, `modelid2`, `modelid3`, `modelid4`, `name`, `subname`, `IconName`, `gossip_menu_id`, `minlevel`, `maxlevel`, `exp`, `faction_A`, `faction_H`, `npcflag`, `scale`, `rank`, `mindmg`, `maxdmg`, `dmgschool`, `attackpower`, `dmg_multiplier`, `baseattacktime`, `rangeattacktime`, `unit_class`, `unit_flags`, `dynamicflags`, `family`, `trainer_type`, `trainer_spell`, `trainer_class`, `trainer_race`, `minrangedmg`, `maxrangedmg`, `rangedattackpower`, `type`, `type_flags`, `lootid`, `pickpocketloot`, `skinloot`, `resistance1`, `resistance2`, `resistance3`, `resistance4`, `resistance5`, `resistance6`, `spell1`, `spell2`, `spell3`, `spell4`, `spell5`, `spell6`, `spell7`, `spell8`, `PetSpellDataId`, `VehicleId`, `mingold`, `maxgold`, `AIName`, `MovementType`, `InhabitType`, `Health_mod`, `Mana_mod`, `RacialLeader`, `questItem1`, `questItem2`, `questItem3`, `questItem4`, `questItem5`, `questItem6`, `movementId`, `RegenHealth`, `equipment_id`, `mechanic_immune_mask`, `flags_extra`, `ScriptName`) VALUES (220004, 0, 0, 0, 0, 0, 28170, 0, 0, 0, 'Trinket 2', 'jewelery', '', 0, 80, 80, 0, 35, 35, 4224, 1, 1, 50, 150, 0, 1000, 1, 2000, 0, 1, 2, 0, 0, 0, 0, 0, 0, 0, 0, 0, 7, 2, 0, 0, 0, 0, 0, 0, 0, 0, 0, 0, 0, 0, 0, 0, 0, 0, 0, 0, 0, 0, 0, '', 0, 3, 10, 1, 0, 0, 0, 0, 0, 0, 0, 0, 1, 4493, 0, 0, '');

DELETE FROM `npc_vendor` WHERE (`entry`=220004);
INSERT INTO `npc_vendor` (entry, item, maxcount, incrtime, ExtendedCost) VALUES 
(220004, 50343, 0, 0, 0),
(220004, 50344, 0, 0, 0),
(220004, 50345, 0, 0, 0),
(220004, 50346, 0, 0, 0),
(220004, 50348, 0, 0, 0),
(220004, 50349, 0, 0, 0),
(220004, 50355, 0, 0, 0),
(220004, 50356, 0, 0, 0),
(220004, 50358, 0, 0, 0),
(220004, 50363, 0, 0, 0),
(220004, 50364, 0, 0, 0),
(220004, 50365, 0, 0, 0),
(220004, 50366, 0, 0, 0),
(220004, 50706, 0, 0, 0),
(220004, 50726, 0, 0, 0),
(220004, 51377, 0, 0, 0),
(220004, 51378, 0, 0, 0),
(220004, 54588, 0, 0, 0),
(220004, 54589, 0, 0, 0),
(220004, 54590, 0, 0, 0),
(220004, 54591, 0, 0, 0);

REPLACE INTO `creature_template` (`entry`, `difficulty_entry_1`, `difficulty_entry_2`, `difficulty_entry_3`, `KillCredit1`, `KillCredit2`, `modelid1`, `modelid2`, `modelid3`, `modelid4`, `name`, `subname`, `IconName`, `gossip_menu_id`, `minlevel`, `maxlevel`, `exp`, `faction_A`, `faction_H`, `npcflag`, `scale`, `rank`, `mindmg`, `maxdmg`, `dmgschool`, `attackpower`, `dmg_multiplier`, `baseattacktime`, `rangeattacktime`, `unit_class`, `unit_flags`, `dynamicflags`, `family`, `trainer_type`, `trainer_spell`, `trainer_class`, `trainer_race`, `minrangedmg`, `maxrangedmg`, `rangedattackpower`, `type`, `type_flags`, `lootid`, `pickpocketloot`, `skinloot`, `resistance1`, `resistance2`, `resistance3`, `resistance4`, `resistance5`, `resistance6`, `spell1`, `spell2`, `spell3`, `spell4`, `spell5`, `spell6`, `spell7`, `spell8`, `PetSpellDataId`, `VehicleId`, `mingold`, `maxgold`, `AIName`, `MovementType`, `InhabitType`, `Health_mod`, `Mana_mod`, `RacialLeader`, `questItem1`, `questItem2`, `questItem3`, `questItem4`, `questItem5`, `questItem6`, `movementId`, `RegenHealth`, `equipment_id`, `mechanic_immune_mask`, `flags_extra`, `ScriptName`) VALUES (200122, 0, 0, 0, 0, 0, 22209, 0, 22209, 0, 'Arrow/Bullet', 'Projectile', '', 0, 80, 80, 0, 35, 35, 4224, 1, 1, 50, 150, 0, 1000, 1, 2000, 0, 1, 2, 0, 0, 0, 0, 0, 0, 0, 0, 0, 7, 2, 0, 0, 0, 0, 0, 0, 0, 0, 0, 0, 0, 0, 0, 0, 0, 0, 0, 0, 0, 0, 0, '', 0, 3, 10, 1, 0, 0, 0, 0, 0, 0, 0, 0, 1, 547, 0, 0, '');

DELETE FROM `npc_vendor` WHERE (`entry`=200122);
INSERT INTO `npc_vendor` (entry, item, maxcount, incrtime, ExtendedCost) VALUES 
(200122, 52020, 0, 0, 0),
(200122, 52021, 0, 0, 0);

REPLACE INTO `creature_template` (`entry`, `difficulty_entry_1`, `difficulty_entry_2`, `difficulty_entry_3`, `KillCredit1`, `KillCredit2`, `modelid1`, `modelid2`, `modelid3`, `modelid4`, `name`, `subname`, `IconName`, `gossip_menu_id`, `minlevel`, `maxlevel`, `exp`, `faction_A`, `faction_H`, `npcflag`, `scale`, `rank`, `mindmg`, `maxdmg`, `dmgschool`, `attackpower`, `dmg_multiplier`, `baseattacktime`, `rangeattacktime`, `unit_class`, `unit_flags`, `dynamicflags`, `family`, `trainer_type`, `trainer_spell`, `trainer_class`, `trainer_race`, `minrangedmg`, `maxrangedmg`, `rangedattackpower`, `type`, `type_flags`, `lootid`, `pickpocketloot`, `skinloot`, `resistance1`, `resistance2`, `resistance3`, `resistance4`, `resistance5`, `resistance6`, `spell1`, `spell2`, `spell3`, `spell4`, `spell5`, `spell6`, `spell7`, `spell8`, `PetSpellDataId`, `VehicleId`, `mingold`, `maxgold`, `AIName`, `MovementType`, `InhabitType`, `Health_mod`, `Mana_mod`, `RacialLeader`, `questItem1`, `questItem2`, `questItem3`, `questItem4`, `questItem5`, `questItem6`, `movementId`, `RegenHealth`, `equipment_id`, `mechanic_immune_mask`, `flags_extra`, `ScriptName`) VALUES (200123, 0, 0, 0, 0, 0, 22209, 0, 22209, 0, 'Bag', 'Container', '', 0, 80, 80, 0, 35, 35, 4224, 1, 1, 50, 150, 0, 1000, 1, 2000, 0, 1, 2, 0, 0, 0, 0, 0, 0, 0, 0, 0, 7, 2, 0, 0, 0, 0, 0, 0, 0, 0, 0, 0, 0, 0, 0, 0, 0, 0, 0, 0, 0, 0, 0, '', 0, 3, 10, 1, 0, 0, 0, 0, 0, 0, 0, 0, 1, 547, 0, 0, '');

DELETE FROM `npc_vendor` WHERE (`entry`=200123);
INSERT INTO `npc_vendor` (entry, item, maxcount, incrtime, ExtendedCost) VALUES 
(200123, 23162, 0, 0, 0),
(200123, 38082, 0, 0, 0),
(200123, 51809, 0, 0, 0);

REPLACE INTO `creature_template` (`entry`, `difficulty_entry_1`, `difficulty_entry_2`, `difficulty_entry_3`, `KillCredit1`, `KillCredit2`, `modelid1`, `modelid2`, `modelid3`, `modelid4`, `name`, `subname`, `IconName`, `gossip_menu_id`, `minlevel`, `maxlevel`, `exp`, `faction_A`, `faction_H`, `npcflag`, `scale`, `rank`, `mindmg`, `maxdmg`, `dmgschool`, `attackpower`, `dmg_multiplier`, `baseattacktime`, `rangeattacktime`, `unit_class`, `unit_flags`, `dynamicflags`, `family`, `trainer_type`, `trainer_spell`, `trainer_class`, `trainer_race`, `minrangedmg`, `maxrangedmg`, `rangedattackpower`, `type`, `type_flags`, `lootid`, `pickpocketloot`, `skinloot`, `resistance1`, `resistance2`, `resistance3`, `resistance4`, `resistance5`, `resistance6`, `spell1`, `spell2`, `spell3`, `spell4`, `spell5`, `spell6`, `spell7`, `spell8`, `PetSpellDataId`, `VehicleId`, `mingold`, `maxgold`, `AIName`, `MovementType`, `InhabitType`, `Health_mod`, `Mana_mod`, `RacialLeader`, `questItem1`, `questItem2`, `questItem3`, `questItem4`, `questItem5`, `questItem6`, `movementId`, `RegenHealth`, `equipment_id`, `mechanic_immune_mask`, `flags_extra`, `ScriptName`) VALUES (200124, 0, 0, 0, 0, 0, 22209, 0, 22209, 0, 'Prof. bag', 'Container', '', 0, 80, 80, 0, 35, 35, 4224, 1, 1, 50, 150, 0, 1000, 1, 2000, 0, 1, 2, 0, 0, 0, 0, 0, 0, 0, 0, 0, 7, 2, 0, 0, 0, 0, 0, 0, 0, 0, 0, 0, 0, 0, 0, 0, 0, 0, 0, 0, 0, 0, 0, '', 0, 3, 10, 1, 0, 0, 0, 0, 0, 0, 0, 0, 1, 547, 0, 0, '');

DELETE FROM `npc_vendor` WHERE (`entry`=200124);
INSERT INTO `npc_vendor` (entry, item, maxcount, incrtime, ExtendedCost) VALUES 
(200124, 23775, 0, 0, 0),
(200124, 38347, 0, 0, 0),
(200124, 38399, 0, 0, 0),
(200124, 41597, 0, 0, 0),
(200124, 41598, 0, 0, 0),
(200124, 44446, 0, 0, 0),
(200124, 45773, 0, 0, 0);

REPLACE INTO `creature_template` (`entry`, `difficulty_entry_1`, `difficulty_entry_2`, `difficulty_entry_3`, `KillCredit1`, `KillCredit2`, `modelid1`, `modelid2`, `modelid3`, `modelid4`, `name`, `subname`, `IconName`, `gossip_menu_id`, `minlevel`, `maxlevel`, `exp`, `faction_A`, `faction_H`, `npcflag`, `scale`, `rank`, `mindmg`, `maxdmg`, `dmgschool`, `attackpower`, `dmg_multiplier`, `baseattacktime`, `rangeattacktime`, `unit_class`, `unit_flags`, `dynamicflags`, `family`, `trainer_type`, `trainer_spell`, `trainer_class`, `trainer_race`, `minrangedmg`, `maxrangedmg`, `rangedattackpower`, `type`, `type_flags`, `lootid`, `pickpocketloot`, `skinloot`, `resistance1`, `resistance2`, `resistance3`, `resistance4`, `resistance5`, `resistance6`, `spell1`, `spell2`, `spell3`, `spell4`, `spell5`, `spell6`, `spell7`, `spell8`, `PetSpellDataId`, `VehicleId`, `mingold`, `maxgold`, `AIName`, `MovementType`, `InhabitType`, `Health_mod`, `Mana_mod`, `RacialLeader`, `questItem1`, `questItem2`, `questItem3`, `questItem4`, `questItem5`, `questItem6`, `movementId`, `RegenHealth`, `equipment_id`, `mechanic_immune_mask`, `flags_extra`, `ScriptName`) VALUES (200125, 0, 0, 0, 0, 0, 22209, 0, 22209, 0, 'Ammo quiver', 'Container', '', 0, 80, 80, 0, 35, 35, 4224, 1, 1, 50, 150, 0, 1000, 1, 2000, 0, 1, 2, 0, 0, 0, 0, 0, 0, 0, 0, 0, 7, 2, 0, 0, 0, 0, 0, 0, 0, 0, 0, 0, 0, 0, 0, 0, 0, 0, 0, 0, 0, 0, 0, '', 0, 3, 10, 1, 0, 0, 0, 0, 0, 0, 0, 0, 1, 547, 0, 0, '');

DELETE FROM `npc_vendor` WHERE (`entry`=200125);
INSERT INTO `npc_vendor` (entry, item, maxcount, incrtime, ExtendedCost) VALUES 
(200125, 41597, 0, 0, 0),
(200125, 44447, 0, 0, 0),
(200125, 44448, 0, 0, 0);

REPLACE INTO `creature_template` (`entry`, `difficulty_entry_1`, `difficulty_entry_2`, `difficulty_entry_3`, `KillCredit1`, `KillCredit2`, `modelid1`, `modelid2`, `modelid3`, `modelid4`, `name`, `subname`, `IconName`, `gossip_menu_id`, `minlevel`, `maxlevel`, `exp`, `faction_A`, `faction_H`, `npcflag`, `scale`, `rank`, `mindmg`, `maxdmg`, `dmgschool`, `attackpower`, `dmg_multiplier`, `baseattacktime`, `rangeattacktime`, `unit_class`, `unit_flags`, `dynamicflags`, `family`, `trainer_type`, `trainer_spell`, `trainer_class`, `trainer_race`, `minrangedmg`, `maxrangedmg`, `rangedattackpower`, `type`, `type_flags`, `lootid`, `pickpocketloot`, `skinloot`, `resistance1`, `resistance2`, `resistance3`, `resistance4`, `resistance5`, `resistance6`, `spell1`, `spell2`, `spell3`, `spell4`, `spell5`, `spell6`, `spell7`, `spell8`, `PetSpellDataId`, `VehicleId`, `mingold`, `maxgold`, `AIName`, `MovementType`, `InhabitType`, `Health_mod`, `Mana_mod`, `RacialLeader`, `questItem1`, `questItem2`, `questItem3`, `questItem4`, `questItem5`, `questItem6`, `movementId`, `RegenHealth`, `equipment_id`, `mechanic_immune_mask`, `flags_extra`, `ScriptName`) VALUES (200126, 0, 0, 0, 0, 0, 22209, 0, 22209, 0, 'Key', 'Key', '', 0, 80, 80, 0, 35, 35, 4224, 1, 1, 50, 150, 0, 1000, 1, 2000, 0, 1, 2, 0, 0, 0, 0, 0, 0, 0, 0, 0, 7, 2, 0, 0, 0, 0, 0, 0, 0, 0, 0, 0, 0, 0, 0, 0, 0, 0, 0, 0, 0, 0, 0, '', 0, 3, 10, 1, 0, 0, 0, 0, 0, 0, 0, 0, 1, 547, 0, 0, '');

DELETE FROM `npc_vendor` WHERE (`entry`=200126);
INSERT INTO `npc_vendor` (entry, item, maxcount, incrtime, ExtendedCost) VALUES 
(200126, 6893, 0, 0, 0),
(200126, 7146, 0, 0, 0),
(200126, 11000, 0, 0, 0),
(200126, 12382, 0, 0, 0),
(200126, 13704, 0, 0, 0),
(200126, 18249, 0, 0, 0),
(200126, 24490, 0, 0, 0),
(200126, 27991, 0, 0, 0),
(200126, 28395, 0, 0, 0),
(200126, 30633, 0, 0, 0),
(200126, 30635, 0, 0, 0),
(200126, 31084, 0, 0, 0),
(200126, 38555, 0, 0, 0),
(200126, 42482, 0, 0, 0),
(200126, 43650, 0, 0, 0),
(200126, 44581, 0, 0, 0),
(200126, 44582, 0, 0, 0),
(200126, 45796, 0, 0, 0);

REPLACE INTO `creature_template` (`entry`, `difficulty_entry_1`, `difficulty_entry_2`, `difficulty_entry_3`, `KillCredit1`, `KillCredit2`, `modelid1`, `modelid2`, `modelid3`, `modelid4`, `name`, `subname`, `IconName`, `gossip_menu_id`, `minlevel`, `maxlevel`, `exp`, `faction_A`, `faction_H`, `npcflag`, `scale`, `rank`, `mindmg`, `maxdmg`, `dmgschool`, `attackpower`, `dmg_multiplier`, `baseattacktime`, `rangeattacktime`, `unit_class`, `unit_flags`, `dynamicflags`, `family`, `trainer_type`, `trainer_spell`, `trainer_class`, `trainer_race`, `minrangedmg`, `maxrangedmg`, `rangedattackpower`, `type`, `type_flags`, `lootid`, `pickpocketloot`, `skinloot`, `resistance1`, `resistance2`, `resistance3`, `resistance4`, `resistance5`, `resistance6`, `spell1`, `spell2`, `spell3`, `spell4`, `spell5`, `spell6`, `spell7`, `spell8`, `PetSpellDataId`, `VehicleId`, `mingold`, `maxgold`, `AIName`, `MovementType`, `InhabitType`, `Health_mod`, `Mana_mod`, `RacialLeader`, `questItem1`, `questItem2`, `questItem3`, `questItem4`, `questItem5`, `questItem6`, `movementId`, `RegenHealth`, `equipment_id`, `mechanic_immune_mask`, `flags_extra`, `ScriptName`) VALUES (200121, 0, 0, 0, 0, 0, 657, 0, 657, 0, 'Simple/Prismatic', 'gemstone', '', 0, 80, 80, 0, 35, 35, 4224, 1, 1, 50, 150, 0, 1000, 1, 2000, 0, 1, 2, 0, 0, 0, 0, 0, 0, 0, 0, 0, 7, 2, 0, 0, 0, 0, 0, 0, 0, 0, 0, 0, 0, 0, 0, 0, 0, 0, 0, 0, 0, 0, 0, '', 0, 3, 10, 1, 0, 0, 0, 0, 0, 0, 0, 0, 1, 0, 0, 0, '');

DELETE FROM `npc_vendor` WHERE (`entry`=200121);
INSERT INTO `npc_vendor` (entry, item, maxcount, incrtime, ExtendedCost) VALUES 
(200121, 36766, 0, 0, 0),
(200121, 36767, 0, 0, 0),
(200121, 42142, 0, 0, 0),
(200121, 42143, 0, 0, 0),
(200121, 42144, 0, 0, 0),
(200121, 42145, 0, 0, 0),
(200121, 42146, 0, 0, 0),
(200121, 42148, 0, 0, 0),
(200121, 42149, 0, 0, 0),
(200121, 42150, 0, 0, 0),
(200121, 42151, 0, 0, 0),
(200121, 42152, 0, 0, 0),
(200121, 42153, 0, 0, 0),
(200121, 42154, 0, 0, 0),
(200121, 42155, 0, 0, 0),
(200121, 42156, 0, 0, 0),
(200121, 42157, 0, 0, 0),
(200121, 42158, 0, 0, 0),
(200121, 42225, 0, 0, 0),
(200121, 49110, 0, 0, 0);

REPLACE INTO `creature_template` (`entry`, `difficulty_entry_1`, `difficulty_entry_2`, `difficulty_entry_3`, `KillCredit1`, `KillCredit2`, `modelid1`, `modelid2`, `modelid3`, `modelid4`, `name`, `subname`, `IconName`, `gossip_menu_id`, `minlevel`, `maxlevel`, `exp`, `faction_A`, `faction_H`, `npcflag`, `scale`, `rank`, `mindmg`, `maxdmg`, `dmgschool`, `attackpower`, `dmg_multiplier`, `baseattacktime`, `rangeattacktime`, `unit_class`, `unit_flags`, `dynamicflags`, `family`, `trainer_type`, `trainer_spell`, `trainer_class`, `trainer_race`, `minrangedmg`, `maxrangedmg`, `rangedattackpower`, `type`, `type_flags`, `lootid`, `pickpocketloot`, `skinloot`, `resistance1`, `resistance2`, `resistance3`, `resistance4`, `resistance5`, `resistance6`, `spell1`, `spell2`, `spell3`, `spell4`, `spell5`, `spell6`, `spell7`, `spell8`, `PetSpellDataId`, `VehicleId`, `mingold`, `maxgold`, `AIName`, `MovementType`, `InhabitType`, `Health_mod`, `Mana_mod`, `RacialLeader`, `questItem1`, `questItem2`, `questItem3`, `questItem4`, `questItem5`, `questItem6`, `movementId`, `RegenHealth`, `equipment_id`, `mechanic_immune_mask`, `flags_extra`, `ScriptName`) VALUES (200120, 0, 0, 0, 0, 0, 657, 0, 657, 0, 'META', 'gemstone', '', 0, 80, 80, 0, 35, 35, 4224, 1, 1, 50, 150, 0, 1000, 1, 2000, 0, 1, 2, 0, 0, 0, 0, 0, 0, 0, 0, 0, 7, 2, 0, 0, 0, 0, 0, 0, 0, 0, 0, 0, 0, 0, 0, 0, 0, 0, 0, 0, 0, 0, 0, '', 0, 3, 10, 1, 0, 0, 0, 0, 0, 0, 0, 0, 1, 0, 0, 0, '');

DELETE FROM `npc_vendor` WHERE (`entry`=200120);
INSERT INTO `npc_vendor` (entry, item, maxcount, incrtime, ExtendedCost) VALUES 
(200120, 41266, 0, 0, 0),
(200120, 41285, 0, 0, 0),
(200120, 41307, 0, 0, 0),
(200120, 41333, 0, 0, 0),
(200120, 41334, 0, 0, 0),
(200120, 41335, 0, 0, 0),
(200120, 41339, 0, 0, 0),
(200120, 41375, 0, 0, 0),
(200120, 41376, 0, 0, 0),
(200120, 41377, 0, 0, 0),
(200120, 41378, 0, 0, 0),
(200120, 41379, 0, 0, 0),
(200120, 41380, 0, 0, 0),
(200120, 41381, 0, 0, 0),
(200120, 41382, 0, 0, 0),
(200120, 41385, 0, 0, 0),
(200120, 41389, 0, 0, 0),
(200120, 41395, 0, 0, 0),
(200120, 41396, 0, 0, 0),
(200120, 41397, 0, 0, 0),
(200120, 41398, 0, 0, 0),
(200120, 41400, 0, 0, 0),
(200120, 41401, 0, 0, 0),
(200120, 44076, 0, 0, 0),
(200120, 44078, 0, 0, 0),
(200120, 44081, 0, 0, 0),
(200120, 44082, 0, 0, 0),
(200120, 44084, 0, 0, 0),
(200120, 44087, 0, 0, 0),
(200120, 44088, 0, 0, 0),
(200120, 44089, 0, 0, 0);

REPLACE INTO `creature_template` (`entry`, `difficulty_entry_1`, `difficulty_entry_2`, `difficulty_entry_3`, `KillCredit1`, `KillCredit2`, `modelid1`, `modelid2`, `modelid3`, `modelid4`, `name`, `subname`, `IconName`, `gossip_menu_id`, `minlevel`, `maxlevel`, `exp`, `faction_A`, `faction_H`, `npcflag`, `scale`, `rank`, `mindmg`, `maxdmg`, `dmgschool`, `attackpower`, `dmg_multiplier`, `baseattacktime`, `rangeattacktime`, `unit_class`, `unit_flags`, `dynamicflags`, `family`, `trainer_type`, `trainer_spell`, `trainer_class`, `trainer_race`, `minrangedmg`, `maxrangedmg`, `rangedattackpower`, `type`, `type_flags`, `lootid`, `pickpocketloot`, `skinloot`, `resistance1`, `resistance2`, `resistance3`, `resistance4`, `resistance5`, `resistance6`, `spell1`, `spell2`, `spell3`, `spell4`, `spell5`, `spell6`, `spell7`, `spell8`, `PetSpellDataId`, `VehicleId`, `mingold`, `maxgold`, `AIName`, `MovementType`, `InhabitType`, `Health_mod`, `Mana_mod`, `RacialLeader`, `questItem1`, `questItem2`, `questItem3`, `questItem4`, `questItem5`, `questItem6`, `movementId`, `RegenHealth`, `equipment_id`, `mechanic_immune_mask`, `flags_extra`, `ScriptName`) VALUES (200119, 0, 0, 0, 0, 0, 657, 0, 657, 0, 'ORANGE', 'gemstone', '', 0, 80, 80, 0, 35, 35, 4224, 1, 1, 50, 150, 0, 1000, 1, 2000, 0, 1, 2, 0, 0, 0, 0, 0, 0, 0, 0, 0, 7, 2, 0, 0, 0, 0, 0, 0, 0, 0, 0, 0, 0, 0, 0, 0, 0, 0, 0, 0, 0, 0, 0, '', 0, 3, 10, 1, 0, 0, 0, 0, 0, 0, 0, 0, 1, 0, 0, 0, '');

DELETE FROM `npc_vendor` WHERE (`entry`=200119);
INSERT INTO `npc_vendor` (entry, item, maxcount, incrtime, ExtendedCost) VALUES 
(200119, 36931, 0, 0, 0),
(200119, 40142, 0, 0, 0),
(200119, 40143, 0, 0, 0),
(200119, 40144, 0, 0, 0),
(200119, 40145, 0, 0, 0),
(200119, 40146, 0, 0, 0),
(200119, 40147, 0, 0, 0),
(200119, 40148, 0, 0, 0),
(200119, 40149, 0, 0, 0),
(200119, 40150, 0, 0, 0),
(200119, 40151, 0, 0, 0),
(200119, 40152, 0, 0, 0),
(200119, 40153, 0, 0, 0),
(200119, 40154, 0, 0, 0),
(200119, 40155, 0, 0, 0),
(200119, 40156, 0, 0, 0),
(200119, 40157, 0, 0, 0),
(200119, 40158, 0, 0, 0),
(200119, 40159, 0, 0, 0),
(200119, 40160, 0, 0, 0),
(200119, 40161, 0, 0, 0),
(200119, 40162, 0, 0, 0),
(200119, 40163, 0, 0, 0);

REPLACE INTO `creature_template` (`entry`, `difficulty_entry_1`, `difficulty_entry_2`, `difficulty_entry_3`, `KillCredit1`, `KillCredit2`, `modelid1`, `modelid2`, `modelid3`, `modelid4`, `name`, `subname`, `IconName`, `gossip_menu_id`, `minlevel`, `maxlevel`, `exp`, `faction_A`, `faction_H`, `npcflag`, `scale`, `rank`, `mindmg`, `maxdmg`, `dmgschool`, `attackpower`, `dmg_multiplier`, `baseattacktime`, `rangeattacktime`, `unit_class`, `unit_flags`, `dynamicflags`, `family`, `trainer_type`, `trainer_spell`, `trainer_class`, `trainer_race`, `minrangedmg`, `maxrangedmg`, `rangedattackpower`, `type`, `type_flags`, `lootid`, `pickpocketloot`, `skinloot`, `resistance1`, `resistance2`, `resistance3`, `resistance4`, `resistance5`, `resistance6`, `spell1`, `spell2`, `spell3`, `spell4`, `spell5`, `spell6`, `spell7`, `spell8`, `PetSpellDataId`, `VehicleId`, `mingold`, `maxgold`, `AIName`, `MovementType`, `InhabitType`, `Health_mod`, `Mana_mod`, `RacialLeader`, `questItem1`, `questItem2`, `questItem3`, `questItem4`, `questItem5`, `questItem6`, `movementId`, `RegenHealth`, `equipment_id`, `mechanic_immune_mask`, `flags_extra`, `ScriptName`) VALUES (200118, 0, 0, 0, 0, 0, 657, 0, 657, 0, 'GREEN', 'gemstone', '', 0, 80, 80, 0, 35, 35, 4224, 1, 1, 50, 150, 0, 1000, 1, 2000, 0, 1, 2, 0, 0, 0, 0, 0, 0, 0, 0, 0, 7, 2, 0, 0, 0, 0, 0, 0, 0, 0, 0, 0, 0, 0, 0, 0, 0, 0, 0, 0, 0, 0, 0, '', 0, 3, 10, 1, 0, 0, 0, 0, 0, 0, 0, 0, 1, 0, 0, 0, '');

DELETE FROM `npc_vendor` WHERE (`entry`=200118);
INSERT INTO `npc_vendor` (entry, item, maxcount, incrtime, ExtendedCost) VALUES 
(200118, 36934, 0, 0, 0),
(200118, 40164, 0, 0, 0),
(200118, 40165, 0, 0, 0),
(200118, 40166, 0, 0, 0),
(200118, 40167, 0, 0, 0),
(200118, 40168, 0, 0, 0),
(200118, 40169, 0, 0, 0),
(200118, 40170, 0, 0, 0),
(200118, 40171, 0, 0, 0),
(200118, 40172, 0, 0, 0),
(200118, 40173, 0, 0, 0),
(200118, 40174, 0, 0, 0),
(200118, 40175, 0, 0, 0),
(200118, 40176, 0, 0, 0),
(200118, 40177, 0, 0, 0),
(200118, 40178, 0, 0, 0),
(200118, 40179, 0, 0, 0),
(200118, 40180, 0, 0, 0),
(200118, 40181, 0, 0, 0),
(200118, 40182, 0, 0, 0);

REPLACE INTO `creature_template` (`entry`, `difficulty_entry_1`, `difficulty_entry_2`, `difficulty_entry_3`, `KillCredit1`, `KillCredit2`, `modelid1`, `modelid2`, `modelid3`, `modelid4`, `name`, `subname`, `IconName`, `gossip_menu_id`, `minlevel`, `maxlevel`, `exp`, `faction_A`, `faction_H`, `npcflag`, `scale`, `rank`, `mindmg`, `maxdmg`, `dmgschool`, `attackpower`, `dmg_multiplier`, `baseattacktime`, `rangeattacktime`, `unit_class`, `unit_flags`, `dynamicflags`, `family`, `trainer_type`, `trainer_spell`, `trainer_class`, `trainer_race`, `minrangedmg`, `maxrangedmg`, `rangedattackpower`, `type`, `type_flags`, `lootid`, `pickpocketloot`, `skinloot`, `resistance1`, `resistance2`, `resistance3`, `resistance4`, `resistance5`, `resistance6`, `spell1`, `spell2`, `spell3`, `spell4`, `spell5`, `spell6`, `spell7`, `spell8`, `PetSpellDataId`, `VehicleId`, `mingold`, `maxgold`, `AIName`, `MovementType`, `InhabitType`, `Health_mod`, `Mana_mod`, `RacialLeader`, `questItem1`, `questItem2`, `questItem3`, `questItem4`, `questItem5`, `questItem6`, `movementId`, `RegenHealth`, `equipment_id`, `mechanic_immune_mask`, `flags_extra`, `ScriptName`) VALUES (200117, 0, 0, 0, 0, 0, 657, 0, 657, 0, 'PURPLE', 'gemstone', '', 0, 80, 80, 0, 35, 35, 4224, 1, 1, 50, 150, 0, 1000, 1, 2000, 0, 1, 2, 0, 0, 0, 0, 0, 0, 0, 0, 0, 7, 2, 0, 0, 0, 0, 0, 0, 0, 0, 0, 0, 0, 0, 0, 0, 0, 0, 0, 0, 0, 0, 0, '', 0, 3, 10, 1, 0, 0, 0, 0, 0, 0, 0, 0, 1, 0, 0, 0, '');

DELETE FROM `npc_vendor` WHERE (`entry`=200117);
INSERT INTO `npc_vendor` (entry, item, maxcount, incrtime, ExtendedCost) VALUES 
(200117, 36928, 0, 0, 0),
(200117, 40129, 0, 0, 0),
(200117, 40130, 0, 0, 0),
(200117, 40131, 0, 0, 0),
(200117, 40132, 0, 0, 0),
(200117, 40133, 0, 0, 0),
(200117, 40134, 0, 0, 0),
(200117, 40135, 0, 0, 0),
(200117, 40136, 0, 0, 0),
(200117, 40137, 0, 0, 0),
(200117, 40138, 0, 0, 0),
(200117, 40139, 0, 0, 0),
(200117, 40140, 0, 0, 0),
(200117, 40141, 0, 0, 0);

REPLACE INTO `creature_template` (`entry`, `difficulty_entry_1`, `difficulty_entry_2`, `difficulty_entry_3`, `KillCredit1`, `KillCredit2`, `modelid1`, `modelid2`, `modelid3`, `modelid4`, `name`, `subname`, `IconName`, `gossip_menu_id`, `minlevel`, `maxlevel`, `exp`, `faction_A`, `faction_H`, `npcflag`, `scale`, `rank`, `mindmg`, `maxdmg`, `dmgschool`, `attackpower`, `dmg_multiplier`, `baseattacktime`, `rangeattacktime`, `unit_class`, `unit_flags`, `dynamicflags`, `family`, `trainer_type`, `trainer_spell`, `trainer_class`, `trainer_race`, `minrangedmg`, `maxrangedmg`, `rangedattackpower`, `type`, `type_flags`, `lootid`, `pickpocketloot`, `skinloot`, `resistance1`, `resistance2`, `resistance3`, `resistance4`, `resistance5`, `resistance6`, `spell1`, `spell2`, `spell3`, `spell4`, `spell5`, `spell6`, `spell7`, `spell8`, `PetSpellDataId`, `VehicleId`, `mingold`, `maxgold`, `AIName`, `MovementType`, `InhabitType`, `Health_mod`, `Mana_mod`, `RacialLeader`, `questItem1`, `questItem2`, `questItem3`, `questItem4`, `questItem5`, `questItem6`, `movementId`, `RegenHealth`, `equipment_id`, `mechanic_immune_mask`, `flags_extra`, `ScriptName`) VALUES (200116, 0, 0, 0, 0, 0, 657, 0, 657, 0, 'YELLOW', 'gemstone', '', 0, 80, 80, 0, 35, 35, 4224, 1, 1, 50, 150, 0, 1000, 1, 2000, 0, 1, 2, 0, 0, 0, 0, 0, 0, 0, 0, 0, 7, 2, 0, 0, 0, 0, 0, 0, 0, 0, 0, 0, 0, 0, 0, 0, 0, 0, 0, 0, 0, 0, 0, '', 0, 3, 10, 1, 0, 0, 0, 0, 0, 0, 0, 0, 1, 0, 0, 0, '');

DELETE FROM `npc_vendor` WHERE (`entry`=200116);
INSERT INTO `npc_vendor` (entry, item, maxcount, incrtime, ExtendedCost) VALUES 
(200116, 36922, 0, 0, 0),
(200116, 40123, 0, 0, 0),
(200116, 40124, 0, 0, 0),
(200116, 40125, 0, 0, 0),
(200116, 40126, 0, 0, 0),
(200116, 40127, 0, 0, 0),
(200116, 40128, 0, 0, 0),
(200116, 45882, 0, 0, 0),
(200116, 45987, 0, 0, 0);

REPLACE INTO `creature_template` (`entry`, `difficulty_entry_1`, `difficulty_entry_2`, `difficulty_entry_3`, `KillCredit1`, `KillCredit2`, `modelid1`, `modelid2`, `modelid3`, `modelid4`, `name`, `subname`, `IconName`, `gossip_menu_id`, `minlevel`, `maxlevel`, `exp`, `faction_A`, `faction_H`, `npcflag`, `scale`, `rank`, `mindmg`, `maxdmg`, `dmgschool`, `attackpower`, `dmg_multiplier`, `baseattacktime`, `rangeattacktime`, `unit_class`, `unit_flags`, `dynamicflags`, `family`, `trainer_type`, `trainer_spell`, `trainer_class`, `trainer_race`, `minrangedmg`, `maxrangedmg`, `rangedattackpower`, `type`, `type_flags`, `lootid`, `pickpocketloot`, `skinloot`, `resistance1`, `resistance2`, `resistance3`, `resistance4`, `resistance5`, `resistance6`, `spell1`, `spell2`, `spell3`, `spell4`, `spell5`, `spell6`, `spell7`, `spell8`, `PetSpellDataId`, `VehicleId`, `mingold`, `maxgold`, `AIName`, `MovementType`, `InhabitType`, `Health_mod`, `Mana_mod`, `RacialLeader`, `questItem1`, `questItem2`, `questItem3`, `questItem4`, `questItem5`, `questItem6`, `movementId`, `RegenHealth`, `equipment_id`, `mechanic_immune_mask`, `flags_extra`, `ScriptName`) VALUES (200115, 0, 0, 0, 0, 0, 657, 0, 657, 0, 'BLUE', 'gemstone', '', 0, 80, 80, 0, 35, 35, 4224, 1, 1, 50, 150, 0, 1000, 1, 2000, 0, 1, 2, 0, 0, 0, 0, 0, 0, 0, 0, 0, 7, 2, 0, 0, 0, 0, 0, 0, 0, 0, 0, 0, 0, 0, 0, 0, 0, 0, 0, 0, 0, 0, 0, '', 0, 3, 10, 1, 0, 0, 0, 0, 0, 0, 0, 0, 1, 0, 0, 0, '');

DELETE FROM `npc_vendor` WHERE (`entry`=200115);
INSERT INTO `npc_vendor` (entry, item, maxcount, incrtime, ExtendedCost) VALUES 
(200115, 36925, 0, 0, 0),
(200115, 40119, 0, 0, 0),
(200115, 40120, 0, 0, 0),
(200115, 40121, 0, 0, 0),
(200115, 40122, 0, 0, 0),
(200115, 45880, 0, 0, 0),
(200115, 45881, 0, 0, 0);

REPLACE INTO `creature_template` (`entry`, `difficulty_entry_1`, `difficulty_entry_2`, `difficulty_entry_3`, `KillCredit1`, `KillCredit2`, `modelid1`, `modelid2`, `modelid3`, `modelid4`, `name`, `subname`, `IconName`, `gossip_menu_id`, `minlevel`, `maxlevel`, `exp`, `faction_A`, `faction_H`, `npcflag`, `scale`, `rank`, `mindmg`, `maxdmg`, `dmgschool`, `attackpower`, `dmg_multiplier`, `baseattacktime`, `rangeattacktime`, `unit_class`, `unit_flags`, `dynamicflags`, `family`, `trainer_type`, `trainer_spell`, `trainer_class`, `trainer_race`, `minrangedmg`, `maxrangedmg`, `rangedattackpower`, `type`, `type_flags`, `lootid`, `pickpocketloot`, `skinloot`, `resistance1`, `resistance2`, `resistance3`, `resistance4`, `resistance5`, `resistance6`, `spell1`, `spell2`, `spell3`, `spell4`, `spell5`, `spell6`, `spell7`, `spell8`, `PetSpellDataId`, `VehicleId`, `mingold`, `maxgold`, `AIName`, `MovementType`, `InhabitType`, `Health_mod`, `Mana_mod`, `RacialLeader`, `questItem1`, `questItem2`, `questItem3`, `questItem4`, `questItem5`, `questItem6`, `movementId`, `RegenHealth`, `equipment_id`, `mechanic_immune_mask`, `flags_extra`, `ScriptName`) VALUES (200114, 0, 0, 0, 0, 0, 657, 0, 657, 0, 'RED', 'gemstone', '', 0, 80, 80, 0, 35, 35, 4224, 1, 1, 50, 150, 0, 1000, 1, 2000, 0, 1, 2, 0, 0, 0, 0, 0, 0, 0, 0, 0, 7, 2, 0, 0, 0, 0, 0, 0, 0, 0, 0, 0, 0, 0, 0, 0, 0, 0, 0, 0, 0, 0, 0, '', 0, 3, 10, 1, 0, 0, 0, 0, 0, 0, 0, 0, 1, 0, 0, 0, '');

DELETE FROM `npc_vendor` WHERE (`entry`=200114);
INSERT INTO `npc_vendor` (entry, item, maxcount, incrtime, ExtendedCost) VALUES 
(200114, 36919, 0, 0, 0),
(200114, 40111, 0, 0, 0),
(200114, 40112, 0, 0, 0),
(200114, 40113, 0, 0, 0),
(200114, 40114, 0, 0, 0),
(200114, 40115, 0, 0, 0),
(200114, 40116, 0, 0, 0),
(200114, 40117, 0, 0, 0),
(200114, 40118, 0, 0, 0),
(200114, 45862, 0, 0, 0),
(200114, 45879, 0, 0, 0),
(200114, 45883, 0, 0, 0);

REPLACE INTO `creature_template` (`entry`, `difficulty_entry_1`, `difficulty_entry_2`, `difficulty_entry_3`, `KillCredit1`, `KillCredit2`, `modelid1`, `modelid2`, `modelid3`, `modelid4`, `name`, `subname`, `IconName`, `gossip_menu_id`, `minlevel`, `maxlevel`, `exp`, `faction_A`, `faction_H`, `npcflag`, `scale`, `rank`, `mindmg`, `maxdmg`, `dmgschool`, `attackpower`, `dmg_multiplier`, `baseattacktime`, `rangeattacktime`, `unit_class`, `unit_flags`, `dynamicflags`, `family`, `trainer_type`, `trainer_spell`, `trainer_class`, `trainer_race`, `minrangedmg`, `maxrangedmg`, `rangedattackpower`, `type`, `type_flags`, `lootid`, `pickpocketloot`, `skinloot`, `resistance1`, `resistance2`, `resistance3`, `resistance4`, `resistance5`, `resistance6`, `spell1`, `spell2`, `spell3`, `spell4`, `spell5`, `spell6`, `spell7`, `spell8`, `PetSpellDataId`, `VehicleId`, `mingold`, `maxgold`, `AIName`, `MovementType`, `InhabitType`, `Health_mod`, `Mana_mod`, `RacialLeader`, `questItem1`, `questItem2`, `questItem3`, `questItem4`, `questItem5`, `questItem6`, `movementId`, `RegenHealth`, `equipment_id`, `mechanic_immune_mask`, `flags_extra`, `ScriptName`) VALUES (200142, 0, 0, 0, 0, 0, 23156, 0, 0, 0, 'Enchanting/Materials', 'Trade Goods', '', 0, 83, 83, 0, 35, 35, 4224, 1, 2, 50, 150, 0, 1000, 1000, 2000, 0, 1, 2, 0, 0, 0, 0, 0, 0, 0, 0, 0, 7, 2, 0, 0, 0, 0, 0, 0, 0, 0, 0, 0, 0, 0, 0, 0, 0, 0, 0, 0, 0, 0, 0, '', 0, 3, 100, 1, 0, 0, 0, 0, 0, 0, 0, 0, 1, 4430, 0, 0, '');

DELETE FROM `npc_vendor` WHERE (`entry`=200142);
INSERT INTO `npc_vendor` (entry, item, maxcount, incrtime, ExtendedCost) VALUES 
(200142, 10940, 0, 0, 0),
(200142, 34052, 0, 0, 0),
(200142, 34053, 0, 0, 0),
(200142, 34054, 0, 0, 0),
(200142, 34056, 0, 0, 0),
(200142, 34057, 0, 0, 0),
(200142, 41745, 0, 0, 0),
(200142, 44452, 0, 0, 0),
(200142, 46849, 0, 0, 0),
(200142, 49640, 0, 0, 0);

REPLACE INTO `creature_template` (`entry`, `difficulty_entry_1`, `difficulty_entry_2`, `difficulty_entry_3`, `KillCredit1`, `KillCredit2`, `modelid1`, `modelid2`, `modelid3`, `modelid4`, `name`, `subname`, `IconName`, `gossip_menu_id`, `minlevel`, `maxlevel`, `exp`, `faction_A`, `faction_H`, `npcflag`, `scale`, `rank`, `mindmg`, `maxdmg`, `dmgschool`, `attackpower`, `dmg_multiplier`, `baseattacktime`, `rangeattacktime`, `unit_class`, `unit_flags`, `dynamicflags`, `family`, `trainer_type`, `trainer_spell`, `trainer_class`, `trainer_race`, `minrangedmg`, `maxrangedmg`, `rangedattackpower`, `type`, `type_flags`, `lootid`, `pickpocketloot`, `skinloot`, `resistance1`, `resistance2`, `resistance3`, `resistance4`, `resistance5`, `resistance6`, `spell1`, `spell2`, `spell3`, `spell4`, `spell5`, `spell6`, `spell7`, `spell8`, `PetSpellDataId`, `VehicleId`, `mingold`, `maxgold`, `AIName`, `MovementType`, `InhabitType`, `Health_mod`, `Mana_mod`, `RacialLeader`, `questItem1`, `questItem2`, `questItem3`, `questItem4`, `questItem5`, `questItem6`, `movementId`, `RegenHealth`, `equipment_id`, `mechanic_immune_mask`, `flags_extra`, `ScriptName`) VALUES (200141, 0, 0, 0, 0, 0, 23156, 0, 0, 0, 'Elemental/Other', 'Trade Goods', '', 0, 83, 83, 0, 35, 35, 4224, 1, 2, 50, 150, 0, 1000, 1000, 2000, 0, 1, 2, 0, 0, 0, 0, 0, 0, 0, 0, 0, 7, 2, 0, 0, 0, 0, 0, 0, 0, 0, 0, 0, 0, 0, 0, 0, 0, 0, 0, 0, 0, 0, 0, '', 0, 3, 100, 1, 0, 0, 0, 0, 0, 0, 0, 0, 1, 4430, 0, 0, '');

DELETE FROM `npc_vendor` WHERE (`entry`=200141);
INSERT INTO `npc_vendor` (entry, item, maxcount, incrtime, ExtendedCost) VALUES 
(200141, 34055, 0, 0, 0),
(200141, 35622, 0, 0, 0),
(200141, 35623, 0, 0, 0),
(200141, 35624, 0, 0, 0),
(200141, 35625, 0, 0, 0),
(200141, 35627, 0, 0, 0),
(200141, 36781, 0, 0, 0),
(200141, 36860, 0, 0, 0),
(200141, 37145, 0, 0, 0),
(200141, 37147, 0, 0, 0),
(200141, 37159, 0, 0, 0),
(200141, 37160, 0, 0, 0),
(200141, 37164, 0, 0, 0),
(200141, 37168, 0, 0, 0),
(200141, 37700, 0, 0, 0),
(200141, 37701, 0, 0, 0),
(200141, 37702, 0, 0, 0),
(200141, 37703, 0, 0, 0),
(200141, 37704, 0, 0, 0),
(200141, 37705, 0, 0, 0),
(200141, 39151, 0, 0, 0),
(200141, 39334, 0, 0, 0),
(200141, 39338, 0, 0, 0),
(200141, 39339, 0, 0, 0),
(200141, 39340, 0, 0, 0),
(200141, 39341, 0, 0, 0),
(200141, 39342, 0, 0, 0),
(200141, 39343, 0, 0, 0),
(200141, 39354, 0, 0, 0),
(200141, 39501, 0, 0, 0),
(200141, 39502, 0, 0, 0),
(200141, 39505, 0, 0, 0),
(200141, 40195, 0, 0, 0),
(200141, 40199, 0, 0, 0),
(200141, 40248, 0, 0, 0),
(200141, 40411, 0, 0, 0),
(200141, 42440, 0, 0, 0),
(200141, 43007, 0, 0, 0),
(200141, 43102, 0, 0, 0),
(200141, 43103, 0, 0, 0),
(200141, 43104, 0, 0, 0),
(200141, 43105, 0, 0, 0),
(200141, 43106, 0, 0, 0),
(200141, 43107, 0, 0, 0),
(200141, 43108, 0, 0, 0),
(200141, 43109, 0, 0, 0),
(200141, 44142, 0, 0, 0),
(200141, 44161, 0, 0, 0),
(200141, 44163, 0, 0, 0),
(200141, 44316, 0, 0, 0),
(200141, 44317, 0, 0, 0),
(200141, 44318, 0, 0, 0),
(200141, 44322, 0, 0, 0),
(200141, 44323, 0, 0, 0),
(200141, 44324, 0, 0, 0),
(200141, 44475, 0, 0, 0),
(200141, 44700, 0, 0, 0),
(200141, 44835, 0, 0, 0),
(200141, 44852, 0, 0, 0),
(200141, 44853, 0, 0, 0),
(200141, 44958, 0, 0, 0),
(200141, 45087, 0, 0, 0),
(200141, 45909, 0, 0, 0),
(200141, 47556, 0, 0, 0);

REPLACE INTO `creature_template` (`entry`, `difficulty_entry_1`, `difficulty_entry_2`, `difficulty_entry_3`, `KillCredit1`, `KillCredit2`, `modelid1`, `modelid2`, `modelid3`, `modelid4`, `name`, `subname`, `IconName`, `gossip_menu_id`, `minlevel`, `maxlevel`, `exp`, `faction_A`, `faction_H`, `npcflag`, `scale`, `rank`, `mindmg`, `maxdmg`, `dmgschool`, `attackpower`, `dmg_multiplier`, `baseattacktime`, `rangeattacktime`, `unit_class`, `unit_flags`, `dynamicflags`, `family`, `trainer_type`, `trainer_spell`, `trainer_class`, `trainer_race`, `minrangedmg`, `maxrangedmg`, `rangedattackpower`, `type`, `type_flags`, `lootid`, `pickpocketloot`, `skinloot`, `resistance1`, `resistance2`, `resistance3`, `resistance4`, `resistance5`, `resistance6`, `spell1`, `spell2`, `spell3`, `spell4`, `spell5`, `spell6`, `spell7`, `spell8`, `PetSpellDataId`, `VehicleId`, `mingold`, `maxgold`, `AIName`, `MovementType`, `InhabitType`, `Health_mod`, `Mana_mod`, `RacialLeader`, `questItem1`, `questItem2`, `questItem3`, `questItem4`, `questItem5`, `questItem6`, `movementId`, `RegenHealth`, `equipment_id`, `mechanic_immune_mask`, `flags_extra`, `ScriptName`) VALUES (200140, 0, 0, 0, 0, 0, 23156, 0, 0, 0, 'Meat/Herb', 'Trade Goods', '', 0, 83, 83, 0, 35, 35, 4224, 1, 2, 50, 150, 0, 1000, 1000, 2000, 0, 1, 2, 0, 0, 0, 0, 0, 0, 0, 0, 0, 7, 2, 0, 0, 0, 0, 0, 0, 0, 0, 0, 0, 0, 0, 0, 0, 0, 0, 0, 0, 0, 0, 0, '', 0, 3, 100, 1, 0, 0, 0, 0, 0, 0, 0, 0, 1, 4430, 0, 0, '');

DELETE FROM `npc_vendor` WHERE (`entry`=200140);
INSERT INTO `npc_vendor` (entry, item, maxcount, incrtime, ExtendedCost) VALUES 
(200140, 34736, 0, 0, 0),
(200140, 35794, 0, 0, 0),
(200140, 36782, 0, 0, 0),
(200140, 36901, 0, 0, 0),
(200140, 36902, 0, 0, 0),
(200140, 36903, 0, 0, 0),
(200140, 36904, 0, 0, 0),
(200140, 36905, 0, 0, 0),
(200140, 36906, 0, 0, 0),
(200140, 36907, 0, 0, 0),
(200140, 36908, 0, 0, 0),
(200140, 37921, 0, 0, 0),
(200140, 41800, 0, 0, 0),
(200140, 41801, 0, 0, 0),
(200140, 41802, 0, 0, 0),
(200140, 41803, 0, 0, 0),
(200140, 41805, 0, 0, 0),
(200140, 41806, 0, 0, 0),
(200140, 41807, 0, 0, 0),
(200140, 41808, 0, 0, 0),
(200140, 41809, 0, 0, 0),
(200140, 41810, 0, 0, 0),
(200140, 41812, 0, 0, 0),
(200140, 41813, 0, 0, 0),
(200140, 41814, 0, 0, 0),
(200140, 43009, 0, 0, 0),
(200140, 43010, 0, 0, 0),
(200140, 43011, 0, 0, 0),
(200140, 43012, 0, 0, 0),
(200140, 43013, 0, 0, 0),
(200140, 43501, 0, 0, 0),
(200140, 43571, 0, 0, 0),
(200140, 43572, 0, 0, 0),
(200140, 43646, 0, 0, 0),
(200140, 43647, 0, 0, 0),
(200140, 43652, 0, 0, 0),
(200140, 44834, 0, 0, 0),
(200140, 45907, 0, 0, 0);

REPLACE INTO `creature_template` (`entry`, `difficulty_entry_1`, `difficulty_entry_2`, `difficulty_entry_3`, `KillCredit1`, `KillCredit2`, `modelid1`, `modelid2`, `modelid3`, `modelid4`, `name`, `subname`, `IconName`, `gossip_menu_id`, `minlevel`, `maxlevel`, `exp`, `faction_A`, `faction_H`, `npcflag`, `scale`, `rank`, `mindmg`, `maxdmg`, `dmgschool`, `attackpower`, `dmg_multiplier`, `baseattacktime`, `rangeattacktime`, `unit_class`, `unit_flags`, `dynamicflags`, `family`, `trainer_type`, `trainer_spell`, `trainer_class`, `trainer_race`, `minrangedmg`, `maxrangedmg`, `rangedattackpower`, `type`, `type_flags`, `lootid`, `pickpocketloot`, `skinloot`, `resistance1`, `resistance2`, `resistance3`, `resistance4`, `resistance5`, `resistance6`, `spell1`, `spell2`, `spell3`, `spell4`, `spell5`, `spell6`, `spell7`, `spell8`, `PetSpellDataId`, `VehicleId`, `mingold`, `maxgold`, `AIName`, `MovementType`, `InhabitType`, `Health_mod`, `Mana_mod`, `RacialLeader`, `questItem1`, `questItem2`, `questItem3`, `questItem4`, `questItem5`, `questItem6`, `movementId`, `RegenHealth`, `equipment_id`, `mechanic_immune_mask`, `flags_extra`, `ScriptName`) VALUES (200138, 0, 0, 0, 0, 0, 23156, 0, 0, 0, 'Jewelcrafting Cloth', 'Trade Goods', '', 0, 83, 83, 0, 35, 35, 4224, 1, 2, 50, 150, 0, 1000, 1000, 2000, 0, 1, 2, 0, 0, 0, 0, 0, 0, 0, 0, 0, 7, 2, 0, 0, 0, 0, 0, 0, 0, 0, 0, 0, 0, 0, 0, 0, 0, 0, 0, 0, 0, 0, 0, '', 0, 3, 100, 1, 0, 0, 0, 0, 0, 0, 0, 0, 1, 4430, 0, 0, '');

DELETE FROM `npc_vendor` WHERE (`entry`=200138);
INSERT INTO `npc_vendor` (entry, item, maxcount, incrtime, ExtendedCost) VALUES
(200138, 2589, 0, 0, 0), 
(200138, 33470, 0, 0, 0),
(200138, 38426, 0, 0, 0),
(200138, 41510, 0, 0, 0),
(200138, 41511, 0, 0, 0),
(200138, 41593, 0, 0, 0),
(200138, 41594, 0, 0, 0),
(200138, 41595, 0, 0, 0),
(200138, 42253, 0, 0, 0);

REPLACE INTO `creature_template` (`entry`, `difficulty_entry_1`, `difficulty_entry_2`, `difficulty_entry_3`, `KillCredit1`, `KillCredit2`, `modelid1`, `modelid2`, `modelid3`, `modelid4`, `name`, `subname`, `IconName`, `gossip_menu_id`, `minlevel`, `maxlevel`, `exp`, `faction_A`, `faction_H`, `npcflag`, `scale`, `rank`, `mindmg`, `maxdmg`, `dmgschool`, `attackpower`, `dmg_multiplier`, `baseattacktime`, `rangeattacktime`, `unit_class`, `unit_flags`, `dynamicflags`, `family`, `trainer_type`, `trainer_spell`, `trainer_class`, `trainer_race`, `minrangedmg`, `maxrangedmg`, `rangedattackpower`, `type`, `type_flags`, `lootid`, `pickpocketloot`, `skinloot`, `resistance1`, `resistance2`, `resistance3`, `resistance4`, `resistance5`, `resistance6`, `spell1`, `spell2`, `spell3`, `spell4`, `spell5`, `spell6`, `spell7`, `spell8`, `PetSpellDataId`, `VehicleId`, `mingold`, `maxgold`, `AIName`, `MovementType`, `InhabitType`, `Health_mod`, `Mana_mod`, `RacialLeader`, `questItem1`, `questItem2`, `questItem3`, `questItem4`, `questItem5`, `questItem6`, `movementId`, `RegenHealth`, `equipment_id`, `mechanic_immune_mask`, `flags_extra`, `ScriptName`) VALUES (200137, 0, 0, 0, 0, 0, 23156, 0, 0, 0, 'Explosives/Devices', 'Trade Goods', '', 0, 83, 83, 0, 35, 35, 4224, 1, 2, 50, 150, 0, 1000, 1000, 2000, 0, 1, 2, 0, 0, 0, 0, 0, 0, 0, 0, 0, 7, 2, 0, 0, 0, 0, 0, 0, 0, 0, 0, 0, 0, 0, 0, 0, 0, 0, 0, 0, 0, 0, 0, '', 0, 3, 100, 1, 0, 0, 0, 0, 0, 0, 0, 0, 1, 4430, 0, 0, '');

DELETE FROM `npc_vendor` WHERE (`entry`=200137);
INSERT INTO `npc_vendor` (entry, item, maxcount, incrtime, ExtendedCost) VALUES 
(200137, 2901, 0, 0, 0),
(200137, 5956, 0, 0, 0),
(200137, 6219, 0, 0, 0),
(200137, 7005, 0, 0, 0),
(200137, 10580, 0, 0, 0),
(200137, 10719, 0, 0, 0),
(200137, 20815, 0, 0, 0),
(200137, 20824, 0, 0, 0),
(200137, 23820, 0, 0, 0),
(200137, 37567, 0, 0, 0),
(200137, 40536, 0, 0, 0),
(200137, 40768, 0, 0, 0),
(200137, 40769, 0, 0, 0),
(200137, 40771, 0, 0, 0),
(200137, 40772, 0, 0, 0),
(200137, 40892, 0, 0, 0),
(200137, 40893, 0, 0, 0),
(200137, 41119, 0, 0, 0),
(200137, 41146, 0, 0, 0),
(200137, 41167, 0, 0, 0),
(200137, 42546, 0, 0, 0),
(200137, 42641, 0, 0, 0),
(200137, 44739, 0, 0, 0),
(200137, 44951, 0, 0, 0),
(200137, 47828, 0, 0, 0),
(200137, 49040, 0, 0, 0);

REPLACE INTO `creature_template` (`entry`, `difficulty_entry_1`, `difficulty_entry_2`, `difficulty_entry_3`, `KillCredit1`, `KillCredit2`, `modelid1`, `modelid2`, `modelid3`, `modelid4`, `name`, `subname`, `IconName`, `gossip_menu_id`, `minlevel`, `maxlevel`, `exp`, `faction_A`, `faction_H`, `npcflag`, `scale`, `rank`, `mindmg`, `maxdmg`, `dmgschool`, `attackpower`, `dmg_multiplier`, `baseattacktime`, `rangeattacktime`, `unit_class`, `unit_flags`, `dynamicflags`, `family`, `trainer_type`, `trainer_spell`, `trainer_class`, `trainer_race`, `minrangedmg`, `maxrangedmg`, `rangedattackpower`, `type`, `type_flags`, `lootid`, `pickpocketloot`, `skinloot`, `resistance1`, `resistance2`, `resistance3`, `resistance4`, `resistance5`, `resistance6`, `spell1`, `spell2`, `spell3`, `spell4`, `spell5`, `spell6`, `spell7`, `spell8`, `PetSpellDataId`, `VehicleId`, `mingold`, `maxgold`, `AIName`, `MovementType`, `InhabitType`, `Health_mod`, `Mana_mod`, `RacialLeader`, `questItem1`, `questItem2`, `questItem3`, `questItem4`, `questItem5`, `questItem6`, `movementId`, `RegenHealth`, `equipment_id`, `mechanic_immune_mask`, `flags_extra`, `ScriptName`) VALUES (200136, 0, 0, 0, 0, 0, 23156, 0, 0, 0, 'Trade Goods Parts', 'Trade Goods', '', 0, 83, 83, 0, 35, 35, 4224, 1, 2, 50, 150, 0, 1000, 1, 2000, 0, 1, 2, 0, 0, 0, 0, 0, 0, 0, 0, 0, 7, 2, 0, 0, 0, 0, 0, 0, 0, 0, 0, 0, 0, 0, 0, 0, 0, 0, 0, 0, 0, 0, 0, '', 0, 3, 100, 1, 0, 0, 0, 0, 0, 0, 0, 0, 1, 4430, 0, 0, '');

DELETE FROM `npc_vendor` WHERE (`entry`=200136);
INSERT INTO `npc_vendor` (entry, item, maxcount, incrtime, ExtendedCost) VALUES 
(200136, 37101, 0, 0, 0),
(200136, 39354, 0, 0, 0),
(200136, 39469, 0, 0, 0),
(200136, 39505, 0, 0, 0),
(200136, 39681, 0, 0, 0),
(200136, 39682, 0, 0, 0),
(200136, 39683, 0, 0, 0),
(200136, 39684, 0, 0, 0),
(200136, 39685, 0, 0, 0),
(200136, 39686, 0, 0, 0),
(200136, 39690, 0, 0, 0),
(200136, 39774, 0, 0, 0),
(200136, 40533, 0, 0, 0),
(200136, 43115, 0, 0, 0),
(200136, 43116, 0, 0, 0),
(200136, 43117, 0, 0, 0),
(200136, 43118, 0, 0, 0),
(200136, 43119, 0, 0, 0),
(200136, 43120, 0, 0, 0),
(200136, 43121, 0, 0, 0),
(200136, 43122, 0, 0, 0),
(200136, 43123, 0, 0, 0),
(200136, 43124, 0, 0, 0),
(200136, 43125, 0, 0, 0),
(200136, 43126, 0, 0, 0),
(200136, 43127, 0, 0, 0),
(200136, 44499, 0, 0, 0),
(200136, 44500, 0, 0, 0),
(200136, 44501, 0, 0, 0);

REPLACE INTO `creature_template` (`entry`, `difficulty_entry_1`, `difficulty_entry_2`, `difficulty_entry_3`, `KillCredit1`, `KillCredit2`, `modelid1`, `modelid2`, `modelid3`, `modelid4`, `name`, `subname`, `IconName`, `gossip_menu_id`, `minlevel`, `maxlevel`, `exp`, `faction_A`, `faction_H`, `npcflag`, `scale`, `rank`, `mindmg`, `maxdmg`, `dmgschool`, `attackpower`, `dmg_multiplier`, `baseattacktime`, `rangeattacktime`, `unit_class`, `unit_flags`, `dynamicflags`, `family`, `trainer_type`, `trainer_spell`, `trainer_class`, `trainer_race`, `minrangedmg`, `maxrangedmg`, `rangedattackpower`, `type`, `type_flags`, `lootid`, `pickpocketloot`, `skinloot`, `resistance1`, `resistance2`, `resistance3`, `resistance4`, `resistance5`, `resistance6`, `spell1`, `spell2`, `spell3`, `spell4`, `spell5`, `spell6`, `spell7`, `spell8`, `PetSpellDataId`, `VehicleId`, `mingold`, `maxgold`, `AIName`, `MovementType`, `InhabitType`, `Health_mod`, `Mana_mod`, `RacialLeader`, `questItem1`, `questItem2`, `questItem3`, `questItem4`, `questItem5`, `questItem6`, `movementId`, `RegenHealth`, `equipment_id`, `mechanic_immune_mask`, `flags_extra`, `ScriptName`) VALUES (200143, 0, 0, 0, 0, 0, 23156, 0, 0, 0, 'Armor Enchantment/Weapon Enchantment', 'Trade Goods', '', 0, 80, 80, 0, 35, 35, 4224, 1, 2, 50, 150, 0, 1000, 1, 2000, 0, 1, 2, 0, 0, 0, 0, 0, 0, 0, 0, 0, 7, 2, 0, 0, 0, 0, 0, 0, 0, 0, 0, 0, 0, 0, 0, 0, 0, 0, 0, 0, 0, 0, 0, '', 0, 3, 100, 1, 0, 0, 0, 0, 0, 0, 0, 0, 1, 4430, 0, 0, '');

DELETE FROM `npc_vendor` WHERE (`entry`=200143);
INSERT INTO `npc_vendor` (entry, item, maxcount, incrtime, ExtendedCost) VALUES 
(200143, 37602, 0, 0, 0),
(200143, 38682, 0, 0, 0),
(200143, 39349, 0, 0, 0),
(200143, 39350, 0, 0, 0),
(200143, 43145, 0, 0, 0),
(200143, 43146, 0, 0, 0);

REPLACE INTO `creature_template` (`entry`, `difficulty_entry_1`, `difficulty_entry_2`, `difficulty_entry_3`, `KillCredit1`, `KillCredit2`, `modelid1`, `modelid2`, `modelid3`, `modelid4`, `name`, `subname`, `IconName`, `gossip_menu_id`, `minlevel`, `maxlevel`, `exp`, `faction_A`, `faction_H`, `npcflag`, `scale`, `rank`, `mindmg`, `maxdmg`, `dmgschool`, `attackpower`, `dmg_multiplier`, `baseattacktime`, `rangeattacktime`, `unit_class`, `unit_flags`, `dynamicflags`, `family`, `trainer_type`, `trainer_spell`, `trainer_class`, `trainer_race`, `minrangedmg`, `maxrangedmg`, `rangedattackpower`, `type`, `type_flags`, `lootid`, `pickpocketloot`, `skinloot`, `resistance1`, `resistance2`, `resistance3`, `resistance4`, `resistance5`, `resistance6`, `spell1`, `spell2`, `spell3`, `spell4`, `spell5`, `spell6`, `spell7`, `spell8`, `PetSpellDataId`, `VehicleId`, `mingold`, `maxgold`, `AIName`, `MovementType`, `InhabitType`, `Health_mod`, `Mana_mod`, `RacialLeader`, `questItem1`, `questItem2`, `questItem3`, `questItem4`, `questItem5`, `questItem6`, `movementId`, `RegenHealth`, `equipment_id`, `mechanic_immune_mask`, `flags_extra`, `ScriptName`) VALUES (200053, 0, 0, 0, 0, 0, 22974, 0, 22974, 0, 'Waist', 'Armor Light', '', 0, 80, 80, 0, 35, 35, 4224, 1, 1, 50, 150, 0, 1000, 1, 2000, 0, 1, 2, 0, 0, 0, 0, 0, 0, 0, 0, 0, 7, 2, 0, 0, 0, 0, 0, 0, 0, 0, 0, 0, 0, 0, 0, 0, 0, 0, 0, 0, 0, 0, 0, '', 0, 3, 10, 1, 0, 0, 0, 0, 0, 0, 0, 0, 1, 4493, 0, 0, '');

DELETE FROM `npc_vendor` WHERE (`entry`=200053);
INSERT INTO `npc_vendor` (entry, item, maxcount, incrtime, ExtendedCost) VALUES 
(200053, 41618, 0, 0, 0),
(200053, 41631, 0, 0, 0),
(200053, 41833, 0, 0, 0),
(200053, 41882, 0, 0, 0),
(200053, 41899, 0, 0, 0),
(200053, 49179, 0, 0, 0),
(200053, 50613, 0, 0, 0),
(200053, 50702, 0, 0, 0),
(200053, 50705, 0, 0, 0),
(200053, 50707, 0, 0, 0);

REPLACE INTO `creature_template` (`entry`, `difficulty_entry_1`, `difficulty_entry_2`, `difficulty_entry_3`, `KillCredit1`, `KillCredit2`, `modelid1`, `modelid2`, `modelid3`, `modelid4`, `name`, `subname`, `IconName`, `gossip_menu_id`, `minlevel`, `maxlevel`, `exp`, `faction_A`, `faction_H`, `npcflag`, `scale`, `rank`, `mindmg`, `maxdmg`, `dmgschool`, `attackpower`, `dmg_multiplier`, `baseattacktime`, `rangeattacktime`, `unit_class`, `unit_flags`, `dynamicflags`, `family`, `trainer_type`, `trainer_spell`, `trainer_class`, `trainer_race`, `minrangedmg`, `maxrangedmg`, `rangedattackpower`, `type`, `type_flags`, `lootid`, `pickpocketloot`, `skinloot`, `resistance1`, `resistance2`, `resistance3`, `resistance4`, `resistance5`, `resistance6`, `spell1`, `spell2`, `spell3`, `spell4`, `spell5`, `spell6`, `spell7`, `spell8`, `PetSpellDataId`, `VehicleId`, `mingold`, `maxgold`, `AIName`, `MovementType`, `InhabitType`, `Health_mod`, `Mana_mod`, `RacialLeader`, `questItem1`, `questItem2`, `questItem3`, `questItem4`, `questItem5`, `questItem6`, `movementId`, `RegenHealth`, `equipment_id`, `mechanic_immune_mask`, `flags_extra`, `ScriptName`) VALUES (200055, 0, 0, 0, 0, 0, 22974, 0, 22974, 0, 'Boots', 'Armor Light', '', 0, 80, 80, 0, 35, 35, 4224, 1, 1, 50, 150, 0, 1000, 1, 2000, 0, 1, 2, 0, 0, 0, 0, 0, 0, 0, 0, 0, 7, 2, 0, 0, 0, 0, 0, 0, 0, 0, 0, 0, 0, 0, 0, 0, 0, 0, 0, 0, 0, 0, 0, '', 0, 3, 10, 1, 0, 0, 0, 0, 0, 0, 0, 0, 1, 4493, 0, 0, '');

DELETE FROM `npc_vendor` WHERE (`entry`=200055);
INSERT INTO `npc_vendor` (entry, item, maxcount, incrtime, ExtendedCost) VALUES 
(200055, 41622, 0, 0, 0),
(200055, 41636, 0, 0, 0),
(200055, 41837, 0, 0, 0),
(200055, 41886, 0, 0, 0),
(200055, 41904, 0, 0, 0),
(200055, 49183, 0, 0, 0),
(200055, 49893, 0, 0, 0),
(200055, 50607, 0, 0, 0),
(200055, 50665, 0, 0, 0),
(200055, 50699, 0, 0, 0);

REPLACE INTO `creature_template` (`entry`, `difficulty_entry_1`, `difficulty_entry_2`, `difficulty_entry_3`, `KillCredit1`, `KillCredit2`, `modelid1`, `modelid2`, `modelid3`, `modelid4`, `name`, `subname`, `IconName`, `gossip_menu_id`, `minlevel`, `maxlevel`, `exp`, `faction_A`, `faction_H`, `npcflag`, `scale`, `rank`, `mindmg`, `maxdmg`, `dmgschool`, `attackpower`, `dmg_multiplier`, `baseattacktime`, `rangeattacktime`, `unit_class`, `unit_flags`, `dynamicflags`, `family`, `trainer_type`, `trainer_spell`, `trainer_class`, `trainer_race`, `minrangedmg`, `maxrangedmg`, `rangedattackpower`, `type`, `type_flags`, `lootid`, `pickpocketloot`, `skinloot`, `resistance1`, `resistance2`, `resistance3`, `resistance4`, `resistance5`, `resistance6`, `spell1`, `spell2`, `spell3`, `spell4`, `spell5`, `spell6`, `spell7`, `spell8`, `PetSpellDataId`, `VehicleId`, `mingold`, `maxgold`, `AIName`, `MovementType`, `InhabitType`, `Health_mod`, `Mana_mod`, `RacialLeader`, `questItem1`, `questItem2`, `questItem3`, `questItem4`, `questItem5`, `questItem6`, `movementId`, `RegenHealth`, `equipment_id`, `mechanic_immune_mask`, `flags_extra`, `ScriptName`) VALUES (200056, 0, 0, 0, 0, 0, 22974, 0, 22974, 0, 'Bracers', 'Armor Light', '', 0, 80, 80, 0, 35, 35, 4224, 1, 1, 50, 150, 0, 1000, 1, 2000, 0, 1, 2, 0, 0, 0, 0, 0, 0, 0, 0, 0, 7, 2, 0, 0, 0, 0, 0, 0, 0, 0, 0, 0, 0, 0, 0, 0, 0, 0, 0, 0, 0, 0, 0, '', 0, 3, 10, 1, 0, 0, 0, 0, 0, 0, 0, 0, 1, 4493, 0, 0, '');

DELETE FROM `npc_vendor` WHERE (`entry`=200056);
INSERT INTO `npc_vendor` (entry, item, maxcount, incrtime, ExtendedCost) VALUES 
(200056, 41626, 0, 0, 0),
(200056, 41641, 0, 0, 0),
(200056, 41841, 0, 0, 0),
(200056, 41894, 0, 0, 0),
(200056, 41910, 0, 0, 0),
(200056, 49181, 0, 0, 0),
(200056, 50630, 0, 0, 0),
(200056, 50651, 0, 0, 0),
(200056, 50670, 0, 0, 0),
(200056, 50686, 0, 0, 0),
(200056, 54580, 0, 0, 0),
(200056, 54582, 0, 0, 0),
(200056, 54584, 0, 0, 0);

REPLACE INTO `creature_template` (`entry`, `difficulty_entry_1`, `difficulty_entry_2`, `difficulty_entry_3`, `KillCredit1`, `KillCredit2`, `modelid1`, `modelid2`, `modelid3`, `modelid4`, `name`, `subname`, `IconName`, `gossip_menu_id`, `minlevel`, `maxlevel`, `exp`, `faction_A`, `faction_H`, `npcflag`, `scale`, `rank`, `mindmg`, `maxdmg`, `dmgschool`, `attackpower`, `dmg_multiplier`, `baseattacktime`, `rangeattacktime`, `unit_class`, `unit_flags`, `dynamicflags`, `family`, `trainer_type`, `trainer_spell`, `trainer_class`, `trainer_race`, `minrangedmg`, `maxrangedmg`, `rangedattackpower`, `type`, `type_flags`, `lootid`, `pickpocketloot`, `skinloot`, `resistance1`, `resistance2`, `resistance3`, `resistance4`, `resistance5`, `resistance6`, `spell1`, `spell2`, `spell3`, `spell4`, `spell5`, `spell6`, `spell7`, `spell8`, `PetSpellDataId`, `VehicleId`, `mingold`, `maxgold`, `AIName`, `MovementType`, `InhabitType`, `Health_mod`, `Mana_mod`, `RacialLeader`, `questItem1`, `questItem2`, `questItem3`, `questItem4`, `questItem5`, `questItem6`, `movementId`, `RegenHealth`, `equipment_id`, `mechanic_immune_mask`, `flags_extra`, `ScriptName`) VALUES (200061, 0, 0, 0, 0, 0, 22974, 0, 22974, 0, 'Waist', 'Armor Heavy', '', 0, 80, 80, 0, 35, 35, 4224, 1, 1, 50, 150, 0, 1000, 1, 2000, 0, 1, 2, 0, 0, 0, 0, 0, 0, 0, 0, 0, 7, 2, 0, 0, 0, 0, 0, 0, 0, 0, 0, 0, 0, 0, 0, 0, 0, 0, 0, 0, 0, 0, 0, '', 0, 3, 10, 1, 0, 0, 0, 0, 0, 0, 0, 0, 1, 4493, 0, 0, '');

DELETE FROM `npc_vendor` WHERE (`entry`=200061);
INSERT INTO `npc_vendor` (entry, item, maxcount, incrtime, ExtendedCost) VALUES 
(200061, 40883, 0, 0, 0),
(200061, 40978, 0, 0, 0),
(200061, 41052, 0, 0, 0),
(200061, 41071, 0, 0, 0),
(200061, 41236, 0, 0, 0),
(200061, 50620, 0, 0, 0),
(200061, 50667, 0, 0, 0),
(200061, 50671, 0, 0, 0),
(200061, 50688, 0, 0, 0),
(200061, 50691, 0, 0, 0),
(200061, 54587, 0, 0, 0);

REPLACE INTO `creature_template` (`entry`, `difficulty_entry_1`, `difficulty_entry_2`, `difficulty_entry_3`, `KillCredit1`, `KillCredit2`, `modelid1`, `modelid2`, `modelid3`, `modelid4`, `name`, `subname`, `IconName`, `gossip_menu_id`, `minlevel`, `maxlevel`, `exp`, `faction_A`, `faction_H`, `npcflag`, `scale`, `rank`, `mindmg`, `maxdmg`, `dmgschool`, `attackpower`, `dmg_multiplier`, `baseattacktime`, `rangeattacktime`, `unit_class`, `unit_flags`, `dynamicflags`, `family`, `trainer_type`, `trainer_spell`, `trainer_class`, `trainer_race`, `minrangedmg`, `maxrangedmg`, `rangedattackpower`, `type`, `type_flags`, `lootid`, `pickpocketloot`, `skinloot`, `resistance1`, `resistance2`, `resistance3`, `resistance4`, `resistance5`, `resistance6`, `spell1`, `spell2`, `spell3`, `spell4`, `spell5`, `spell6`, `spell7`, `spell8`, `PetSpellDataId`, `VehicleId`, `mingold`, `maxgold`, `AIName`, `MovementType`, `InhabitType`, `Health_mod`, `Mana_mod`, `RacialLeader`, `questItem1`, `questItem2`, `questItem3`, `questItem4`, `questItem5`, `questItem6`, `movementId`, `RegenHealth`, `equipment_id`, `mechanic_immune_mask`, `flags_extra`, `ScriptName`) VALUES (200063, 0, 0, 0, 0, 0, 22974, 0, 22974, 0, 'Boots', 'Armor Heavy', '', 0, 80, 80, 0, 35, 35, 4224, 1, 1, 50, 150, 0, 1000, 1, 2000, 0, 1, 2, 0, 0, 0, 0, 0, 0, 0, 0, 0, 7, 2, 0, 0, 0, 0, 0, 0, 0, 0, 0, 0, 0, 0, 0, 0, 0, 0, 0, 0, 0, 0, 0, '', 0, 3, 10, 1, 0, 0, 0, 0, 0, 0, 0, 0, 1, 4493, 0, 0, '');

DELETE FROM `npc_vendor` WHERE (`entry`=200063);
INSERT INTO `npc_vendor` (entry, item, maxcount, incrtime, ExtendedCost) VALUES
(200063, 40884, 0, 0, 0),
(200063, 40979, 0, 0, 0),
(200063, 41056, 0, 0, 0),
(200063, 41076, 0, 0, 0),
(200063, 41231, 0, 0, 0), 
(200063, 50625, 0, 0, 0),
(200063, 50632, 0, 0, 0),
(200063, 50652, 0, 0, 0),
(200063, 50711, 0, 0, 0),
(200063, 54577, 0, 0, 0),
(200063, 54578, 0, 0, 0),
(200063, 54579, 0, 0, 0),
(200063, 54586, 0, 0, 0);

REPLACE INTO `creature_template` (`entry`, `difficulty_entry_1`, `difficulty_entry_2`, `difficulty_entry_3`, `KillCredit1`, `KillCredit2`, `modelid1`, `modelid2`, `modelid3`, `modelid4`, `name`, `subname`, `IconName`, `gossip_menu_id`, `minlevel`, `maxlevel`, `exp`, `faction_A`, `faction_H`, `npcflag`, `scale`, `rank`, `mindmg`, `maxdmg`, `dmgschool`, `attackpower`, `dmg_multiplier`, `baseattacktime`, `rangeattacktime`, `unit_class`, `unit_flags`, `dynamicflags`, `family`, `trainer_type`, `trainer_spell`, `trainer_class`, `trainer_race`, `minrangedmg`, `maxrangedmg`, `rangedattackpower`, `type`, `type_flags`, `lootid`, `pickpocketloot`, `skinloot`, `resistance1`, `resistance2`, `resistance3`, `resistance4`, `resistance5`, `resistance6`, `spell1`, `spell2`, `spell3`, `spell4`, `spell5`, `spell6`, `spell7`, `spell8`, `PetSpellDataId`, `VehicleId`, `mingold`, `maxgold`, `AIName`, `MovementType`, `InhabitType`, `Health_mod`, `Mana_mod`, `RacialLeader`, `questItem1`, `questItem2`, `questItem3`, `questItem4`, `questItem5`, `questItem6`, `movementId`, `RegenHealth`, `equipment_id`, `mechanic_immune_mask`, `flags_extra`, `ScriptName`) VALUES (200064, 0, 0, 0, 0, 0, 22974, 0, 22974, 0, 'Bracers', 'Armor Heavy', '', 0, 80, 80, 0, 35, 35, 4224, 1, 1, 50, 150, 0, 1000, 1, 2000, 0, 1, 2, 0, 0, 0, 0, 0, 0, 0, 0, 0, 7, 2, 0, 0, 0, 0, 0, 0, 0, 0, 0, 0, 0, 0, 0, 0, 0, 0, 0, 0, 0, 0, 0, '', 0, 3, 10, 1, 0, 0, 0, 0, 0, 0, 0, 0, 1, 4493, 0, 0, '');

DELETE FROM `npc_vendor` WHERE (`entry`=200064);
INSERT INTO `npc_vendor` (entry, item, maxcount, incrtime, ExtendedCost) VALUES
(200064, 40890, 0, 0, 0),
(200064, 40984, 0, 0, 0),
(200064, 41061, 0, 0, 0),
(200064, 41066, 0, 0, 0),
(200064, 41226, 0, 0, 0), 
(200064, 50611, 0, 0, 0),
(200064, 50655, 0, 0, 0),
(200064, 50659, 0, 0, 0),
(200064, 50687, 0, 0, 0),
(200064, 50721, 0, 0, 0);

REPLACE INTO `creature_template` (`entry`, `difficulty_entry_1`, `difficulty_entry_2`, `difficulty_entry_3`, `KillCredit1`, `KillCredit2`, `modelid1`, `modelid2`, `modelid3`, `modelid4`, `name`, `subname`, `IconName`, `gossip_menu_id`, `minlevel`, `maxlevel`, `exp`, `faction_A`, `faction_H`, `npcflag`, `scale`, `rank`, `mindmg`, `maxdmg`, `dmgschool`, `attackpower`, `dmg_multiplier`, `baseattacktime`, `rangeattacktime`, `unit_class`, `unit_flags`, `dynamicflags`, `family`, `trainer_type`, `trainer_spell`, `trainer_class`, `trainer_race`, `minrangedmg`, `maxrangedmg`, `rangedattackpower`, `type`, `type_flags`, `lootid`, `pickpocketloot`, `skinloot`, `resistance1`, `resistance2`, `resistance3`, `resistance4`, `resistance5`, `resistance6`, `spell1`, `spell2`, `spell3`, `spell4`, `spell5`, `spell6`, `spell7`, `spell8`, `PetSpellDataId`, `VehicleId`, `mingold`, `maxgold`, `AIName`, `MovementType`, `InhabitType`, `Health_mod`, `Mana_mod`, `RacialLeader`, `questItem1`, `questItem2`, `questItem3`, `questItem4`, `questItem5`, `questItem6`, `movementId`, `RegenHealth`, `equipment_id`, `mechanic_immune_mask`, `flags_extra`, `ScriptName`) VALUES (200165, 0, 0, 0, 0, 0, 21570, 0, 21570, 0, 'Arena Season 7', 'PvP Sets', '', 0, 83, 83, 0, 35, 35, 4224, 1, 2, 1000, 2000, 0, 2000, 100, 1500, 1500, 1, 2, 0, 0, 0, 0, 0, 0, 450, 500, 2000, 7, 2, 0, 0, 0, 0, 0, 0, 0, 0, 0, 0, 0, 0, 0, 0, 0, 0, 0, 0, 0, 1000, 1000, '', 0, 3, 100, 0, 0, 0, 0, 0, 0, 0, 0, 0, 1, 4321, 0, 0, '');

DELETE FROM `npc_vendor` WHERE (`entry`=200165);
INSERT INTO `npc_vendor` (entry, item, maxcount, incrtime, ExtendedCost) VALUES 
(200165, 40790, 0, 0, 2403),
(200165, 40791, 0, 0, 2403),
(200165, 40792, 0, 0, 2403),
(200165, 40810, 0, 0, 2403),
(200165, 40811, 0, 0, 2403),
(200165, 40812, 0, 0, 2403),
(200165, 40829, 0, 0, 2403),
(200165, 40830, 0, 0, 2403),
(200165, 40831, 0, 0, 2403),
(200165, 40850, 0, 0, 2403),
(200165, 40851, 0, 0, 2403),
(200165, 40852, 0, 0, 2403),
(200165, 40870, 0, 0, 2403),
(200165, 40871, 0, 0, 2403),
(200165, 40872, 0, 0, 2403),
(200165, 40910, 0, 0, 2403),
(200165, 40928, 0, 0, 2403),
(200165, 40934, 0, 0, 2403),
(200165, 40940, 0, 0, 2403),
(200165, 40964, 0, 0, 2403),
(200165, 40994, 0, 0, 2403),
(200165, 40995, 0, 0, 2403),
(200165, 41002, 0, 0, 2403),
(200165, 41008, 0, 0, 2403),
(200165, 41014, 0, 0, 2403),
(200165, 41020, 0, 0, 2403),
(200165, 41028, 0, 0, 2403),
(200165, 41034, 0, 0, 2403),
(200165, 41039, 0, 0, 2403),
(200165, 41045, 0, 0, 2403),
(200165, 41082, 0, 0, 2403),
(200165, 41088, 0, 0, 2403),
(200165, 41138, 0, 0, 2403),
(200165, 41144, 0, 0, 2403),
(200165, 41152, 0, 0, 2403),
(200165, 41158, 0, 0, 2403),
(200165, 41200, 0, 0, 2403),
(200165, 41206, 0, 0, 2403),
(200165, 41212, 0, 0, 2403),
(200165, 41218, 0, 0, 2403),
(200165, 41276, 0, 0, 2403),
(200165, 41282, 0, 0, 2403),
(200165, 41288, 0, 0, 2403),
(200165, 41294, 0, 0, 2403),
(200165, 41299, 0, 0, 2403),
(200165, 41305, 0, 0, 2403),
(200165, 41311, 0, 0, 2403),
(200165, 41317, 0, 0, 2403),
(200165, 41322, 0, 0, 2403),
(200165, 41328, 0, 0, 2403),
(200165, 41651, 0, 0, 2403),
(200165, 41656, 0, 0, 2403),
(200165, 41662, 0, 0, 2403),
(200165, 41668, 0, 0, 2403),
(200165, 41673, 0, 0, 2403),
(200165, 41679, 0, 0, 2403),
(200165, 41684, 0, 0, 2403),
(200165, 41716, 0, 0, 2403),
(200165, 41768, 0, 0, 2403),
(200165, 41774, 0, 0, 2403),
(200165, 41855, 0, 0, 2403),
(200165, 41860, 0, 0, 2403),
(200165, 41865, 0, 0, 2403),
(200165, 41870, 0, 0, 2403),
(200165, 41875, 0, 0, 2403),
(200165, 41916, 0, 0, 2403),
(200165, 41922, 0, 0, 2403),
(200165, 41928, 0, 0, 2403),
(200165, 41935, 0, 0, 2403),
(200165, 41941, 0, 0, 2403),
(200165, 41947, 0, 0, 2403),
(200165, 41954, 0, 0, 2403),
(200165, 41960, 0, 0, 2403),
(200165, 41966, 0, 0, 2403),
(200165, 41972, 0, 0, 2403),
(200165, 41994, 0, 0, 2403),
(200165, 41999, 0, 0, 2403),
(200165, 42006, 0, 0, 2403),
(200165, 42012, 0, 0, 2403),
(200165, 42018, 0, 0, 2403);

DELETE FROM `creature` WHERE `id`=200165;
INSERT INTO `creature` (`guid`,`id`,`map`,`spawnMask`,`phaseMask`,`modelid`,`equipment_id`,`position_x`,`position_y`,`position_z`,`orientation`,`spawntimesecs`,`spawndist`,`currentwaypoint`,`curhealth`,`curmana`,`MovementType`) VALUES
(9337678, 200165, 1, 1, 1, 0, 4321, 1427.56, -4422.79, 25.4624, 6.18104, 300, 0, 0, 580800, 0, 0),
(9337677, 200165, 0, 1, 1, 0, 4321, -8931.62, 534.343, 94.3838, 0.766276, 300, 0, 0, 580800, 0, 0);

REPLACE INTO `creature_template` (`entry`, `difficulty_entry_1`, `difficulty_entry_2`, `difficulty_entry_3`, `KillCredit1`, `KillCredit2`, `modelid1`, `modelid2`, `modelid3`, `modelid4`, `name`, `subname`, `IconName`, `gossip_menu_id`, `minlevel`, `maxlevel`, `exp`, `faction_A`, `faction_H`, `npcflag`, `scale`, `rank`, `mindmg`, `maxdmg`, `dmgschool`, `attackpower`, `dmg_multiplier`, `baseattacktime`, `rangeattacktime`, `unit_class`, `unit_flags`, `dynamicflags`, `family`, `trainer_type`, `trainer_spell`, `trainer_class`, `trainer_race`, `minrangedmg`, `maxrangedmg`, `rangedattackpower`, `type`, `type_flags`, `lootid`, `pickpocketloot`, `skinloot`, `resistance1`, `resistance2`, `resistance3`, `resistance4`, `resistance5`, `resistance6`, `spell1`, `spell2`, `spell3`, `spell4`, `spell5`, `spell6`, `spell7`, `spell8`, `PetSpellDataId`, `VehicleId`, `mingold`, `maxgold`, `AIName`, `MovementType`, `InhabitType`, `Health_mod`, `Mana_mod`, `RacialLeader`, `questItem1`, `questItem2`, `questItem3`, `questItem4`, `questItem5`, `questItem6`, `movementId`, `RegenHealth`, `equipment_id`, `mechanic_immune_mask`, `flags_extra`, `ScriptName`) VALUES (200016, 0, 0, 0, 0, 0, 29774, 0, 29774, 0, 'Heirloom', 'Legendary', '', 0, 80, 80, 0, 35, 35, 4224, 1, 1, 50, 150, 0, 1000, 1, 2000, 0, 1, 2, 0, 0, 0, 0, 0, 0, 0, 0, 0, 7, 2, 0, 0, 0, 0, 0, 0, 0, 0, 0, 0, 0, 0, 0, 0, 0, 0, 0, 0, 0, 0, 0, '', 0, 3, 10, 1, 0, 0, 0, 0, 0, 0, 0, 0, 1, 2029, 0, 0, '');

DELETE FROM `npc_vendor` WHERE (`entry`=200016);
INSERT INTO `npc_vendor` (entry, item, maxcount, incrtime, ExtendedCost) VALUES 
(200016, 17182, 0, 0, 0),
(200016, 18582, 0, 0, 2578),
(200016, 18583, 0, 0, 2578),
(200016, 18584, 0, 0, 2578),
(200016, 19018, 0, 0, 0),
(200016, 19019, 0, 0, 0),
(200016, 21176, 0, 0, 0),
(200016, 22589, 0, 0, 0),
(200016, 22630, 0, 0, 0),
(200016, 22631, 0, 0, 0),
(200016, 22632, 0, 0, 0),
(200016, 32837, 0, 0, 0),
(200016, 32838, 0, 0, 0),
(200016, 34334, 0, 0, 0),
(200016, 39769, 0, 0, 0),
(200016, 46017, 0, 0, 0),
(200016, 49623, 0, 0, 22),
(200016, 54806, 0, 0, 0);

REPLACE INTO `creature_template` (`entry`, `difficulty_entry_1`, `difficulty_entry_2`, `difficulty_entry_3`, `KillCredit1`, `KillCredit2`, `modelid1`, `modelid2`, `modelid3`, `modelid4`, `name`, `subname`, `IconName`, `gossip_menu_id`, `minlevel`, `maxlevel`, `exp`, `faction_A`, `faction_H`, `npcflag`, `scale`, `rank`, `mindmg`, `maxdmg`, `dmgschool`, `attackpower`, `dmg_multiplier`, `baseattacktime`, `rangeattacktime`, `unit_class`, `unit_flags`, `dynamicflags`, `family`, `trainer_type`, `trainer_spell`, `trainer_class`, `trainer_race`, `minrangedmg`, `maxrangedmg`, `rangedattackpower`, `type`, `type_flags`, `lootid`, `pickpocketloot`, `skinloot`, `resistance1`, `resistance2`, `resistance3`, `resistance4`, `resistance5`, `resistance6`, `spell1`, `spell2`, `spell3`, `spell4`, `spell5`, `spell6`, `spell7`, `spell8`, `PetSpellDataId`, `VehicleId`, `mingold`, `maxgold`, `AIName`, `MovementType`, `InhabitType`, `Health_mod`, `Mana_mod`, `RacialLeader`, `questItem1`, `questItem2`, `questItem3`, `questItem4`, `questItem5`, `questItem6`, `movementId`, `RegenHealth`, `equipment_id`, `mechanic_immune_mask`, `flags_extra`, `ScriptName`) VALUES (200015, 0, 0, 0, 0, 0, 29774, 0, 29774, 0, 'Thrown/Crossbow/Wand', 'weapon', '', 0, 80, 80, 0, 35, 35, 4224, 1, 1, 50, 150, 0, 1000, 1, 2000, 0, 1, 2, 0, 0, 0, 0, 0, 0, 0, 0, 0, 7, 2, 0, 0, 0, 0, 0, 0, 0, 0, 0, 0, 0, 0, 0, 0, 0, 0, 0, 0, 0, 0, 0, '', 0, 3, 10, 1, 0, 0, 0, 0, 0, 0, 0, 0, 1, 2029, 0, 0, '');

DELETE FROM `npc_vendor` WHERE (`entry`=200015);
INSERT INTO `npc_vendor` (entry, item, maxcount, incrtime, ExtendedCost) VALUES 
(200015, 50474, 0, 0, 0),
(200015, 50631, 0, 0, 0),
(200015, 50684, 0, 0, 0),
(200015, 51410, 0, 0, 0),
(200015, 51411, 0, 0, 0),
(200015, 51412, 0, 0, 0),
(200015, 51451, 0, 0, 0),
(200015, 51531, 0, 0, 0),
(200015, 51532, 0, 0, 0),
(200015, 51535, 0, 0, 0),
(200015, 51802, 0, 0, 0),
(200015, 51838, 0, 0, 0),
(200015, 51852, 0, 0, 0),
(200015, 51880, 0, 0, 0);

REPLACE INTO `creature_template` (`entry`, `difficulty_entry_1`, `difficulty_entry_2`, `difficulty_entry_3`, `KillCredit1`, `KillCredit2`, `modelid1`, `modelid2`, `modelid3`, `modelid4`, `name`, `subname`, `IconName`, `gossip_menu_id`, `minlevel`, `maxlevel`, `exp`, `faction_A`, `faction_H`, `npcflag`, `scale`, `rank`, `mindmg`, `maxdmg`, `dmgschool`, `attackpower`, `dmg_multiplier`, `baseattacktime`, `rangeattacktime`, `unit_class`, `unit_flags`, `dynamicflags`, `family`, `trainer_type`, `trainer_spell`, `trainer_class`, `trainer_race`, `minrangedmg`, `maxrangedmg`, `rangedattackpower`, `type`, `type_flags`, `lootid`, `pickpocketloot`, `skinloot`, `resistance1`, `resistance2`, `resistance3`, `resistance4`, `resistance5`, `resistance6`, `spell1`, `spell2`, `spell3`, `spell4`, `spell5`, `spell6`, `spell7`, `spell8`, `PetSpellDataId`, `VehicleId`, `mingold`, `maxgold`, `AIName`, `MovementType`, `InhabitType`, `Health_mod`, `Mana_mod`, `RacialLeader`, `questItem1`, `questItem2`, `questItem3`, `questItem4`, `questItem5`, `questItem6`, `movementId`, `RegenHealth`, `equipment_id`, `mechanic_immune_mask`, `flags_extra`, `ScriptName`) VALUES (200014, 0, 0, 0, 0, 0, 29774, 0, 29774, 0, 'Fist weapon/Dagger', 'weapon', '', 0, 80, 80, 0, 35, 35, 4224, 1, 1, 50, 150, 0, 1000, 1, 2000, 0, 1, 2, 0, 0, 0, 0, 0, 0, 0, 0, 0, 7, 2, 0, 0, 0, 0, 0, 0, 0, 0, 0, 0, 0, 0, 0, 0, 0, 0, 0, 0, 0, 0, 0, '', 0, 3, 10, 1, 0, 0, 0, 0, 0, 0, 0, 0, 1, 2029, 0, 0, '');

DELETE FROM `npc_vendor` WHERE (`entry`=200014);
INSERT INTO `npc_vendor` (entry, item, maxcount, incrtime, ExtendedCost) VALUES 
(200014, 50035, 0, 0, 0),
(200014, 50608, 0, 0, 0),
(200014, 50621, 0, 0, 0),
(200014, 50641, 0, 0, 0),
(200014, 50676, 0, 0, 0),
(200014, 50692, 0, 0, 0),
(200014, 50710, 0, 0, 0),
(200014, 50736, 0, 0, 0),
(200014, 51397, 0, 0, 0),
(200014, 51398, 0, 0, 0),
(200014, 51399, 0, 0, 0),
(200014, 51406, 0, 0, 0),
(200014, 51441, 0, 0, 0),
(200014, 51442, 0, 0, 0),
(200014, 51443, 0, 0, 0),
(200014, 51444, 0, 0, 0),
(200014, 51517, 0, 0, 0),
(200014, 51518, 0, 0, 0),
(200014, 51523, 0, 0, 0),
(200014, 51524, 0, 0, 0),
(200014, 51527, 0, 0, 0),
(200014, 51528, 0, 0, 0),
(200014, 51529, 0, 0, 0),
(200014, 51530, 0, 0, 0);

REPLACE INTO `creature_template` (`entry`, `difficulty_entry_1`, `difficulty_entry_2`, `difficulty_entry_3`, `KillCredit1`, `KillCredit2`, `modelid1`, `modelid2`, `modelid3`, `modelid4`, `name`, `subname`, `IconName`, `gossip_menu_id`, `minlevel`, `maxlevel`, `exp`, `faction_A`, `faction_H`, `npcflag`, `scale`, `rank`, `mindmg`, `maxdmg`, `dmgschool`, `attackpower`, `dmg_multiplier`, `baseattacktime`, `rangeattacktime`, `unit_class`, `unit_flags`, `dynamicflags`, `family`, `trainer_type`, `trainer_spell`, `trainer_class`, `trainer_race`, `minrangedmg`, `maxrangedmg`, `rangedattackpower`, `type`, `type_flags`, `lootid`, `pickpocketloot`, `skinloot`, `resistance1`, `resistance2`, `resistance3`, `resistance4`, `resistance5`, `resistance6`, `spell1`, `spell2`, `spell3`, `spell4`, `spell5`, `spell6`, `spell7`, `spell8`, `PetSpellDataId`, `VehicleId`, `mingold`, `maxgold`, `AIName`, `MovementType`, `InhabitType`, `Health_mod`, `Mana_mod`, `RacialLeader`, `questItem1`, `questItem2`, `questItem3`, `questItem4`, `questItem5`, `questItem6`, `movementId`, `RegenHealth`, `equipment_id`, `mechanic_immune_mask`, `flags_extra`, `ScriptName`) VALUES (200013, 0, 0, 0, 0, 0, 29774, 0, 29774, 0, 'Sword 2h/Staff', 'weapon', '', 0, 80, 80, 0, 35, 35, 4224, 1, 1, 50, 150, 0, 1000, 1, 2000, 0, 1, 2, 0, 0, 0, 0, 0, 0, 0, 0, 0, 7, 2, 0, 0, 0, 0, 0, 0, 0, 0, 0, 0, 0, 0, 0, 0, 0, 0, 0, 0, 0, 0, 0, '', 0, 3, 10, 1, 0, 0, 0, 0, 0, 0, 0, 0, 1, 2029, 0, 0, '');

DELETE FROM `npc_vendor` WHERE (`entry`=200013);
INSERT INTO `npc_vendor` (entry, item, maxcount, incrtime, ExtendedCost) VALUES 
(200013, 50648, 0, 0, 0),
(200013, 50730, 0, 0, 0),
(200013, 50731, 0, 0, 0),
(200013, 51393, 0, 0, 0),
(200013, 51401, 0, 0, 0),
(200013, 51403, 0, 0, 0),
(200013, 51405, 0, 0, 0),
(200013, 51431, 0, 0, 0),
(200013, 51432, 0, 0, 0),
(200013, 51457, 0, 0, 0);

REPLACE INTO `creature_template` (`entry`, `difficulty_entry_1`, `difficulty_entry_2`, `difficulty_entry_3`, `KillCredit1`, `KillCredit2`, `modelid1`, `modelid2`, `modelid3`, `modelid4`, `name`, `subname`, `IconName`, `gossip_menu_id`, `minlevel`, `maxlevel`, `exp`, `faction_A`, `faction_H`, `npcflag`, `scale`, `rank`, `mindmg`, `maxdmg`, `dmgschool`, `attackpower`, `dmg_multiplier`, `baseattacktime`, `rangeattacktime`, `unit_class`, `unit_flags`, `dynamicflags`, `family`, `trainer_type`, `trainer_spell`, `trainer_class`, `trainer_race`, `minrangedmg`, `maxrangedmg`, `rangedattackpower`, `type`, `type_flags`, `lootid`, `pickpocketloot`, `skinloot`, `resistance1`, `resistance2`, `resistance3`, `resistance4`, `resistance5`, `resistance6`, `spell1`, `spell2`, `spell3`, `spell4`, `spell5`, `spell6`, `spell7`, `spell8`, `PetSpellDataId`, `VehicleId`, `mingold`, `maxgold`, `AIName`, `MovementType`, `InhabitType`, `Health_mod`, `Mana_mod`, `RacialLeader`, `questItem1`, `questItem2`, `questItem3`, `questItem4`, `questItem5`, `questItem6`, `movementId`, `RegenHealth`, `equipment_id`, `mechanic_immune_mask`, `flags_extra`, `ScriptName`) VALUES (200012, 0, 0, 0, 0, 0, 29774, 0, 29774, 0, 'Polearm/Sword 1h', 'weapon', '', 0, 80, 80, 0, 35, 35, 4224, 1, 1, 50, 150, 0, 1000, 1, 2000, 0, 1, 2, 0, 0, 0, 0, 0, 0, 0, 0, 0, 7, 2, 0, 0, 0, 0, 0, 0, 0, 0, 0, 0, 0, 0, 0, 0, 0, 0, 0, 0, 0, 0, 0, '', 0, 3, 10, 1, 0, 0, 0, 0, 0, 0, 0, 0, 1, 2029, 0, 0, '');

DELETE FROM `npc_vendor` WHERE (`entry`=200012);
INSERT INTO `npc_vendor` (entry, item, maxcount, incrtime, ExtendedCost) VALUES 
(200012, 50672, 0, 0, 0),
(200012, 50704, 0, 0, 0),
(200012, 50732, 0, 0, 0),
(200012, 50735, 0, 0, 0),
(200012, 51447, 0, 0, 0),
(200012, 51448, 0, 0, 0),
(200012, 51480, 0, 0, 0),
(200012, 51481, 0, 0, 0),
(200012, 51521, 0, 0, 0),
(200012, 51522, 0, 0, 0),
(200012, 51869, 0, 0, 0);

REPLACE INTO `creature_template` (`entry`, `difficulty_entry_1`, `difficulty_entry_2`, `difficulty_entry_3`, `KillCredit1`, `KillCredit2`, `modelid1`, `modelid2`, `modelid3`, `modelid4`, `name`, `subname`, `IconName`, `gossip_menu_id`, `minlevel`, `maxlevel`, `exp`, `faction_A`, `faction_H`, `npcflag`, `scale`, `rank`, `mindmg`, `maxdmg`, `dmgschool`, `attackpower`, `dmg_multiplier`, `baseattacktime`, `rangeattacktime`, `unit_class`, `unit_flags`, `dynamicflags`, `family`, `trainer_type`, `trainer_spell`, `trainer_class`, `trainer_race`, `minrangedmg`, `maxrangedmg`, `rangedattackpower`, `type`, `type_flags`, `lootid`, `pickpocketloot`, `skinloot`, `resistance1`, `resistance2`, `resistance3`, `resistance4`, `resistance5`, `resistance6`, `spell1`, `spell2`, `spell3`, `spell4`, `spell5`, `spell6`, `spell7`, `spell8`, `PetSpellDataId`, `VehicleId`, `mingold`, `maxgold`, `AIName`, `MovementType`, `InhabitType`, `Health_mod`, `Mana_mod`, `RacialLeader`, `questItem1`, `questItem2`, `questItem3`, `questItem4`, `questItem5`, `questItem6`, `movementId`, `RegenHealth`, `equipment_id`, `mechanic_immune_mask`, `flags_extra`, `ScriptName`) VALUES (200009, 0, 0, 0, 0, 0, 29774, 0, 29774, 0, 'Axe 1h/Axe 2h', 'weapon', '', 0, 80, 80, 0, 35, 35, 4224, 1, 1, 50, 150, 0, 1000, 1, 2000, 0, 1, 2, 0, 0, 0, 0, 0, 0, 0, 0, 0, 7, 2, 0, 0, 0, 0, 0, 0, 0, 0, 0, 0, 0, 0, 0, 0, 0, 0, 0, 0, 0, 0, 0, '', 0, 3, 10, 1, 0, 0, 0, 0, 0, 0, 0, 0, 1, 2029, 0, 0, '');

DELETE FROM `npc_vendor` WHERE (`entry`=200009);
INSERT INTO `npc_vendor` (entry, item, maxcount, incrtime, ExtendedCost) VALUES 
(200009, 50709, 0, 0, 0),
(200009, 50737, 0, 0, 0),
(200009, 51388, 0, 0, 0),
(200009, 51389, 0, 0, 0),
(200009, 51439, 0, 0, 0),
(200009, 51440, 0, 0, 0),
(200009, 51515, 0, 0, 0),
(200009, 51516, 0, 0, 0),
(200009, 51525, 0, 0, 0),
(200009, 51526, 0, 0, 0);

REPLACE INTO `creature_template` (`entry`, `difficulty_entry_1`, `difficulty_entry_2`, `difficulty_entry_3`, `KillCredit1`, `KillCredit2`, `modelid1`, `modelid2`, `modelid3`, `modelid4`, `name`, `subname`, `IconName`, `gossip_menu_id`, `minlevel`, `maxlevel`, `exp`, `faction_A`, `faction_H`, `npcflag`, `scale`, `rank`, `mindmg`, `maxdmg`, `dmgschool`, `attackpower`, `dmg_multiplier`, `baseattacktime`, `rangeattacktime`, `unit_class`, `unit_flags`, `dynamicflags`, `family`, `trainer_type`, `trainer_spell`, `trainer_class`, `trainer_race`, `minrangedmg`, `maxrangedmg`, `rangedattackpower`, `type`, `type_flags`, `lootid`, `pickpocketloot`, `skinloot`, `resistance1`, `resistance2`, `resistance3`, `resistance4`, `resistance5`, `resistance6`, `spell1`, `spell2`, `spell3`, `spell4`, `spell5`, `spell6`, `spell7`, `spell8`, `PetSpellDataId`, `VehicleId`, `mingold`, `maxgold`, `AIName`, `MovementType`, `InhabitType`, `Health_mod`, `Mana_mod`, `RacialLeader`, `questItem1`, `questItem2`, `questItem3`, `questItem4`, `questItem5`, `questItem6`, `movementId`, `RegenHealth`, `equipment_id`, `mechanic_immune_mask`, `flags_extra`, `ScriptName`) VALUES (200010, 0, 0, 0, 0, 0, 29774, 0, 29774, 0, 'Bow/Gun', 'weapon', '', 0, 80, 80, 0, 35, 35, 4224, 1, 1, 50, 150, 0, 1000, 1, 2000, 0, 1, 2, 0, 0, 0, 0, 0, 0, 0, 0, 0, 7, 2, 0, 0, 0, 0, 0, 0, 0, 0, 0, 0, 0, 0, 0, 0, 0, 0, 0, 0, 0, 0, 0, '', 0, 3, 10, 1, 0, 0, 0, 0, 0, 0, 0, 0, 1, 2029, 0, 0, '');

DELETE FROM `npc_vendor` WHERE (`entry`=200010);
INSERT INTO `npc_vendor` (entry, item, maxcount, incrtime, ExtendedCost) VALUES 
(200010, 50444, 0, 0, 0),
(200010, 50733, 0, 0, 0),
(200010, 51394, 0, 0, 0),
(200010, 51395, 0, 0, 0),
(200010, 51449, 0, 0, 0),
(200010, 51450, 0, 0, 0),
(200010, 51834, 0, 0, 0);

REPLACE INTO `creature_template` (`entry`, `difficulty_entry_1`, `difficulty_entry_2`, `difficulty_entry_3`, `KillCredit1`, `KillCredit2`, `modelid1`, `modelid2`, `modelid3`, `modelid4`, `name`, `subname`, `IconName`, `gossip_menu_id`, `minlevel`, `maxlevel`, `exp`, `faction_A`, `faction_H`, `npcflag`, `scale`, `rank`, `mindmg`, `maxdmg`, `dmgschool`, `attackpower`, `dmg_multiplier`, `baseattacktime`, `rangeattacktime`, `unit_class`, `unit_flags`, `dynamicflags`, `family`, `trainer_type`, `trainer_spell`, `trainer_class`, `trainer_race`, `minrangedmg`, `maxrangedmg`, `rangedattackpower`, `type`, `type_flags`, `lootid`, `pickpocketloot`, `skinloot`, `resistance1`, `resistance2`, `resistance3`, `resistance4`, `resistance5`, `resistance6`, `spell1`, `spell2`, `spell3`, `spell4`, `spell5`, `spell6`, `spell7`, `spell8`, `PetSpellDataId`, `VehicleId`, `mingold`, `maxgold`, `AIName`, `MovementType`, `InhabitType`, `Health_mod`, `Mana_mod`, `RacialLeader`, `questItem1`, `questItem2`, `questItem3`, `questItem4`, `questItem5`, `questItem6`, `movementId`, `RegenHealth`, `equipment_id`, `mechanic_immune_mask`, `flags_extra`, `ScriptName`) VALUES (200011, 0, 0, 0, 0, 0, 29774, 0, 29774, 0, 'Mace 1h/Mace 2h', 'weapon', '', 0, 80, 80, 0, 35, 35, 4224, 1, 1, 50, 150, 0, 1000, 1, 2000, 0, 1, 2, 0, 0, 0, 0, 0, 0, 0, 0, 0, 7, 2, 0, 0, 0, 0, 0, 0, 0, 0, 0, 0, 0, 0, 0, 0, 0, 0, 0, 0, 0, 0, 0, '', 0, 3, 10, 1, 0, 0, 0, 0, 0, 0, 0, 0, 1, 2029, 0, 0, '');

DELETE FROM `npc_vendor` WHERE (`entry`=200011);
INSERT INTO `npc_vendor` (entry, item, maxcount, incrtime, ExtendedCost) VALUES 
(200011, 50603, 0, 0, 0),
(200011, 50708, 0, 0, 0),
(200011, 50734, 0, 0, 0),
(200011, 50738, 0, 0, 0),
(200011, 51390, 0, 0, 0),
(200011, 51391, 0, 0, 0),
(200011, 51445, 0, 0, 0),
(200011, 51446, 0, 0, 0),
(200011, 51454, 0, 0, 0),
(200011, 51519, 0, 0, 0),
(200011, 51520, 0, 0, 0),
(200011, 51562, 0, 0, 0),
(200011, 51833, 0, 0, 0),
(200011, 51893, 0, 0, 0);

REPLACE INTO `creature_template` (`entry`, `difficulty_entry_1`, `difficulty_entry_2`, `difficulty_entry_3`, `KillCredit1`, `KillCredit2`, `modelid1`, `modelid2`, `modelid3`, `modelid4`, `name`, `subname`, `IconName`, `gossip_menu_id`, `minlevel`, `maxlevel`, `exp`, `faction_A`, `faction_H`, `npcflag`, `scale`, `rank`, `mindmg`, `maxdmg`, `dmgschool`, `attackpower`, `dmg_multiplier`, `baseattacktime`, `rangeattacktime`, `unit_class`, `unit_flags`, `dynamicflags`, `family`, `trainer_type`, `trainer_spell`, `trainer_class`, `trainer_race`, `minrangedmg`, `maxrangedmg`, `rangedattackpower`, `type`, `type_flags`, `lootid`, `pickpocketloot`, `skinloot`, `resistance1`, `resistance2`, `resistance3`, `resistance4`, `resistance5`, `resistance6`, `spell1`, `spell2`, `spell3`, `spell4`, `spell5`, `spell6`, `spell7`, `spell8`, `PetSpellDataId`, `VehicleId`, `mingold`, `maxgold`, `AIName`, `MovementType`, `InhabitType`, `Health_mod`, `Mana_mod`, `RacialLeader`, `questItem1`, `questItem2`, `questItem3`, `questItem4`, `questItem5`, `questItem6`, `movementId`, `RegenHealth`, `equipment_id`, `mechanic_immune_mask`, `flags_extra`, `ScriptName`) VALUES (200139, 0, 0, 0, 0, 0, 23156, 0, 0, 0, 'Leather Metal Stone', 'Trade Goods', '', 0, 83, 83, 0, 35, 35, 4224, 1, 2, 50, 150, 0, 1000, 1, 2000, 0, 1, 2, 0, 0, 0, 0, 0, 0, 0, 0, 0, 7, 2, 0, 0, 0, 0, 0, 0, 0, 0, 0, 0, 0, 0, 0, 0, 0, 0, 0, 0, 0, 0, 0, '', 0, 3, 100, 1, 0, 0, 0, 0, 0, 0, 0, 0, 1, 4430, 0, 0, '');

DELETE FROM `npc_vendor` WHERE (`entry`=200139);
INSERT INTO `npc_vendor` (entry, item, maxcount, incrtime, ExtendedCost) VALUES
(200139, 2318, 0, 0, 0),
(200139, 2770, 0, 0, 0),
(200139, 2835, 0, 0, 0),
(200139, 2840, 0, 0, 0),
(200139, 33567, 0, 0, 0),
(200139, 33568, 0, 0, 0),
(200139, 36909, 0, 0, 0),
(200139, 36910, 0, 0, 0),
(200139, 36912, 0, 0, 0),
(200139, 36913, 0, 0, 0),
(200139, 36916, 0, 0, 0),
(200139, 37663, 0, 0, 0),
(200139, 38425, 0, 0, 0),
(200139, 38557, 0, 0, 0),
(200139, 38558, 0, 0, 0),
(200139, 38561, 0, 0, 0),
(200139, 41163, 0, 0, 0),
(200139, 44128, 0, 0, 0);

DELETE FROM `creature` WHERE `id`=200143;
INSERT INTO `creature` (`guid`,`id`,`map`,`spawnMask`,`phaseMask`,`modelid`,`equipment_id`,`position_x`,`position_y`,`position_z`,`orientation`,`spawntimesecs`,`spawndist`,`currentwaypoint`,`curhealth`,`curmana`,`MovementType`) VALUES
(201438, 200143, 1, 1, 1, 0, 0, 1393.49, -4360.57, 25.5748, 4.86053, 300, 0, 0, 5342, 0, 0);

DELETE FROM `creature` WHERE `id`=200136;
INSERT INTO `creature` (`guid`,`id`,`map`,`spawnMask`,`phaseMask`,`modelid`,`equipment_id`,`position_x`,`position_y`,`position_z`,`orientation`,`spawntimesecs`,`spawndist`,`currentwaypoint`,`curhealth`,`curmana`,`MovementType`) VALUES
(201190, 200136, 0, 1, 1, 0, 0, -8930.34, 551.631, 94.3792, 3.75092, 300, 0, 0, 5342, 0, 0),
(201431, 200136, 1, 1, 1, 0, 0, 1395.26, -4360.38, 25.4627, 4.79289, 300, 0, 0, 5342, 0, 0);

DELETE FROM `creature` WHERE `id`=200137;
INSERT INTO `creature` (`guid`,`id`,`map`,`spawnMask`,`phaseMask`,`modelid`,`equipment_id`,`position_x`,`position_y`,`position_z`,`orientation`,`spawntimesecs`,`spawndist`,`currentwaypoint`,`curhealth`,`curmana`,`MovementType`) VALUES
(201191, 200137, 0, 1, 1, 0, 0, -8931.47, 553.234, 94.4857, 3.90014, 300, 0, 0, 5342, 0, 0),
(201432, 200137, 1, 1, 1, 0, 0, 1397.05, -4360.07, 25.4627, 4.80075, 300, 0, 0, 5342, 0, 0);

DELETE FROM `creature` WHERE `id`=200138;
INSERT INTO `creature` (`guid`,`id`,`map`,`spawnMask`,`phaseMask`,`modelid`,`equipment_id`,`position_x`,`position_y`,`position_z`,`orientation`,`spawntimesecs`,`spawndist`,`currentwaypoint`,`curhealth`,`curmana`,`MovementType`) VALUES
(201193, 200138, 0, 1, 1, 0, 0, -8932.74, 554.869, 94.5957, 3.87658, 300, 0, 0, 5342, 0, 0),
(201433, 200138, 1, 1, 1, 0, 0, 1398.97, -4359.87, 25.4627, 4.91463, 300, 0, 0, 5342, 0, 0);

DELETE FROM `creature` WHERE `id`=200139;
INSERT INTO `creature` (`guid`,`id`,`map`,`spawnMask`,`phaseMask`,`modelid`,`equipment_id`,`position_x`,`position_y`,`position_z`,`orientation`,`spawntimesecs`,`spawndist`,`currentwaypoint`,`curhealth`,`curmana`,`MovementType`) VALUES
(204321, 200139, 0, 1, 1, 0, 0, -8937.38, 560.682, 94.3646, 3.80288, 300, 0, 0, 5342, 0, 0),
(201434, 200139, 1, 1, 1, 0, 0, 1401.09, -4359.66, 25.4627, 4.93034, 300, 0, 0, 5342, 0, 0);

DELETE FROM `creature` WHERE `id`=200140;
INSERT INTO `creature` (`guid`,`id`,`map`,`spawnMask`,`phaseMask`,`modelid`,`equipment_id`,`position_x`,`position_y`,`position_z`,`orientation`,`spawntimesecs`,`spawndist`,`currentwaypoint`,`curhealth`,`curmana`,`MovementType`) VALUES
(201435, 200140, 1, 1, 1, 0, 0, 1403.05, -4359.34, 25.4627, 4.9539, 300, 0, 0, 5342, 0, 0),
(204326, 200140, 0, 1, 1, 0, 0, -8933.87, 556.448, 94.6886, 3.79922, 300, 0, 0, 5342, 0, 0);

DELETE FROM `creature` WHERE `id`=200141;
INSERT INTO `creature` (`guid`,`id`,`map`,`spawnMask`,`phaseMask`,`modelid`,`equipment_id`,`position_x`,`position_y`,`position_z`,`orientation`,`spawntimesecs`,`spawndist`,`currentwaypoint`,`curhealth`,`curmana`,`MovementType`) VALUES
(201436, 200141, 1, 1, 1, 0, 0, 1405, -4359.1, 25.4627, 4.7929, 300, 0, 0, 5342, 0, 0),
(204322, 200141, 0, 1, 1, 0, 0, -8935.08, 557.857, 94.5727, 3.84608, 300, 0, 0, 5342, 0, 0);

DELETE FROM `creature` WHERE `id`=200142;
INSERT INTO `creature` (`guid`,`id`,`map`,`spawnMask`,`phaseMask`,`modelid`,`equipment_id`,`position_x`,`position_y`,`position_z`,`orientation`,`spawntimesecs`,`spawndist`,`currentwaypoint`,`curhealth`,`curmana`,`MovementType`) VALUES
(201437, 200142, 1, 1, 1, 0, 0, 1406.64, -4358.98, 25.4627, 4.89194, 300, 0, 0, 5342, 0, 0),
(204323, 200142, 0, 1, 1, 0, 0, -8936.2, 559.172, 94.464, 3.77068, 300, 0, 0, 5342, 0, 0);

DELETE FROM `creature` WHERE `id`=200163;
INSERT INTO `creature` (`guid`,`id`,`map`,`spawnMask`,`phaseMask`,`modelid`,`equipment_id`,`position_x`,`position_y`,`position_z`,`orientation`,`spawntimesecs`,`spawndist`,`currentwaypoint`,`curhealth`,`curmana`,`MovementType`) VALUES
(201189, 200163, 0, 1, 1, 0, 0, -8923, 523.387, 94.4307, 0.734023, 300, 0, 0, 5342, 0, 0),
(201415, 200163, 1, 1, 1, 0, 4493, 1409.18, -4358.49, 25.4627, 4.88924, 300, 0, 0, 5342, 0, 0);

DELETE FROM `creature` WHERE `id`=200162;
INSERT INTO `creature` (`guid`,`id`,`map`,`spawnMask`,`phaseMask`,`modelid`,`equipment_id`,`position_x`,`position_y`,`position_z`,`orientation`,`spawntimesecs`,`spawndist`,`currentwaypoint`,`curhealth`,`curmana`,`MovementType`) VALUES
(201188, 200162, 0, 1, 1, 0, 0, -8924.49, 525.335, 94.4301, 0.639775, 300, 0, 0, 5342, 0, 0),
(201414, 200162, 1, 1, 1, 0, 4493, 1411.37, -4358.15, 25.4627, 4.78085, 300, 0, 0, 5342, 0, 0);

DELETE FROM `creature` WHERE `id`=200161;
INSERT INTO `creature` (`guid`,`id`,`map`,`spawnMask`,`phaseMask`,`modelid`,`equipment_id`,`position_x`,`position_y`,`position_z`,`orientation`,`spawntimesecs`,`spawndist`,`currentwaypoint`,`curhealth`,`curmana`,`MovementType`) VALUES
(201187, 200161, 0, 1, 1, 0, 0, -8925.83, 526.949, 94.4256, 0.747376, 300, 0, 0, 5342, 0, 0),
(201413, 200161, 1, 1, 1, 0, 4493, 1413.76, -4357.89, 25.4627, 4.88531, 300, 0, 0, 5342, 0, 0);

DELETE FROM `creature` WHERE `id`=200160;
INSERT INTO `creature` (`guid`,`id`,`map`,`spawnMask`,`phaseMask`,`modelid`,`equipment_id`,`position_x`,`position_y`,`position_z`,`orientation`,`spawntimesecs`,`spawndist`,`currentwaypoint`,`curhealth`,`curmana`,`MovementType`) VALUES
(201186, 200160, 0, 1, 1, 0, 0, -8927.26, 528.74, 94.4227, 0.73638, 300, 0, 0, 5342, 0, 0),
(201412, 200160, 1, 1, 1, 0, 4493, 1416.14, -4357.62, 25.4627, 4.84822, 300, 0, 0, 5342, 0, 0);

DELETE FROM `creature` WHERE `id`=200159;
INSERT INTO `creature` (`guid`,`id`,`map`,`spawnMask`,`phaseMask`,`modelid`,`equipment_id`,`position_x`,`position_y`,`position_z`,`orientation`,`spawntimesecs`,`spawndist`,`currentwaypoint`,`curhealth`,`curmana`,`MovementType`) VALUES
(201185, 200159, 0, 1, 1, 0, 0, -8921.607422, 521.733, 94.4348, 0.73638, 300, 0, 0, 5342, 0, 0),
(201411, 200159, 1, 1, 1, 0, 4493, 1418.4649, -4357.4272, 25.4626, 4.84822, 300, 0, 0, 5342, 0, 0);

DELETE FROM `creature` WHERE `id`=40070;
INSERT INTO `creature` (`guid`,`id`,`map`,`spawnMask`,`phaseMask`,`modelid`,`equipment_id`,`position_x`,`position_y`,`position_z`,`orientation`,`spawntimesecs`,`spawndist`,`currentwaypoint`,`curhealth`,`curmana`,`MovementType`) VALUES
(204302, 40070, 0, 1, 1, 0, 2026, -8893, 561.573, 92.8915, 2.19847, 300, 0, 0, 46460, 21290, 0),
(9337690, 40070, 1, 1, 1, 0, 2026, 1421.93, -4356.06, 25.4629, 4.89668, 300, 0, 0, 46460, 21290, 0);

DELETE FROM `creature` WHERE `id`=40071;
INSERT INTO `creature` (`guid`,`id`,`map`,`spawnMask`,`phaseMask`,`modelid`,`equipment_id`,`position_x`,`position_y`,`position_z`,`orientation`,`spawntimesecs`,`spawndist`,`currentwaypoint`,`curhealth`,`curmana`,`MovementType`) VALUES
(201204, 40071, 0, 1, 1, 0, 4493, -8895.74, 559.463, 93.0128, 2.27908, 300, 0, 0, 46460, 21290, 0),
(9337693, 40071, 1, 1, 1, 0, 4493, 1428.85, -4355.53, 25.4629, 4.75999, 300, 0, 0, 46460, 21290, 0);

DELETE FROM `creature` WHERE `id`=40072;
INSERT INTO `creature` (`guid`,`id`,`map`,`spawnMask`,`phaseMask`,`modelid`,`equipment_id`,`position_x`,`position_y`,`position_z`,`orientation`,`spawntimesecs`,`spawndist`,`currentwaypoint`,`curhealth`,`curmana`,`MovementType`) VALUES
(201205, 40072, 0, 1, 1, 0, 0, -8898.53, 557.201, 93.2434, 2.22803, 300, 0, 0, 46460, 21290, 0),
(9337689, 40072, 1, 1, 1, 0, 3934, 1425.31, -4355.79, 25.4629, 4.87028, 300, 0, 0, 46460, 212900, 0);

DELETE FROM `creature` WHERE `id`=40073;
INSERT INTO `creature` (`guid`,`id`,`map`,`spawnMask`,`phaseMask`,`modelid`,`equipment_id`,`position_x`,`position_y`,`position_z`,`orientation`,`spawntimesecs`,`spawndist`,`currentwaypoint`,`curhealth`,`curmana`,`MovementType`) VALUES
(201365, 40073, 1, 1, 1, 0, 4493, 1430.92, -4355.66, 25.4627, 4.61947, 300, 0, 0, 58080, 0, 0),
(201206, 40073, 0, 1, 1, 0, 4493, -8901.79, 554.804, 93.471, 2.26337, 300, 0, 0, 58080, 0, 0);

DELETE FROM `creature` WHERE `id`=40074;
INSERT INTO `creature` (`guid`,`id`,`map`,`spawnMask`,`phaseMask`,`modelid`,`equipment_id`,`position_x`,`position_y`,`position_z`,`orientation`,`spawntimesecs`,`spawndist`,`currentwaypoint`,`curhealth`,`curmana`,`MovementType`) VALUES
(204305, 40074, 1, 1, 1, 18595, 4321, 1432.81, -4355.49, 25.4624, 4.71667, 300, 0, 0, 58080, 0, 0),
(204299, 40074, 0, 1, 1, 0, 4321, -8903.78, 553.214, 93.6497, 2.40424, 300, 0, 0, 58080, 0, 0);

DELETE FROM `creature` WHERE `id`=40075;
INSERT INTO `creature` (`guid`,`id`,`map`,`spawnMask`,`phaseMask`,`modelid`,`equipment_id`,`position_x`,`position_y`,`position_z`,`orientation`,`spawntimesecs`,`spawndist`,`currentwaypoint`,`curhealth`,`curmana`,`MovementType`) VALUES
(204306, 40075, 1, 1, 1, 0, 3245, 1435.85, -4355.5, 25.4624, 4.65384, 300, 0, 0, 58080, 0, 0),
(204300, 40075, 0, 1, 1, 0, 3245, -8906.32, 551.087, 93.8911, 2.20396, 300, 0, 0, 58080, 0, 0);

DELETE FROM `creature` WHERE `id`=40076;
INSERT INTO `creature` (`guid`,`id`,`map`,`spawnMask`,`phaseMask`,`modelid`,`equipment_id`,`position_x`,`position_y`,`position_z`,`orientation`,`spawntimesecs`,`spawndist`,`currentwaypoint`,`curhealth`,`curmana`,`MovementType`) VALUES
(201467, 40076, 1, 1, 1, 0, 4321, 1439.1, -4356.47, 25.4626, 3.91162, 300, 0, 0, 58080, 0, 0),
(201245, 40076, 0, 1, 1, 0, 4321, -8908.93, 548.799, 94.1543, 2.32651, 300, 0, 0, 58080, 0, 0);

DELETE FROM `creature` WHERE `id`=40077;
INSERT INTO `creature` (`guid`,`id`,`map`,`spawnMask`,`phaseMask`,`modelid`,`equipment_id`,`position_x`,`position_y`,`position_z`,`orientation`,`spawntimesecs`,`spawndist`,`currentwaypoint`,`curhealth`,`curmana`,`MovementType`) VALUES
(204308, 40077, 1, 1, 1, 0, 2033, 1440.63, -4358.68, 25.4624, 3.34222, 300, 0, 0, 580800, 0, 0),
(204303, 40077, 0, 1, 1, 0, 2033, -8910.99, 547.083, 94.2951, 2.22124, 300, 0, 0, 580800, 0, 0);

DELETE FROM `creature` WHERE `id`=40078;
INSERT INTO `creature` (`guid`,`id`,`map`,`spawnMask`,`phaseMask`,`modelid`,`equipment_id`,`position_x`,`position_y`,`position_z`,`orientation`,`spawntimesecs`,`spawndist`,`currentwaypoint`,`curhealth`,`curmana`,`MovementType`) VALUES
(204310, 40078, 1, 1, 1, 20561, 2050, 1440.75, -4361.67, 25.4624, 3.22833, 300, 0, 0, 580800, 0, 0),
(204301, 40078, 0, 1, 1, 0, 2050, -8913.67, 545.036, 94.4015, 2.28643, 300, 0, 0, 580800, 0, 0);

DELETE FROM `creature` WHERE `id`=40079;
INSERT INTO `creature` (`guid`,`id`,`map`,`spawnMask`,`phaseMask`,`modelid`,`equipment_id`,`position_x`,`position_y`,`position_z`,`orientation`,`spawntimesecs`,`spawndist`,`currentwaypoint`,`curhealth`,`curmana`,`MovementType`) VALUES
(204309, 40079, 1, 1, 1, 0, 0, 1441.15, -4364.32, 25.4624, 3.27939, 300, 0, 0, 580800, 0, 0),
(201213, 40079, 0, 1, 1, 0, 0, -8915.59, 543.354, 94.5188, 2.21309, 300, 0, 0, 58080, 0, 0);

DELETE FROM `creature` WHERE `id`=40010;
INSERT INTO `creature` (`guid`,`id`,`map`,`spawnMask`,`phaseMask`,`modelid`,`equipment_id`,`position_x`,`position_y`,`position_z`,`orientation`,`spawntimesecs`,`spawndist`,`currentwaypoint`,`curhealth`,`curmana`,`MovementType`) VALUES
(201255, 40010, 0, 1, 1, 0, 0, -8918.31, 541.199, 94.6074, 2.33229, 300, 0, 0, 409000, 475575, 0),
(201403, 40010, 1, 1, 1, 0, 0, 1441.36, -4367.8, 25.4627, 3.28562, 300, 0, 0, 409000, 475575, 0);

DELETE FROM `creature` WHERE `id`=12704;
INSERT INTO `creature` (`guid`,`id`,`map`,`spawnMask`,`phaseMask`,`modelid`,`equipment_id`,`position_x`,`position_y`,`position_z`,`orientation`,`spawntimesecs`,`spawndist`,`currentwaypoint`,`curhealth`,`curmana`,`MovementType`) VALUES
(201256, 12704, 0, 1, 1, 0, 836, -8919.77, 539.192, 94.6958, 3.11375, 300, 0, 0, 37394, 0, 0),
(201405, 12704, 1, 1, 1, 0, 836, 1438.36, -4371.82, 25.4627, 3.24791, 300, 0, 0, 37394, 0, 0);

DELETE FROM `creature` WHERE `id`=200053;
INSERT INTO `creature` (`guid`,`id`,`map`,`spawnMask`,`phaseMask`,`modelid`,`equipment_id`,`position_x`,`position_y`,`position_z`,`orientation`,`spawntimesecs`,`spawndist`,`currentwaypoint`,`curhealth`,`curmana`,`MovementType`) VALUES
(201353, 200053, 0, 1, 1, 0, 0, -8911.54, 563.303, 93.5489, 5.41014, 300, 0, 0, 5342, 0, 0),
(201383, 200053, 1, 1, 1, 0, 0, 1439.19, -4378.58, 25.4627, 3.30123, 300, 0, 0, 5342, 0, 0);

DELETE FROM `creature` WHERE `id`=200055;
INSERT INTO `creature` (`guid`,`id`,`map`,`spawnMask`,`phaseMask`,`modelid`,`equipment_id`,`position_x`,`position_y`,`position_z`,`orientation`,`spawntimesecs`,`spawndist`,`currentwaypoint`,`curhealth`,`curmana`,`MovementType`) VALUES
(201222, 200055, 0, 1, 1, 0, 0, -8909.44, 564.867, 93.4237, 5.40623, 300, 0, 0, 5342, 0, 0),
(201384, 200055, 1, 1, 1, 0, 0, 1439.42, -4381.76, 25.4627, 3.29585, 300, 0, 0, 5342, 0, 0);

DELETE FROM `creature` WHERE `id`=200056;
INSERT INTO `creature` (`guid`,`id`,`map`,`spawnMask`,`phaseMask`,`modelid`,`equipment_id`,`position_x`,`position_y`,`position_z`,`orientation`,`spawntimesecs`,`spawndist`,`currentwaypoint`,`curhealth`,`curmana`,`MovementType`) VALUES
(201221, 200056, 0, 1, 1, 0, 0, -8907.59, 566.294, 93.3071, 5.43824, 300, 0, 0, 5342, 0, 0),
(201385, 200056, 1, 1, 1, 0, 0, 1439.72, -4385.16, 25.4627, 3.2503, 300, 0, 0, 5342, 0, 0);

DELETE FROM `creature` WHERE `id`=200061;
INSERT INTO `creature` (`guid`,`id`,`map`,`spawnMask`,`phaseMask`,`modelid`,`equipment_id`,`position_x`,`position_y`,`position_z`,`orientation`,`spawntimesecs`,`spawndist`,`currentwaypoint`,`curhealth`,`curmana`,`MovementType`) VALUES
(201219, 200061, 0, 1, 1, 0, 0, -8905.88, 567.578, 93.2065, 5.47122, 300, 0, 0, 5342, 0, 0),
(201386, 200061, 1, 1, 1, 0, 0, 1439.89, -4388.51, 25.4627, 3.24114, 300, 0, 0, 5342, 0, 0);

DELETE FROM `creature` WHERE `id`=200063;
INSERT INTO `creature` (`guid`,`id`,`map`,`spawnMask`,`phaseMask`,`modelid`,`equipment_id`,`position_x`,`position_y`,`position_z`,`orientation`,`spawntimesecs`,`spawndist`,`currentwaypoint`,`curhealth`,`curmana`,`MovementType`) VALUES
(201218, 200063, 0, 1, 1, 0, 0, -8903.91, 569.203, 93.0971, 5.49871, 300, 0, 0, 5342, 0, 0),
(201387, 200063, 1, 1, 1, 0, 0, 1440.42, -4391.56, 25.4627, 3.20579, 300, 0, 0, 5342, 0, 0);

DELETE FROM `creature` WHERE `id`=200064;
INSERT INTO `creature` (`guid`,`id`,`map`,`spawnMask`,`phaseMask`,`modelid`,`equipment_id`,`position_x`,`position_y`,`position_z`,`orientation`,`spawntimesecs`,`spawndist`,`currentwaypoint`,`curhealth`,`curmana`,`MovementType`) VALUES
(201217, 200064, 0, 1, 1, 0, 0, -8902.03, 570.671, 93.0033, 5.41231, 300, 0, 0, 5342, 0, 0),
(201388, 200064, 1, 1, 1, 0, 0, 1440.89, -4394.79, 25.4627, 3.26548, 300, 0, 0, 5342, 0, 0);

DELETE FROM `creature` WHERE `id`=220008;
INSERT INTO `creature` (`guid`,`id`,`map`,`spawnMask`,`phaseMask`,`modelid`,`equipment_id`,`position_x`,`position_y`,`position_z`,`orientation`,`spawntimesecs`,`spawndist`,`currentwaypoint`,`curhealth`,`curmana`,`MovementType`) VALUES
(201183, 220008, 0, 1, 1, 0, 0, -8937.25, 541.309, 94.3784, 0.712983, 300, 0, 0, 5342, 0, 0),
(201417, 220008, 1, 1, 1, 0, 0, 1441.08, -4397.53, 25.4627, 3.19594, 300, 0, 0, 5342, 0, 0);

DELETE FROM `creature` WHERE `id`=200121;
INSERT INTO `creature` (`guid`,`id`,`map`,`spawnMask`,`phaseMask`,`modelid`,`equipment_id`,`position_x`,`position_y`,`position_z`,`orientation`,`spawntimesecs`,`spawndist`,`currentwaypoint`,`curhealth`,`curmana`,`MovementType`) VALUES
(201230, 200121, 0, 1, 1, 0, 0, -8960.21, 567.515, 93.82, 5.42696, 300, 0, 0, 5342, 0, 0),
(201447, 200121, 1, 1, 1, 0, 0, 1441.47, -4399.7, 25.4623, 3.2219, 300, 0, 0, 5342, 0, 0);

DELETE FROM `creature` WHERE `id`=200114;
INSERT INTO `creature` (`guid`,`id`,`map`,`spawnMask`,`phaseMask`,`modelid`,`equipment_id`,`position_x`,`position_y`,`position_z`,`orientation`,`spawntimesecs`,`spawndist`,`currentwaypoint`,`curhealth`,`curmana`,`MovementType`) VALUES
(201140, 200114, 0, 1, 1, 0, 0, -8951.28, 574.347, 93.7825, 5.40933, 300, 0, 0, 5342, 0, 0),
(201439, 200114, 1, 1, 1, 0, 0, 1441.56, -4402.07, 25.4623, 3.2964, 300, 0, 0, 5342, 0, 0);

DELETE FROM `creature` WHERE `id`=200115;
INSERT INTO `creature` (`guid`,`id`,`map`,`spawnMask`,`phaseMask`,`modelid`,`equipment_id`,`position_x`,`position_y`,`position_z`,`orientation`,`spawntimesecs`,`spawndist`,`currentwaypoint`,`curhealth`,`curmana`,`MovementType`) VALUES
(201141, 200115, 0, 1, 1, 0, 0, -8952.44, 573.487, 93.7843, 5.46431, 300, 0, 0, 5342, 0, 0),
(201440, 200115, 1, 1, 1, 0, 0, 1441.83, -4404.02, 25.4623, 3.26106, 300, 0, 0, 5342, 0, 0);

DELETE FROM `creature` WHERE `id`=200116;
INSERT INTO `creature` (`guid`,`id`,`map`,`spawnMask`,`phaseMask`,`modelid`,`equipment_id`,`position_x`,`position_y`,`position_z`,`orientation`,`spawntimesecs`,`spawndist`,`currentwaypoint`,`curhealth`,`curmana`,`MovementType`) VALUES
(201142, 200116, 0, 1, 1, 0, 0, -8953.63, 572.564, 93.7858, 5.43447, 300, 0, 0, 5342, 0, 0),
(201441, 200116, 1, 1, 1, 0, 0, 1442.22, -4406.01, 25.4623, 3.30818, 300, 0, 0, 5342, 0, 0);

DELETE FROM `creature` WHERE `id`=200117;
INSERT INTO `creature` (`guid`,`id`,`map`,`spawnMask`,`phaseMask`,`modelid`,`equipment_id`,`position_x`,`position_y`,`position_z`,`orientation`,`spawntimesecs`,`spawndist`,`currentwaypoint`,`curhealth`,`curmana`,`MovementType`) VALUES
(201143, 200117, 0, 1, 1, 0, 0, -8954.86, 571.708, 93.791, 5.44626, 300, 0, 0, 5342, 0, 0),
(201442, 200117, 1, 1, 1, 0, 0, 1442.55, -4407.93, 25.4623, 3.23357, 300, 0, 0, 5342, 0, 0);

DELETE FROM `creature` WHERE `id`=200118;
INSERT INTO `creature` (`guid`,`id`,`map`,`spawnMask`,`phaseMask`,`modelid`,`equipment_id`,`position_x`,`position_y`,`position_z`,`orientation`,`spawntimesecs`,`spawndist`,`currentwaypoint`,`curhealth`,`curmana`,`MovementType`) VALUES
(201233, 200118, 0, 1, 1, 0, 0, -8956.19, 570.667, 93.7968, 5.43716, 300, 0, 0, 5342, 0, 0),
(201443, 200118, 1, 1, 1, 0, 0, 1442.75, -4409.92, 25.4623, 3.22179, 300, 0, 0, 5342, 0, 0);

DELETE FROM `creature` WHERE `id`=200119;
INSERT INTO `creature` (`guid`,`id`,`map`,`spawnMask`,`phaseMask`,`modelid`,`equipment_id`,`position_x`,`position_y`,`position_z`,`orientation`,`spawntimesecs`,`spawndist`,`currentwaypoint`,`curhealth`,`curmana`,`MovementType`) VALUES
(201232, 200119, 0, 1, 1, 0, 0, -8957.42, 569.645, 93.8028, 5.43324, 300, 0, 0, 5342, 0, 0),
(201444, 200119, 1, 1, 1, 0, 0, 1442.94, -4411.88, 25.4623, 3.27677, 300, 0, 0, 5342, 0, 0);

DELETE FROM `creature` WHERE `id`=200120;
INSERT INTO `creature` (`guid`,`id`,`map`,`spawnMask`,`phaseMask`,`modelid`,`equipment_id`,`position_x`,`position_y`,`position_z`,`orientation`,`spawntimesecs`,`spawndist`,`currentwaypoint`,`curhealth`,`curmana`,`MovementType`) VALUES
(201231, 200120, 0, 1, 1, 0, 0, -8958.83, 568.637, 93.8096, 5.44659, 300, 0, 0, 5342, 0, 0),
(201446, 200120, 1, 1, 1, 0, 0, 1443.13, -4413.4, 25.4623, 3.27432, 300, 0, 0, 5342, 0, 0);

DELETE FROM `creature` WHERE `id`=200009;
INSERT INTO `creature` (`guid`,`id`,`map`,`spawnMask`,`phaseMask`,`modelid`,`equipment_id`,`position_x`,`position_y`,`position_z`,`orientation`,`spawntimesecs`,`spawndist`,`currentwaypoint`,`curhealth`,`curmana`,`MovementType`) VALUES
(201100, 200009, 0, 1, 1, 0, 0, -8926.82, 551.26, 94.313, 5.30854, 300, 0, 0, 5342, 0, 0),
(201372, 200009, 1, 1, 1, 0, 0, 1444.39, -4430.71, 25.4627, 1.70446, 300, 0, 0, 5342, 0, 0);

DELETE FROM `creature` WHERE `id`=200010;
INSERT INTO `creature` (`guid`,`id`,`map`,`spawnMask`,`phaseMask`,`modelid`,`equipment_id`,`position_x`,`position_y`,`position_z`,`orientation`,`spawntimesecs`,`spawndist`,`currentwaypoint`,`curhealth`,`curmana`,`MovementType`) VALUES
(201102, 200010, 0, 1, 1, 0, 0, -8925.06, 552.345, 94.3199, 5.35566, 300, 0, 0, 5342, 0, 0),
(201373, 200010, 1, 1, 1, 0, 0, 1441.86, -4431.05, 25.4627, 1.783, 300, 0, 0, 5342, 0, 0);

DELETE FROM `creature` WHERE `id`=200011;
INSERT INTO `creature` (`guid`,`id`,`map`,`spawnMask`,`phaseMask`,`modelid`,`equipment_id`,`position_x`,`position_y`,`position_z`,`orientation`,`spawntimesecs`,`spawndist`,`currentwaypoint`,`curhealth`,`curmana`,`MovementType`) VALUES
(201103, 200011, 0, 1, 1, 0, 0, -8923.59, 553.601, 94.2601, 5.41457, 300, 0, 0, 5342, 0, 0),
(201374, 200011, 1, 1, 1, 0, 0, 1439.14, -4431.26, 25.4627, 1.6919, 300, 0, 0, 5342, 0, 0);

DELETE FROM `creature` WHERE `id`=200012;
INSERT INTO `creature` (`guid`,`id`,`map`,`spawnMask`,`phaseMask`,`modelid`,`equipment_id`,`position_x`,`position_y`,`position_z`,`orientation`,`spawntimesecs`,`spawndist`,`currentwaypoint`,`curhealth`,`curmana`,`MovementType`) VALUES
(201375, 200012, 1, 1, 1, 0, 0, 1436.34, -4431.53, 25.4627, 1.73587, 300, 0, 0, 5342, 0, 0),
(9338144, 200012, 0, 1, 1, 0, 0, -8922.09, 554.899, 94.1736, 5.31014, 300, 0, 0, 5342, 0, 0);

DELETE FROM `creature` WHERE `id`=200013;
INSERT INTO `creature` (`guid`,`id`,`map`,`spawnMask`,`phaseMask`,`modelid`,`equipment_id`,`position_x`,`position_y`,`position_z`,`orientation`,`spawntimesecs`,`spawndist`,`currentwaypoint`,`curhealth`,`curmana`,`MovementType`) VALUES
(201105, 200013, 0, 1, 1, 0, 0, -8920.43, 556.003, 94.0815, 5.36352, 300, 0, 0, 5342, 0, 0),
(201376, 200013, 1, 1, 1, 0, 0, 1433.33, -4431.82, 25.4627, 1.62199, 300, 0, 0, 5342, 0, 0);

DELETE FROM `creature` WHERE `id`=200014;
INSERT INTO `creature` (`guid`,`id`,`map`,`spawnMask`,`phaseMask`,`modelid`,`equipment_id`,`position_x`,`position_y`,`position_z`,`orientation`,`spawntimesecs`,`spawndist`,`currentwaypoint`,`curhealth`,`curmana`,`MovementType`) VALUES
(201377, 200014, 1, 1, 1, 0, 0, 1430.69, -4431.35, 25.4627, 1.67304, 300, 0, 0, 5342, 0, 0),
(9337685, 200014, 0, 1, 1, 0, 0, -8918.78, 557.435, 93.9882, 5.3645, 300, 0, 0, 5342, 0, 0);

DELETE FROM `creature` WHERE `id`=200015;
INSERT INTO `creature` (`guid`,`id`,`map`,`spawnMask`,`phaseMask`,`modelid`,`equipment_id`,`position_x`,`position_y`,`position_z`,`orientation`,`spawntimesecs`,`spawndist`,`currentwaypoint`,`curhealth`,`curmana`,`MovementType`) VALUES
(201378, 200015, 1, 1, 1, 0, 0, 1428.37, -4431.5, 25.4627, 1.66256, 300, 0, 0, 5342, 0, 0),
(9337686, 200015, 0, 1, 1, 0, 0, -8916.85, 558.946, 93.8616, 5.41383, 300, 0, 0, 5342, 0, 0);

DELETE FROM `creature` WHERE `id`=200016;
INSERT INTO `creature` (`guid`,`id`,`map`,`spawnMask`,`phaseMask`,`modelid`,`equipment_id`,`position_x`,`position_y`,`position_z`,`orientation`,`spawntimesecs`,`spawndist`,`currentwaypoint`,`curhealth`,`curmana`,`MovementType`) VALUES
(201249, 200016, 0, 1, 1, 0, 0, -8914.78, 560.279, 93.722, 5.42766, 300, 0, 0, 5342, 0, 0),
(201448, 200016, 1, 1, 1, 0, 0, 1425.89, -4430.47, 25.4623, 0.680285, 300, 0, 0, 5342, 0, 0);

DELETE FROM `creature` WHERE `id`=220003;
INSERT INTO `creature` (`guid`,`id`,`map`,`spawnMask`,`phaseMask`,`modelid`,`equipment_id`,`position_x`,`position_y`,`position_z`,`orientation`,`spawntimesecs`,`spawndist`,`currentwaypoint`,`curhealth`,`curmana`,`MovementType`) VALUES
(201420, 220003, 1, 1, 1, 0, 0, 1427.39, -4420.5, 25.4627, 0.136305, 300, 0, 0, 5342, 0, 0),
(9337675, 220003, 0, 1, 1, 0, 1728, -8929.93, 532.407, 94.4264, 0.702467, 300, 0, 0, 5342, 0, 0);

DELETE FROM `creature` WHERE `id`=220000;
INSERT INTO `creature` (`guid`,`id`,`map`,`spawnMask`,`phaseMask`,`modelid`,`equipment_id`,`position_x`,`position_y`,`position_z`,`orientation`,`spawntimesecs`,`spawndist`,`currentwaypoint`,`curhealth`,`curmana`,`MovementType`) VALUES
(9337682, 220000, 0, 1, 1, 0, 4321, -8928.58, 530.4, 94.4189, 0.678247, 300, 0, 0, 5342, 0, 0),
(201419, 220000, 1, 1, 1, 0, 0, 1427.49, -4417.65, 25.4627, 0.148082, 300, 0, 0, 5342, 0, 0);

DELETE FROM `creature` WHERE `id`=200084;
INSERT INTO `creature` (`guid`,`id`,`map`,`spawnMask`,`phaseMask`,`modelid`,`equipment_id`,`position_x`,`position_y`,`position_z`,`orientation`,`spawntimesecs`,`spawndist`,`currentwaypoint`,`curhealth`,`curmana`,`MovementType`) VALUES
(201200, 200084, 0, 1, 1, 0, 0, -8935.95, 539.787, 94.3772, 0.664323, 300, 0, 0, 5342, 0, 0),
(201449, 200084, 1, 1, 1, 0, 0, 1428.67, -4411.1, 25.4627, 0.0551955, 300, 0, 0, 5342, 0, 0);

DELETE FROM `creature` WHERE `id`=200067;
INSERT INTO `creature` (`guid`,`id`,`map`,`spawnMask`,`phaseMask`,`modelid`,`equipment_id`,`position_x`,`position_y`,`position_z`,`orientation`,`spawntimesecs`,`spawndist`,`currentwaypoint`,`curhealth`,`curmana`,`MovementType`) VALUES
(201119, 200067, 0, 1, 1, 0, 0, -8938.36, 542.892, 94.3779, 0.705565, 300, 0, 0, 5342, 0, 0),
(201389, 200067, 1, 1, 1, 0, 1949, 1428.23, -4409.28, 25.4627, 0.0963259, 300, 0, 0, 5342, 0, 0);

DELETE FROM `creature` WHERE `id`=200068;
INSERT INTO `creature` (`guid`,`id`,`map`,`spawnMask`,`phaseMask`,`modelid`,`equipment_id`,`position_x`,`position_y`,`position_z`,`orientation`,`spawntimesecs`,`spawndist`,`currentwaypoint`,`curhealth`,`curmana`,`MovementType`) VALUES
(201120, 200068, 0, 1, 1, 0, 0, -8939.62, 544.275, 94.3767, 0.67645, 300, 0, 0, 5342, 0, 0),
(201390, 200068, 1, 1, 1, 0, 3245, 1427.81, -4406.6, 25.4627, 0.100253, 300, 0, 0, 5342, 0, 0);

DELETE FROM `creature` WHERE `id`=200069;
INSERT INTO `creature` (`guid`,`id`,`map`,`spawnMask`,`phaseMask`,`modelid`,`equipment_id`,`position_x`,`position_y`,`position_z`,`orientation`,`spawntimesecs`,`spawndist`,`currentwaypoint`,`curhealth`,`curmana`,`MovementType`) VALUES
(201121, 200069, 0, 1, 1, 0, 0, -8940.81, 545.933, 94.3755, 0.672523, 300, 0, 0, 5342, 0, 0),
(201391, 200069, 1, 1, 1, 0, 0, 1427.4, -4404.02, 25.4627, 0.139522, 300, 0, 0, 5342, 0, 0);

DELETE FROM `creature` WHERE `id`=200073;
INSERT INTO `creature` (`guid`,`id`,`map`,`spawnMask`,`phaseMask`,`modelid`,`equipment_id`,`position_x`,`position_y`,`position_z`,`orientation`,`spawntimesecs`,`spawndist`,`currentwaypoint`,`curhealth`,`curmana`,`MovementType`) VALUES
(201123, 200073, 0, 1, 1, 0, 0, -8941.81, 547.03, 94.3755, 0.664669, 300, 0, 0, 5342, 0, 0),
(201396, 200073, 1, 1, 1, 0, 0, 1427.15, -4401.95, 25.4627, 0.0847166, 300, 0, 0, 5342, 0, 0);

DELETE FROM `creature` WHERE `id`=200077;
INSERT INTO `creature` (`guid`,`id`,`map`,`spawnMask`,`phaseMask`,`modelid`,`equipment_id`,`position_x`,`position_y`,`position_z`,`orientation`,`spawntimesecs`,`spawndist`,`currentwaypoint`,`curhealth`,`curmana`,`MovementType`) VALUES
(201125, 200077, 0, 1, 1, 0, 0, -8942.83, 548.413, 94.3734, 0.707867, 300, 0, 0, 5342, 0, 0),
(201397, 200077, 1, 1, 1, 0, 0, 1426.79, -4399.99, 25.4627, 0.110004, 300, 0, 0, 5342, 0, 0);

DELETE FROM `creature` WHERE `id`=200080;
INSERT INTO `creature` (`guid`,`id`,`map`,`spawnMask`,`phaseMask`,`modelid`,`equipment_id`,`position_x`,`position_y`,`position_z`,`orientation`,`spawntimesecs`,`spawndist`,`currentwaypoint`,`curhealth`,`curmana`,`MovementType`) VALUES
(201126, 200080, 0, 1, 1, 0, 0, -8943.87, 549.619, 94.3857, 0.754992, 300, 0, 0, 5342, 0, 0),
(201398, 200080, 1, 1, 1, 0, 0, 1426.54, -4398.09, 25.4627, 0.13278, 300, 0, 0, 5342, 0, 0);

DELETE FROM `creature` WHERE `id`=220004;
INSERT INTO `creature` (`guid`,`id`,`map`,`spawnMask`,`phaseMask`,`modelid`,`equipment_id`,`position_x`,`position_y`,`position_z`,`orientation`,`spawntimesecs`,`spawndist`,`currentwaypoint`,`curhealth`,`curmana`,`MovementType`) VALUES
(201184, 220004, 0, 1, 1, 0, 0, -8945.06, 551.118, 94.3854, 0.718482, 300, 0, 0, 5342, 0, 0),
(201395, 220004, 1, 1, 1, 0, 0, 1426.52, -4395.89, 25.4627, 0.0191336, 300, 0, 0, 5342, 0, 0);

DELETE FROM `creature` WHERE `id`=200123;
INSERT INTO `creature` (`guid`,`id`,`map`,`spawnMask`,`phaseMask`,`modelid`,`equipment_id`,`position_x`,`position_y`,`position_z`,`orientation`,`spawntimesecs`,`spawndist`,`currentwaypoint`,`curhealth`,`curmana`,`MovementType`) VALUES
(201236, 200123, 0, 1, 1, 0, 0, -8954.96, 555.501, 93.8492, 1.46932, 300, 0, 0, 5342, 0, 0),
(201399, 200123, 1, 1, 1, 0, 0, 1425.89, -4391.58, 25.4627, 0.110411, 300, 0, 0, 5342, 0, 0);

DELETE FROM `creature` WHERE `id`=200122;
INSERT INTO `creature` (`guid`,`id`,`map`,`spawnMask`,`phaseMask`,`modelid`,`equipment_id`,`position_x`,`position_y`,`position_z`,`orientation`,`spawntimesecs`,`spawndist`,`currentwaypoint`,`curhealth`,`curmana`,`MovementType`) VALUES
(201235, 200122, 0, 1, 1, 0, 0, -8952.9, 555.395, 93.841, 1.49288, 300, 0, 0, 5342, 0, 0),
(201470, 200122, 1, 1, 1, 0, 0, 1426.05, -4393.2, 25.4626, 0.120527, 300, 0, 0, 5342, 0, 0);

DELETE FROM `creature` WHERE `id`=200124;
INSERT INTO `creature` (`guid`,`id`,`map`,`spawnMask`,`phaseMask`,`modelid`,`equipment_id`,`position_x`,`position_y`,`position_z`,`orientation`,`spawntimesecs`,`spawndist`,`currentwaypoint`,`curhealth`,`curmana`,`MovementType`) VALUES
(201237, 200124, 0, 1, 1, 0, 0, -8956.86, 555.755, 93.8521, 1.4379, 300, 0, 0, 5342, 0, 0),
(201400, 200124, 1, 1, 1, 0, 0, 1425.65, -4389.57, 25.4627, 0.138689, 300, 0, 0, 5342, 0, 0);

DELETE FROM `creature` WHERE `id`=200125;
INSERT INTO `creature` (`guid`,`id`,`map`,`spawnMask`,`phaseMask`,`modelid`,`equipment_id`,`position_x`,`position_y`,`position_z`,`orientation`,`spawntimesecs`,`spawndist`,`currentwaypoint`,`curhealth`,`curmana`,`MovementType`) VALUES
(201240, 200125, 0, 1, 1, 0, 0, -8958.79, 556.031, 93.8656, 1.49794, 300, 0, 0, 5342, 0, 0),
(201401, 200125, 1, 1, 1, 0, 0, 1425.27, -4387.42, 25.4627, 0.154397, 300, 0, 0, 5342, 0, 0);

DELETE FROM `creature` WHERE `id`=200126;
INSERT INTO `creature` (`guid`,`id`,`map`,`spawnMask`,`phaseMask`,`modelid`,`equipment_id`,`position_x`,`position_y`,`position_z`,`orientation`,`spawntimesecs`,`spawndist`,`currentwaypoint`,`curhealth`,`curmana`,`MovementType`) VALUES
(201241, 200126, 0, 1, 1, 0, 0, -8960.77, 556.23, 93.8736, 1.53328, 300, 0, 0, 5342, 0, 0),
(201402, 200126, 1, 1, 1, 0, 0, 1424.99, -4385.47, 25.4627, 0.150859, 300, 0, 0, 5342, 0, 0);

DELETE FROM `creature` WHERE `id`=200133;
INSERT INTO `creature` (`guid`,`id`,`map`,`spawnMask`,`phaseMask`,`modelid`,`equipment_id`,`position_x`,`position_y`,`position_z`,`orientation`,`spawntimesecs`,`spawndist`,`currentwaypoint`,`curhealth`,`curmana`,`MovementType`) VALUES
(201156, 200133, 0, 1, 1, 0, 0, -8918.81, 537.589, 94.8596, 3.92805, 300, 0, 0, 5342, 0, 0),
(201408, 200133, 1, 1, 1, 0, 0, 1424.57, -4382.98, 25.4627, 0.13534, 300, 0, 0, 5342, 0, 0);

DELETE FROM `creature` WHERE `id`=200134;
INSERT INTO `creature` (`guid`,`id`,`map`,`spawnMask`,`phaseMask`,`modelid`,`equipment_id`,`position_x`,`position_y`,`position_z`,`orientation`,`spawntimesecs`,`spawndist`,`currentwaypoint`,`curhealth`,`curmana`,`MovementType`) VALUES
(201199, 200134, 0, 1, 1, 0, 0, -8934.77, 538.185, 94.3793, 0.722823, 300, 0, 0, 5342, 0, 0),
(201409, 200134, 1, 1, 1, 0, 0, 1424.46, -4380.98, 25.4627, 0.0827188, 300, 0, 0, 5342, 0, 0);

DELETE FROM `creature` WHERE `id`=200135;
INSERT INTO `creature` (`guid`,`id`,`map`,`spawnMask`,`phaseMask`,`modelid`,`equipment_id`,`position_x`,`position_y`,`position_z`,`orientation`,`spawntimesecs`,`spawndist`,`currentwaypoint`,`curhealth`,`curmana`,`MovementType`) VALUES
(9338226, 200135, 0, 1, 1, 0, 1949, -8940.63, 564.309, 93.7997, 3.71793, 300, 0, 0, 53420, 0, 0),
(201410, 200135, 1, 1, 1, 0, 1949, 1424.27, -4378.62, 25.4627, 0.114134, 300, 0, 0, 5342, 0, 0);

DELETE FROM `creature` WHERE `id`=200106;
INSERT INTO `creature` (`guid`,`id`,`map`,`spawnMask`,`phaseMask`,`modelid`,`equipment_id`,`position_x`,`position_y`,`position_z`,`orientation`,`spawntimesecs`,`spawndist`,`currentwaypoint`,`curhealth`,`curmana`,`MovementType`) VALUES
(201157, 200106, 0, 1, 1, 0, 0, -8917.02, 535.308, 95.0445, 3.76798, 300, 0, 0, 5342, 0, 0),
(201251, 200106, 0, 1, 1, 0, 0, -9141.05, 368.215, 90.769, 2.33717, 300, 0, 0, 5342, 0, 0),
(201252, 200106, 1, 1, 1, 0, 0, 1323.2, -4394.54, 26.2344, 1.8001, 300, 0, 0, 5342, 0, 0),
(201423, 200106, 1, 1, 1, 0, 0, 1419.79, -4372.65, 25.4627, 1.72685, 300, 0, 0, 5342, 0, 0);

DELETE FROM `creature` WHERE `id`=200107;
INSERT INTO `creature` (`guid`,`id`,`map`,`spawnMask`,`phaseMask`,`modelid`,`equipment_id`,`position_x`,`position_y`,`position_z`,`orientation`,`spawntimesecs`,`spawndist`,`currentwaypoint`,`curhealth`,`curmana`,`MovementType`) VALUES
(201250, 200107, 0, 1, 1, 0, 0, -8916.29, 534.134, 94.9506, 3.8522, 300, 0, 0, 5342, 0, 0),
(201424, 200107, 1, 1, 1, 0, 0, 1417.67, -4372.96, 25.4627, 1.7347, 300, 0, 0, 5342, 0, 0);

DELETE FROM `creature` WHERE `id`=200108;
INSERT INTO `creature` (`guid`,`id`,`map`,`spawnMask`,`phaseMask`,`modelid`,`equipment_id`,`position_x`,`position_y`,`position_z`,`orientation`,`spawntimesecs`,`spawndist`,`currentwaypoint`,`curhealth`,`curmana`,`MovementType`) VALUES
(201459, 200108, 0, 1, 1, 0, 0, -8918.04, 536.193, 94.9968, 3.81296, 300, 0, 0, 5342, 0, 0),
(201425, 200108, 1, 1, 1, 0, 0, 1415.38, -4373.3, 25.4627, 1.69543, 300, 0, 0, 5342, 0, 0);

DELETE FROM `creature` WHERE `id`=200109;
INSERT INTO `creature` (`guid`,`id`,`map`,`spawnMask`,`phaseMask`,`modelid`,`equipment_id`,`position_x`,`position_y`,`position_z`,`orientation`,`spawntimesecs`,`spawndist`,`currentwaypoint`,`curhealth`,`curmana`,`MovementType`) VALUES
(201136, 200109, 0, 1, 1, 0, 0, -8915.33, 533.108, 94.8559, 3.89744, 300, 0, 0, 5342, 0, 0),
(201426, 200109, 1, 1, 1, 0, 0, 1412.89, -4373.48, 25.4627, 1.62867, 300, 0, 0, 5342, 0, 0);

DELETE FROM `creature` WHERE `id`=200110;
INSERT INTO `creature` (`guid`,`id`,`map`,`spawnMask`,`phaseMask`,`modelid`,`equipment_id`,`position_x`,`position_y`,`position_z`,`orientation`,`spawntimesecs`,`spawndist`,`currentwaypoint`,`curhealth`,`curmana`,`MovementType`) VALUES
(201137, 200110, 0, 1, 1, 0, 0, -8914.39, 532.028, 94.7594, 3.82675, 300, 0, 0, 5342, 0, 0),
(201427, 200110, 1, 1, 1, 0, 0, 1410.48, -4373.85, 25.4627, 1.6326, 300, 0, 0, 5342, 0, 0);

DELETE FROM `creature` WHERE `id`=200112;
INSERT INTO `creature` (`guid`,`id`,`map`,`spawnMask`,`phaseMask`,`modelid`,`equipment_id`,`position_x`,`position_y`,`position_z`,`orientation`,`spawntimesecs`,`spawndist`,`currentwaypoint`,`curhealth`,`curmana`,`MovementType`) VALUES
(201138, 200112, 0, 1, 1, 0, 0, -8913.51, 530.856, 94.6733, 3.89351, 300, 0, 0, 5342, 0, 0),
(201429, 200112, 1, 1, 1, 0, 0, 1407.89, -4374.38, 25.4627, 1.66008, 300, 0, 0, 5342, 0, 0);

DELETE FROM `creature` WHERE `id`=200113;
INSERT INTO `creature` (`guid`,`id`,`map`,`spawnMask`,`phaseMask`,`modelid`,`equipment_id`,`position_x`,`position_y`,`position_z`,`orientation`,`spawntimesecs`,`spawndist`,`currentwaypoint`,`curhealth`,`curmana`,`MovementType`) VALUES
(201139, 200113, 0, 1, 1, 0, 0, -8912.59, 529.555, 94.5522, 3.84639, 300, 0, 0, 5342, 0, 0),
(201430, 200113, 1, 1, 1, 0, 0, 1405.6, -4374.55, 25.4627, 1.70748, 300, 0, 0, 5342, 0, 0);

DELETE FROM `gameobject` WHERE `id`=191330;
INSERT INTO `gameobject` (`guid`,`id`,`map`,`spawnMask`,`phaseMask`,`position_x`,`position_y`,`position_z`,`orientation`,`rotation0`,`rotation1`,`rotation2`,`rotation3`,`spawntimesecs`,`animprogress`,`state`) VALUES
(200209, 191330, 1, 1, 1, 1387.24, -4374.77, 27.2423, 3.17978, 0, 0, 0.999818, -0.0190944, 300, 0, 1),
(200210, 191330, 1, 1, 1, 1385.76, -4362.9, 27.2423, 3.27796, 0, 0, 0.997676, -0.0681306, 300, 0, 1),
(200255, 191330, 0, 1, 1, -9069.5, 420.282, 93.0564, 3.78154, 0, 0, 0.949243, -0.314543, 300, 0, 1),
(200256, 191330, 0, 1, 1, -9081.82, 434.38, 93.0564, 3.78154, 0, 0, 0.949243, -0.314543, 300, 0, 1),
(73589, 191330, 609, 1, 128, 2283.9, -5287.91, 83.066, 1, 0, 0, 0, 1, 180, 0, 1);

DELETE FROM `gameobject` WHERE `id`=179831;
INSERT INTO `gameobject` (`guid`,`id`,`map`,`spawnMask`,`phaseMask`,`position_x`,`position_y`,`position_z`,`orientation`,`rotation0`,`rotation1`,`rotation2`,`rotation3`,`spawntimesecs`,`animprogress`,`state`) VALUES
(200284, 179831, 1, 1, 1, 1384.83, -4360.04, 27.2425, 3.23808, 0, 0, 0.998836, -0.048227, 300, 0, 1),
(200285, 179831, 1, 1, 1, 1387.26, -4378.2, 27.2421, 3.26951, 0, 0, 0.997955, -0.0639141, 300, 0, 1);

DELETE FROM `gameobject` WHERE `id`=24746;
INSERT INTO `gameobject` (`guid`,`id`,`map`,`spawnMask`,`phaseMask`,`position_x`,`position_y`,`position_z`,`orientation`,`rotation0`,`rotation1`,`rotation2`,`rotation3`,`spawntimesecs`,`animprogress`,`state`) VALUES
(5765, 24746, 0, 1, 1, -8428.95, 629.488, 95.7153, 2.09693, 0, 0, 0.866659, 0.498902, 600, 0, 1),
(200250, 24746, 0, 1, 1, -8937.48, 487.854, 94.0818, 0.689755, 0, 0, 0.338082, 0.941117, 300, 0, 1),
(200253, 24746, 1, 1, 1, 1380.59, -4352.65, 26.1033, 2.91178, 0, 0, 0.993405, 0.114655, 300, 0, 1);

DELETE FROM `gameobject` WHERE `id`=191748;
INSERT INTO `gameobject` (`guid`,`id`,`map`,`spawnMask`,`phaseMask`,`position_x`,`position_y`,`position_z`,`orientation`,`rotation0`,`rotation1`,`rotation2`,`rotation3`,`spawntimesecs`,`animprogress`,`state`) VALUES
(49799, 191748, 0, 1, 1, 2509.31, -5560.39, 420.863, -2.55402, 0, 0, 0, 0, 300, 0, 1),
(30003, 191748, 609, 1, 4, 2509.31, -5560.39, 420.86, -2.55, 0, 0, 0.29, 0.96, 180, 0, 1),
(30004, 191748, 609, 1, 35, 2509.31, -5560.39, 420.86, -2.55, 0, 0, 0.29, 0.96, 180, 0, 1),
(30005, 191748, 609, 1, 192, 2509.31, -5560.39, 420.86, -2.55, 0, 0, 0.29, 0.96, 180, 0, 1),
(200216, 191748, 0, 1, 1, -8927.33, 482.256, 93.8603, 1.43898, 0, 0, 0.659003, 0.752141, 300, 0, 1),
(200212, 191748, 1, 1, 1, 1379.55, -4347.42, 26.193, 4.09006, 0, 0, 0.889643, -0.456657, 300, 0, 1);

DELETE FROM `gameobject` WHERE `id`=194127;
INSERT INTO `gameobject` (`guid`,`id`,`map`,`spawnMask`,`phaseMask`,`position_x`,`position_y`,`position_z`,`orientation`,`rotation0`,`rotation1`,`rotation2`,`rotation3`,`spawntimesecs`,`animprogress`,`state`) VALUES
(200248, 194127, 0, 1, 1, -8934.68, 484.991, 94.0887, 5.37483, 0, 0, 0.438726, -0.898621, 300, 0, 1),
(200249, 194127, 1, 1, 1, 1373.44, -4345.37, 26.5157, 3.2633, 0, 0, 0.998149, -0.060817, 300, 0, 1);

DELETE FROM `gameobject` WHERE `id`=179830;
INSERT INTO `gameobject` (`guid`,`id`,`map`,`spawnMask`,`phaseMask`,`position_x`,`position_y`,`position_z`,`orientation`,`rotation0`,`rotation1`,`rotation2`,`rotation3`,`spawntimesecs`,`animprogress`,`state`) VALUES
(200278, 179830, 0, 1, 1, -9067.16, 416.249, 93.2959, 3.80413, 0, 0, 0.94563, -0.325245, 300, 0, 1),
(200279, 179830, 0, 1, 1, -9083.64, 435.403, 93.2957, 3.80806, 0, 0, 0.944989, -0.327102, 300, 0, 1);

DELETE FROM `gameobject` WHERE `id`=187220;
INSERT INTO `gameobject` (`guid`,`id`,`map`,`spawnMask`,`phaseMask`,`position_x`,`position_y`,`position_z`,`orientation`,`rotation0`,`rotation1`,`rotation2`,`rotation3`,`spawntimesecs`,`animprogress`,`state`) VALUES
(200350, 187220, 0, 1, 1, -8963.64, 574.465, 93.8408, 5.44251, 0, 0, 0.408068, -0.912952, 300, 0, 1),
(200344, 187220, 0, 1, 1, -9149.92, 379.31, 90.976, 5.51777, 0, 0, 0.373434, -0.927657, 300, 0, 1),
(200343, 187220, 0, 1, 1, -9145.21, 384.338, 90.7793, 5.4353, 0, 0, 0.411356, -0.911475, 300, 0, 1),
(200342, 187220, 0, 1, 1, -9139.55, 388.802, 90.8505, 5.32142, 0, 0, 0.462561, -0.886588, 300, 0, 1),
(200347, 187220, 0, 1, 1, -9134.67, 392.38, 91.1716, 5.41724, 0, 0, 0.419571, -0.907723, 300, 0, 1),
(200340, 187220, 0, 1, 1, -8975.55, 565.169, 93.8606, 5.40782, 0, 0, 0.423842, -0.905736, 300, 0, 1),
(200338, 187220, 1, 1, 1, 1344.41, -4388.84, 26.1867, 1.63376, 0, 0, 0.729014, 0.684499, 300, 0, 1),
(200337, 187220, 1, 1, 1, 1351.71, -4387.37, 26.1508, 1.98719, 0, 0, 0.837993, 0.545681, 300, 0, 1),
(200336, 187220, 1, 1, 1, 1358.64, -4385.91, 26.1265, 1.8576, 0, 0, 0.800902, 0.598796, 300, 0, 1),
(200335, 187220, 1, 1, 1, 1365.12, -4384.38, 26.0885, 1.86938, 0, 0, 0.804415, 0.594068, 300, 0, 1),
(26858, 187220, 580, 1, 1, 1768.77, 934.162, 15.5475, -1.58412, 0, 0, -0.711801, 0.702381, 180, 100, 1);

DELETE FROM `gameobject` WHERE `id`=187113;
INSERT INTO `gameobject` (`guid`,`id`,`map`,`spawnMask`,`phaseMask`,`position_x`,`position_y`,`position_z`,`orientation`,`rotation0`,`rotation1`,`rotation2`,`rotation3`,`spawntimesecs`,`animprogress`,`state`) VALUES
(40537, 187113, 530, 1, 1, 12793.1, -6966.52, 15.4447, 2.37358, 0, 0, 0.927172, 0.374636, 300, 0, 1),
(200339, 187113, 1, 1, 1, 1348.2, -4388.42, 26.165, 1.80655, 0, 0, 0.785359, 0.61904, 300, 0, 1),
(200345, 187113, 0, 1, 1, -9142.14, 386.443, 90.7521, 5.44709, 0, 0, 0.405979, -0.913882, 300, 0, 1);

REPLACE INTO `creature_template` (`entry`, `difficulty_entry_1`, `difficulty_entry_2`, `difficulty_entry_3`, `KillCredit1`, `KillCredit2`, `modelid1`, `modelid2`, `modelid3`, `modelid4`, `name`, `subname`, `IconName`, `gossip_menu_id`, `minlevel`, `maxlevel`, `exp`, `faction_A`, `faction_H`, `npcflag`, `scale`, `rank`, `mindmg`, `maxdmg`, `dmgschool`, `attackpower`, `dmg_multiplier`, `baseattacktime`, `rangeattacktime`, `unit_class`, `unit_flags`, `dynamicflags`, `family`, `trainer_type`, `trainer_spell`, `trainer_class`, `trainer_race`, `minrangedmg`, `maxrangedmg`, `rangedattackpower`, `type`, `type_flags`, `lootid`, `pickpocketloot`, `skinloot`, `resistance1`, `resistance2`, `resistance3`, `resistance4`, `resistance5`, `resistance6`, `spell1`, `spell2`, `spell3`, `spell4`, `spell5`, `spell6`, `spell7`, `spell8`, `PetSpellDataId`, `VehicleId`, `mingold`, `maxgold`, `AIName`, `MovementType`, `InhabitType`, `Health_mod`, `Mana_mod`, `RacialLeader`, `questItem1`, `questItem2`, `questItem3`, `questItem4`, `questItem5`, `questItem6`, `movementId`, `RegenHealth`, `equipment_id`, `mechanic_immune_mask`, `flags_extra`, `ScriptName`) VALUES (50071, 0, 0, 0, 0, 0, 19952, 0, 19952, 0, 'Necronomicon', 'Tier 6 Set Vendor', '', 0, 83, 83, 0, 35, 35, 129, 1, 2, 5000, 7000, 0, 2000, 100, 2000, 2000, 1, 2, 0, 0, 0, 0, 0, 0, 1000, 2000, 2000, 2, 2, 0, 0, 0, 0, 0, 0, 0, 0, 0, 0, 0, 0, 0, 0, 0, 0, 0, 0, 0, 1000, 1000, '', 0, 3, 100, 51, 0, 0, 0, 0, 0, 0, 0, 0, 1, 0, 0, 2, '');

DELETE FROM `npc_vendor` WHERE (`entry`=50071);
INSERT INTO `npc_vendor` (entry, item, maxcount, incrtime, ExtendedCost) VALUES 
(50071, 30969, 0, 0, 2569),
(50071, 30970, 0, 0, 2569),
(50071, 30972, 0, 0, 2569),
(50071, 30974, 0, 0, 2569),
(50071, 30975, 0, 0, 2569),
(50071, 30976, 0, 0, 2569),
(50071, 30977, 0, 0, 2569),
(50071, 30978, 0, 0, 2569),
(50071, 30979, 0, 0, 2569),
(50071, 30980, 0, 0, 2569),
(50071, 30982, 0, 0, 2569),
(50071, 30983, 0, 0, 2569),
(50071, 30985, 0, 0, 2569),
(50071, 30987, 0, 0, 2569),
(50071, 30988, 0, 0, 2569),
(50071, 30989, 0, 0, 2569),
(50071, 30990, 0, 0, 2569),
(50071, 30991, 0, 0, 2569),
(50071, 30992, 0, 0, 2569),
(50071, 30993, 0, 0, 2569),
(50071, 30994, 0, 0, 2569),
(50071, 30995, 0, 0, 2569),
(50071, 30996, 0, 0, 2569),
(50071, 30997, 0, 0, 2569),
(50071, 30998, 0, 0, 2569),
(50071, 31001, 0, 0, 2569),
(50071, 31003, 0, 0, 2569),
(50071, 31004, 0, 0, 2569),
(50071, 31005, 0, 0, 2569),
(50071, 31006, 0, 0, 2569),
(50071, 31007, 0, 0, 2569),
(50071, 31008, 0, 0, 2569),
(50071, 31011, 0, 0, 2569),
(50071, 31012, 0, 0, 2569),
(50071, 31014, 0, 0, 2569),
(50071, 31015, 0, 0, 2569),
(50071, 31016, 0, 0, 2569),
(50071, 31017, 0, 0, 2569),
(50071, 31018, 0, 0, 2569),
(50071, 31019, 0, 0, 2569),
(50071, 31020, 0, 0, 2569),
(50071, 31021, 0, 0, 2569),
(50071, 31022, 0, 0, 2569),
(50071, 31023, 0, 0, 2569),
(50071, 31024, 0, 0, 2569),
(50071, 31026, 0, 0, 2569),
(50071, 31027, 0, 0, 2569),
(50071, 31028, 0, 0, 2569),
(50071, 31029, 0, 0, 2569),
(50071, 31030, 0, 0, 2569),
(50071, 31032, 0, 0, 2569),
(50071, 31034, 0, 0, 2569),
(50071, 31035, 0, 0, 2569),
(50071, 31037, 0, 0, 2569),
(50071, 31039, 0, 0, 2569),
(50071, 31040, 0, 0, 2569),
(50071, 31041, 0, 0, 2569),
(50071, 31042, 0, 0, 2569),
(50071, 31043, 0, 0, 2569),
(50071, 31044, 0, 0, 2569),
(50071, 31045, 0, 0, 2569),
(50071, 31046, 0, 0, 2569),
(50071, 31047, 0, 0, 2569),
(50071, 31048, 0, 0, 2569),
(50071, 31049, 0, 0, 2569),
(50071, 31050, 0, 0, 2569),
(50071, 31051, 0, 0, 2569),
(50071, 31052, 0, 0, 2569),
(50071, 31053, 0, 0, 2569),
(50071, 31054, 0, 0, 2569),
(50071, 31055, 0, 0, 2569),
(50071, 31056, 0, 0, 2569),
(50071, 31057, 0, 0, 2569),
(50071, 31058, 0, 0, 2569),
(50071, 31059, 0, 0, 2569),
(50071, 31060, 0, 0, 2569),
(50071, 31061, 0, 0, 2569),
(50071, 31063, 0, 0, 2569),
(50071, 31064, 0, 0, 2569),
(50071, 31065, 0, 0, 2569),
(50071, 31066, 0, 0, 2569),
(50071, 31067, 0, 0, 2569),
(50071, 31068, 0, 0, 2569),
(50071, 31069, 0, 0, 2569),
(50071, 31070, 0, 0, 2569);

DELETE FROM `gameobject` WHERE `id`=202302;
INSERT INTO `gameobject` (`guid`,`id`,`map`,`spawnMask`,`phaseMask`,`position_x`,`position_y`,`position_z`,`orientation`,`rotation0`,`rotation1`,`rotation2`,`rotation3`,`spawntimesecs`,`animprogress`,`state`) VALUES
(364, 202302, 668, 3, 1, 5309.51, 2006.64, 709.341, 5.50041, 0, 0, 0.381473, -0.92438, 604800, 100, 1),
(200399, 202302, 0, 1, 1, -8901.27, 506.84, 96.1197, 2.27055, 0, 0, 0.906651, 0.421882, 300, 0, 1),
(200401, 202302, 1, 1, 1, 1456.06, -4418.13, 25.4632, 3.20093, 0, 0, 0.99956, -0.0296641, 300, 0, 1);

DELETE FROM `gameobject` WHERE `id`=202236;
INSERT INTO `gameobject` (`guid`,`id`,`map`,`spawnMask`,`phaseMask`,`position_x`,`position_y`,`position_z`,`orientation`,`rotation0`,`rotation1`,`rotation2`,`rotation3`,`spawntimesecs`,`animprogress`,`state`) VALUES
(3551, 202236, 668, 3, 1, 5309.51, 2006.64, 709.341, 5.53575, 0, 0, 0.365077, -0.930977, 604800, 100, 1),
(200398, 202236, 0, 1, 1, -8901.47, 507.008, 93.8519, 2.24385, 0, 0, 0.900937, 0.433949, 300, 0, 1),
(200402, 202236, 1, 1, 1, 1456.06, -4418.13, 25.4632, 3.20093, 0, 0, 0.99956, -0.0296641, 300, 0, 1);

REPLACE INTO `creature_template` (`entry`, `difficulty_entry_1`, `difficulty_entry_2`, `difficulty_entry_3`, `KillCredit1`, `KillCredit2`, `modelid1`, `modelid2`, `modelid3`, `modelid4`, `name`, `subname`, `IconName`, `gossip_menu_id`, `minlevel`, `maxlevel`, `exp`, `faction_A`, `faction_H`, `npcflag`, `scale`, `rank`, `mindmg`, `maxdmg`, `dmgschool`, `attackpower`, `dmg_multiplier`, `baseattacktime`, `rangeattacktime`, `unit_class`, `unit_flags`, `dynamicflags`, `family`, `trainer_type`, `trainer_spell`, `trainer_class`, `trainer_race`, `minrangedmg`, `maxrangedmg`, `rangedattackpower`, `type`, `type_flags`, `lootid`, `pickpocketloot`, `skinloot`, `resistance1`, `resistance2`, `resistance3`, `resistance4`, `resistance5`, `resistance6`, `spell1`, `spell2`, `spell3`, `spell4`, `spell5`, `spell6`, `spell7`, `spell8`, `PetSpellDataId`, `VehicleId`, `mingold`, `maxgold`, `AIName`, `MovementType`, `InhabitType`, `Health_mod`, `Mana_mod`, `RacialLeader`, `questItem1`, `questItem2`, `questItem3`, `questItem4`, `questItem5`, `questItem6`, `movementId`, `RegenHealth`, `equipment_id`, `mechanic_immune_mask`, `flags_extra`, `ScriptName`) VALUES (12, 0, 0, 0, 0, 0, 28220, 0, 28220, 0, 'NecroStakler', 'Kill Bager No Farm Honor', '', 0, 83, 83, 0, 14, 14, 0, 1, 3, 75000, 85000, 0, 15000, 10000, 1000, 1000, 1, 2, 0, 0, 0, 0, 0, 0, 75555, 75777, 15000, 2, 2, 0, 0, 0, 999, 999, 999, 999, 999, 999, 0, 0, 0, 0, 0, 0, 0, 0, 0, 0, 10000, 10000, '', 0, 3, 5000, 1000, 0, 0, 0, 0, 0, 0, 0, 0, 1, 2029, 0, 0, '');

DELETE FROM `creature` WHERE `id`=50071;
INSERT INTO `creature` (`guid`,`id`,`map`,`spawnMask`,`phaseMask`,`modelid`,`equipment_id`,`position_x`,`position_y`,`position_z`,`orientation`,`spawntimesecs`,`spawndist`,`currentwaypoint`,`curhealth`,`curmana`,`MovementType`) VALUES
(201454, 50071, 1, 1, 1, 0, 0, 1453.97, -4427.87, 25.4624, 1.76638, 300, 0, 0, 580800, 0, 0),
(204330, 50071, 0, 1, 1, 0, 0, -8910.84, 496.496, 93.86, 2.16098, 300, 0, 0, 580800, 0, 0);

REPLACE INTO `creature_template` (`entry`, `difficulty_entry_1`, `difficulty_entry_2`, `difficulty_entry_3`, `KillCredit1`, `KillCredit2`, `modelid1`, `modelid2`, `modelid3`, `modelid4`, `name`, `subname`, `IconName`, `gossip_menu_id`, `minlevel`, `maxlevel`, `exp`, `faction_A`, `faction_H`, `npcflag`, `scale`, `rank`, `mindmg`, `maxdmg`, `dmgschool`, `attackpower`, `dmg_multiplier`, `baseattacktime`, `rangeattacktime`, `unit_class`, `unit_flags`, `dynamicflags`, `family`, `trainer_type`, `trainer_spell`, `trainer_class`, `trainer_race`, `minrangedmg`, `maxrangedmg`, `rangedattackpower`, `type`, `type_flags`, `lootid`, `pickpocketloot`, `skinloot`, `resistance1`, `resistance2`, `resistance3`, `resistance4`, `resistance5`, `resistance6`, `spell1`, `spell2`, `spell3`, `spell4`, `spell5`, `spell6`, `spell7`, `spell8`, `PetSpellDataId`, `VehicleId`, `mingold`, `maxgold`, `AIName`, `MovementType`, `InhabitType`, `Health_mod`, `Mana_mod`, `RacialLeader`, `questItem1`, `questItem2`, `questItem3`, `questItem4`, `questItem5`, `questItem6`, `movementId`, `RegenHealth`, `equipment_id`, `mechanic_immune_mask`, `flags_extra`, `ScriptName`) VALUES (50072, 0, 0, 0, 0, 0, 19952, 0, 19952, 0, 'Pandemonium', 'Tier 1 Set Vendor', '', 0, 83, 83, 0, 35, 35, 129, 1, 2, 5000, 7000, 0, 2000, 1000, 2000, 2000, 1, 2, 0, 0, 0, 0, 0, 0, 1000, 2000, 2000, 2, 2, 0, 0, 0, 0, 0, 0, 0, 0, 0, 0, 0, 0, 0, 0, 0, 0, 0, 0, 0, 1000, 1000, '', 0, 3, 100, 112, 0, 0, 0, 0, 0, 0, 0, 0, 1, 0, 0, 2, '');

REPLACE INTO `creature_template` (`entry`, `difficulty_entry_1`, `difficulty_entry_2`, `difficulty_entry_3`, `KillCredit1`, `KillCredit2`, `modelid1`, `modelid2`, `modelid3`, `modelid4`, `name`, `subname`, `IconName`, `gossip_menu_id`, `minlevel`, `maxlevel`, `exp`, `faction_A`, `faction_H`, `npcflag`, `scale`, `rank`, `mindmg`, `maxdmg`, `dmgschool`, `attackpower`, `dmg_multiplier`, `baseattacktime`, `rangeattacktime`, `unit_class`, `unit_flags`, `dynamicflags`, `family`, `trainer_type`, `trainer_spell`, `trainer_class`, `trainer_race`, `minrangedmg`, `maxrangedmg`, `rangedattackpower`, `type`, `type_flags`, `lootid`, `pickpocketloot`, `skinloot`, `resistance1`, `resistance2`, `resistance3`, `resistance4`, `resistance5`, `resistance6`, `spell1`, `spell2`, `spell3`, `spell4`, `spell5`, `spell6`, `spell7`, `spell8`, `PetSpellDataId`, `VehicleId`, `mingold`, `maxgold`, `AIName`, `MovementType`, `InhabitType`, `Health_mod`, `Mana_mod`, `RacialLeader`, `questItem1`, `questItem2`, `questItem3`, `questItem4`, `questItem5`, `questItem6`, `movementId`, `RegenHealth`, `equipment_id`, `mechanic_immune_mask`, `flags_extra`, `ScriptName`) VALUES (50073, 0, 0, 0, 0, 0, 19952, 0, 19952, 0, 'Giant Void', 'Tier 2 Set Vendor', '', 0, 83, 83, 0, 35, 35, 129, 1, 2, 5000, 7000, 0, 2000, 1000, 2000, 2000, 1, 2, 0, 0, 0, 0, 0, 0, 1000, 2000, 2000, 2, 2, 0, 0, 0, 0, 0, 0, 0, 0, 0, 0, 0, 0, 0, 0, 0, 0, 0, 0, 0, 1000, 1000, '', 0, 3, 100, 112, 0, 0, 0, 0, 0, 0, 0, 0, 1, 0, 0, 2, '');

DELETE FROM `npc_vendor` WHERE (`entry`=50072);
INSERT INTO `npc_vendor` (entry, item, maxcount, incrtime, ExtendedCost) VALUES 
(50072, 16795, 0, 0, 0),
(50072, 16796, 0, 0, 0),
(50072, 16797, 0, 0, 0),
(50072, 16798, 0, 0, 0),
(50072, 16799, 0, 0, 0),
(50072, 16800, 0, 0, 0),
(50072, 16801, 0, 0, 0),
(50072, 16802, 0, 0, 0),
(50072, 16803, 0, 0, 0),
(50072, 16804, 0, 0, 0),
(50072, 16805, 0, 0, 0),
(50072, 16806, 0, 0, 0),
(50072, 16807, 0, 0, 0),
(50072, 16808, 0, 0, 0),
(50072, 16809, 0, 0, 0),
(50072, 16810, 0, 0, 0),
(50072, 16811, 0, 0, 0),
(50072, 16812, 0, 0, 0),
(50072, 16813, 0, 0, 0),
(50072, 16814, 0, 0, 0),
(50072, 16815, 0, 0, 0),
(50072, 16816, 0, 0, 0),
(50072, 16817, 0, 0, 0),
(50072, 16819, 0, 0, 0),
(50072, 16820, 0, 0, 0),
(50072, 16821, 0, 0, 0),
(50072, 16822, 0, 0, 0),
(50072, 16823, 0, 0, 0),
(50072, 16824, 0, 0, 0),
(50072, 16825, 0, 0, 0),
(50072, 16826, 0, 0, 0),
(50072, 16827, 0, 0, 0),
(50072, 16828, 0, 0, 0),
(50072, 16829, 0, 0, 0),
(50072, 16830, 0, 0, 0),
(50072, 16831, 0, 0, 0),
(50072, 16833, 0, 0, 0),
(50072, 16834, 0, 0, 0),
(50072, 16835, 0, 0, 0),
(50072, 16836, 0, 0, 0),
(50072, 16837, 0, 0, 0),
(50072, 16838, 0, 0, 0),
(50072, 16839, 0, 0, 0),
(50072, 16840, 0, 0, 0),
(50072, 16841, 0, 0, 0),
(50072, 16842, 0, 0, 0),
(50072, 16843, 0, 0, 0),
(50072, 16844, 0, 0, 0),
(50072, 16845, 0, 0, 0),
(50072, 16846, 0, 0, 0),
(50072, 16847, 0, 0, 0),
(50072, 16848, 0, 0, 0),
(50072, 16849, 0, 0, 0),
(50072, 16850, 0, 0, 0),
(50072, 16851, 0, 0, 0),
(50072, 16852, 0, 0, 0),
(50072, 16853, 0, 0, 0),
(50072, 16854, 0, 0, 0),
(50072, 16855, 0, 0, 0),
(50072, 16856, 0, 0, 0),
(50072, 16857, 0, 0, 0),
(50072, 16858, 0, 0, 0),
(50072, 16859, 0, 0, 0),
(50072, 16860, 0, 0, 0),
(50072, 16861, 0, 0, 0),
(50072, 16862, 0, 0, 0),
(50072, 16863, 0, 0, 0),
(50072, 16864, 0, 0, 0),
(50072, 16865, 0, 0, 0),
(50072, 16866, 0, 0, 0),
(50072, 16867, 0, 0, 0),
(50072, 16868, 0, 0, 0);

DELETE FROM `npc_vendor` WHERE (`entry`=50073);
INSERT INTO `npc_vendor` (entry, item, maxcount, incrtime, ExtendedCost) VALUES 
(50073, 16818, 0, 0, 0),
(50073, 16832, 0, 0, 0),
(50073, 16897, 0, 0, 0),
(50073, 16898, 0, 0, 0),
(50073, 16899, 0, 0, 0),
(50073, 16900, 0, 0, 0),
(50073, 16901, 0, 0, 0),
(50073, 16902, 0, 0, 0),
(50073, 16903, 0, 0, 0),
(50073, 16904, 0, 0, 0),
(50073, 16905, 0, 0, 0),
(50073, 16906, 0, 0, 0),
(50073, 16907, 0, 0, 0),
(50073, 16908, 0, 0, 0),
(50073, 16909, 0, 0, 0),
(50073, 16910, 0, 0, 0),
(50073, 16911, 0, 0, 0),
(50073, 16912, 0, 0, 0),
(50073, 16913, 0, 0, 0),
(50073, 16914, 0, 0, 0),
(50073, 16915, 0, 0, 0),
(50073, 16916, 0, 0, 0),
(50073, 16917, 0, 0, 0),
(50073, 16918, 0, 0, 0),
(50073, 16919, 0, 0, 0),
(50073, 16920, 0, 0, 0),
(50073, 16921, 0, 0, 0),
(50073, 16922, 0, 0, 0),
(50073, 16923, 0, 0, 0),
(50073, 16924, 0, 0, 0),
(50073, 16925, 0, 0, 0),
(50073, 16926, 0, 0, 0),
(50073, 16927, 0, 0, 0),
(50073, 16928, 0, 0, 0),
(50073, 16929, 0, 0, 0),
(50073, 16930, 0, 0, 0),
(50073, 16931, 0, 0, 0),
(50073, 16932, 0, 0, 0),
(50073, 16933, 0, 0, 0),
(50073, 16934, 0, 0, 0),
(50073, 16935, 0, 0, 0),
(50073, 16936, 0, 0, 0),
(50073, 16937, 0, 0, 0),
(50073, 16938, 0, 0, 0),
(50073, 16939, 0, 0, 0),
(50073, 16940, 0, 0, 0),
(50073, 16941, 0, 0, 0),
(50073, 16942, 0, 0, 0),
(50073, 16943, 0, 0, 0),
(50073, 16944, 0, 0, 0),
(50073, 16945, 0, 0, 0),
(50073, 16946, 0, 0, 0),
(50073, 16947, 0, 0, 0),
(50073, 16948, 0, 0, 0),
(50073, 16949, 0, 0, 0),
(50073, 16950, 0, 0, 0),
(50073, 16951, 0, 0, 0),
(50073, 16952, 0, 0, 0),
(50073, 16953, 0, 0, 0),
(50073, 16954, 0, 0, 0),
(50073, 16955, 0, 0, 0),
(50073, 16956, 0, 0, 0),
(50073, 16957, 0, 0, 0),
(50073, 16958, 0, 0, 0),
(50073, 16959, 0, 0, 0),
(50073, 16960, 0, 0, 0),
(50073, 16961, 0, 0, 0),
(50073, 16962, 0, 0, 0),
(50073, 16963, 0, 0, 0),
(50073, 16964, 0, 0, 0),
(50073, 16965, 0, 0, 0),
(50073, 16966, 0, 0, 0);

DELETE FROM `creature` WHERE `id`=50072;
INSERT INTO `creature` (`guid`,`id`,`map`,`spawnMask`,`phaseMask`,`modelid`,`equipment_id`,`position_x`,`position_y`,`position_z`,`orientation`,`spawntimesecs`,`spawndist`,`currentwaypoint`,`curhealth`,`curmana`,`MovementType`) VALUES
(204378, 50072, 0, 1, 1, 0, 0, -8904.2, 500.644, 93.8578, 2.19797, 300, 0, 0, 580800, 0, 0),
(204383, 50072, 1, 1, 1, 0, 0, 1471.97, -4426.14, 25.4633, 1.67889, 300, 0, 0, 580800, 0, 0);

DELETE FROM `creature` WHERE `id`=50073;
INSERT INTO `creature` (`guid`,`id`,`map`,`spawnMask`,`phaseMask`,`modelid`,`equipment_id`,`position_x`,`position_y`,`position_z`,`orientation`,`spawntimesecs`,`spawndist`,`currentwaypoint`,`curhealth`,`curmana`,`MovementType`) VALUES
(204379, 50073, 0, 1, 1, 0, 0, -8915.92, 491.572, 93.8591, 2.24745, 300, 0, 0, 580800, 0, 0),
(204382, 50073, 1, 1, 1, 0, 0, 1463.2, -4426.93, 25.4633, 1.57365, 300, 0, 0, 580800, 0, 0);

DELETE FROM `gameobject` WHERE `id`=193216;
INSERT INTO `gameobject` (`guid`,`id`,`map`,`spawnMask`,`phaseMask`,`position_x`,`position_y`,`position_z`,`orientation`,`rotation0`,`rotation1`,`rotation2`,`rotation3`,`spawntimesecs`,`animprogress`,`state`) VALUES
(14201, 193216, 1, 1, 1, 1255.35, -4348.34, 38.8331, 0.238657, 0, 0, 0.119046, 0.992889, 300, 0, 1),
(14531811, 193216, 0, 1, 1, -9142.48, 345.753, 91.2732, 0.365968, 0, 0, 0.181965, 0.983305, 300, 0, 1),
(14531801, 193216, 0, 1, 1, -9148.79, 414.158, 93.4734, 5.04414, 0, 0, 0.580647, -0.814156, 300, 0, 1),
(14531800, 193216, 0, 1, 1, -9092.64, 390.605, 93.029, 3.73514, 0, 0, 0.956285, -0.292436, 300, 0, 1),
(14531794, 193216, 1, 1, 1, 1329.2, -4417.64, 26.7459, 1.72713, 0, 0, 0.760165, 0.64973, 300, 0, 1),
(14531793, 193216, 1, 1, 1, 1325.53, -4355.88, 28.379, 5.09537, 0, 0, 0.559603, -0.828761, 300, 0, 1),
(14531808, 193216, 0, 1, 1, -9084.4, 338.945, 93.6773, 3.43642, 0, 0, 0.989154, -0.14688, 300, 0, 1),
(14531805, 193216, 0, 1, 1, -9119.3, 282.113, 100.721, 1.90647, 0, 0, 0.815292, 0.57905, 300, 0, 1),
(14531809, 193216, 0, 1, 1, -9129.76, 309.696, 93.8122, 0.640402, 0, 0, 0.314758, 0.949172, 300, 0, 1),
(14531810, 193216, 0, 1, 1, -9084.61, 306.358, 94.0656, 2.45467, 0, 0, 0.941595, 0.336746, 300, 0, 1);

DELETE FROM `gameobject` WHERE `id`=193215;
INSERT INTO `gameobject` (`guid`,`id`,`map`,`spawnMask`,`phaseMask`,`position_x`,`position_y`,`position_z`,`orientation`,`rotation0`,`rotation1`,`rotation2`,`rotation3`,`spawntimesecs`,`animprogress`,`state`) VALUES
(14122, 193215, 1, 1, 1, 1362.13, -4409.48, 28.7982, 1.52278, 0, 0, 0.689928, 0.723878, 300, 0, 1),
(14531792, 193215, 1, 1, 1, 1248.19, -4375.04, 28.045, 5.72526, 0, 0, 0.275357, -0.961342, 300, 0, 1),
(14531790, 193215, 1, 1, 1, 1346.05, -4334.74, 27.3214, 4.99522, 0, 0, 0.600386, -0.79971, 300, 0, 1),
(14531791, 193215, 1, 1, 1, 1282.32, -4427.25, 26.7471, 0.803687, 0, 0, 0.391116, 0.920342, 300, 0, 1);

DELETE FROM `gameobject` WHERE `id`=201869;
INSERT INTO `gameobject` (`guid`,`id`,`map`,`spawnMask`,`phaseMask`,`position_x`,`position_y`,`position_z`,`orientation`,`rotation0`,`rotation1`,`rotation2`,`rotation3`,`spawntimesecs`,`animprogress`,`state`) VALUES
(14531813, 201869, 0, 1, 1, -8985.43, 557.17, 93.8608, 5.35406, 0, 0, 0.448034, -0.894017, 300, 0, 1),
(14531814, 201869, 0, 1, 1, -8898.72, 508.526, 93.8536, 2.20932, 0, 0, 0.893311, 0.449439, 300, 0, 1);


DELETE FROM `creature` WHERE `id`=14721;
INSERT INTO `creature` (`guid`,`id`,`map`,`spawnMask`,`phaseMask`,`modelid`,`equipment_id`,`position_x`,`position_y`,`position_z`,`orientation`,`spawntimesecs`,`spawndist`,`currentwaypoint`,`curhealth`,`curmana`,`MovementType`) VALUES
(9337646, 14721, 0, 1, 1, 0, 0, -8932.99, 482.78, 94.0943, 0.688839, 300, 0, 0, 68448, 0, 0);

REPLACE INTO playercreateinfo_item  (`race`, `class`, `itemid`, `amount`)  VALUES
(11, 7, 5178, 1), (11, 7, 5175, 1),  (11, 7, 5176, 1), (11, 7, 5177, 1),
(2, 7, 5175, 1),  (2, 7, 5176, 1),  (2, 7, 5177, 1),  (2, 7, 5178, 1),
(6, 7, 5175, 1), (6, 7, 5176, 1), (6, 7, 5177, 1),  (6, 7, 5178, 1),
(8, 7, 5175, 1),  (8, 7, 5176, 1),  (8, 7, 5177, 1),  (8, 7, 5178, 1);

REPLACE INTO `creature_template` (`entry`, `difficulty_entry_1`, `difficulty_entry_2`, `difficulty_entry_3`, `KillCredit1`, `KillCredit2`, `modelid1`, `modelid2`, `modelid3`, `modelid4`, `name`, `subname`, `IconName`, `gossip_menu_id`, `minlevel`, `maxlevel`, `exp`, `faction_A`, `faction_H`, `npcflag`, `scale`, `rank`, `mindmg`, `maxdmg`, `dmgschool`, `attackpower`, `dmg_multiplier`, `baseattacktime`, `rangeattacktime`, `unit_class`, `unit_flags`, `dynamicflags`, `family`, `trainer_type`, `trainer_spell`, `trainer_class`, `trainer_race`, `minrangedmg`, `maxrangedmg`, `rangedattackpower`, `type`, `type_flags`, `lootid`, `pickpocketloot`, `skinloot`, `resistance1`, `resistance2`, `resistance3`, `resistance4`, `resistance5`, `resistance6`, `spell1`, `spell2`, `spell3`, `spell4`, `spell5`, `spell6`, `spell7`, `spell8`, `PetSpellDataId`, `VehicleId`, `mingold`, `maxgold`, `AIName`, `MovementType`, `InhabitType`, `Health_mod`, `Mana_mod`, `RacialLeader`, `questItem1`, `questItem2`, `questItem3`, `questItem4`, `questItem5`, `questItem6`, `movementId`, `RegenHealth`, `equipment_id`, `mechanic_immune_mask`, `flags_extra`, `ScriptName`) VALUES (70010, 0, 0, 0, 0, 0, 22209, 0, 22209, 0, 'Jedidiah Handers', 'Grand Master Mining Trainer', '', 0, 83, 83, 2, 35, 35, 81, 1, 2, 340, 510, 0, 127, 1, 2000, 2000, 1, 2, 8, 0, 2, 0, 0, 0, 272, 408, 102, 7, 2, 0, 0, 0, 0, 0, 0, 0, 0, 0, 0, 0, 0, 0, 0, 0, 0, 0, 0, 0, 0, 0, '', 0, 3, 100, 50, 0, 0, 0, 0, 0, 0, 0, 0, 1, 547, 0, 0, '');

DELETE FROM `npc_trainer` WHERE (`entry`=70010);
INSERT INTO `npc_trainer` (entry, spell, spellcost, reqskill, reqskillvalue, reqlevel) VALUES 
(70010, 2581, 10, 0, 0, 0),
(70010, 2582, 500, 186, 50, 0),
(70010, 2658, 200, 186, 75, 0),
(70010, 2659, 200, 186, 65, 0),
(70010, 3304, 50, 186, 65, 0),
(70010, 3307, 500, 186, 125, 0),
(70010, 3308, 2500, 186, 155, 0),
(70010, 3568, 5000, 186, 125, 10),
(70010, 3569, 2500, 186, 165, 0),
(70010, 10097, 5000, 186, 175, 0),
(70010, 10098, 10000, 186, 230, 0),
(70010, 10249, 50000, 186, 200, 25),
(70010, 16153, 20000, 186, 250, 0),
(70010, 29355, 100000, 186, 275, 40),
(70010, 29356, 40000, 186, 300, 0),
(70010, 29358, 40000, 186, 325, 0),
(70010, 29359, 40000, 186, 350, 0),
(70010, 29360, 40000, 186, 350, 0),
(70010, 29361, 100000, 186, 375, 0),
(70010, 29686, 100000, 186, 375, 0),
(70010, 35750, 10000, 186, 300, 0),
(70010, 35751, 10000, 186, 300, 0),
(70010, 49252, 100000, 186, 350, 0),
(70010, 49258, 150000, 186, 400, 0),
(70010, 50309, 350000, 186, 350, 55),
(70010, 55208, 200000, 186, 450, 0),
(70010, 55211, 200000, 186, 450, 0),
(70010, 70524, 10000, 186, 250, 0);

REPLACE INTO `creature_template` (`entry`, `difficulty_entry_1`, `difficulty_entry_2`, `difficulty_entry_3`, `KillCredit1`, `KillCredit2`, `modelid1`, `modelid2`, `modelid3`, `modelid4`, `name`, `subname`, `IconName`, `gossip_menu_id`, `minlevel`, `maxlevel`, `exp`, `faction_A`, `faction_H`, `npcflag`, `scale`, `rank`, `mindmg`, `maxdmg`, `dmgschool`, `attackpower`, `dmg_multiplier`, `baseattacktime`, `rangeattacktime`, `unit_class`, `unit_flags`, `dynamicflags`, `family`, `trainer_type`, `trainer_spell`, `trainer_class`, `trainer_race`, `minrangedmg`, `maxrangedmg`, `rangedattackpower`, `type`, `type_flags`, `lootid`, `pickpocketloot`, `skinloot`, `resistance1`, `resistance2`, `resistance3`, `resistance4`, `resistance5`, `resistance6`, `spell1`, `spell2`, `spell3`, `spell4`, `spell5`, `spell6`, `spell7`, `spell8`, `PetSpellDataId`, `VehicleId`, `mingold`, `maxgold`, `AIName`, `MovementType`, `InhabitType`, `Health_mod`, `Mana_mod`, `RacialLeader`, `questItem1`, `questItem2`, `questItem3`, `questItem4`, `questItem5`, `questItem6`, `movementId`, `RegenHealth`, `equipment_id`, `mechanic_immune_mask`, `flags_extra`, `ScriptName`) VALUES (70011, 0, 0, 0, 0, 0, 18593, 0, 18593, 0, 'Alard Schmied', 'Grand Master Blacksmithing Trainer', '', 0, 83, 83, 2, 35, 35, 81, 1, 2, 340, 510, 0, 127, 1, 2000, 2000, 1, 2, 8, 0, 2, 0, 0, 0, 272, 408, 102, 7, 2, 0, 0, 0, 0, 0, 0, 0, 0, 0, 0, 0, 0, 0, 0, 0, 0, 0, 0, 0, 0, 0, '', 0, 3, 100, 1, 0, 0, 0, 0, 0, 0, 0, 0, 1, 4321, 0, 0, '');

DELETE FROM `npc_trainer` WHERE (`entry`=70011);
INSERT INTO `npc_trainer` (entry, spell, spellcost, reqskill, reqskillvalue, reqlevel) VALUES 
(70011, 2020, 10, 0, 0, 5),
(70011, 2021, 500, 164, 50, 10),
(70011, 2661, 100, 164, 35, 0),
(70011, 2662, 50, 164, 1, 0),
(70011, 2664, 500, 164, 90, 0),
(70011, 2665, 100, 164, 65, 0),
(70011, 2666, 200, 164, 70, 0),
(70011, 2668, 300, 164, 105, 0),
(70011, 2670, 500, 164, 105, 0),
(70011, 2672, 500, 164, 120, 0),
(70011, 2674, 1000, 164, 125, 0),
(70011, 2675, 1000, 164, 145, 0),
(70011, 2737, 50, 164, 15, 0),
(70011, 2738, 50, 164, 20, 0),
(70011, 2739, 50, 164, 25, 0),
(70011, 2740, 200, 164, 110, 0),
(70011, 2741, 200, 164, 115, 0),
(70011, 2742, 200, 164, 120, 0),
(70011, 3116, 100, 164, 65, 0),
(70011, 3117, 1000, 164, 125, 0),
(70011, 3292, 500, 164, 95, 0),
(70011, 3293, 250, 164, 35, 0),
(70011, 3294, 500, 164, 70, 0),
(70011, 3296, 1000, 164, 130, 0),
(70011, 3319, 50, 164, 20, 0),
(70011, 3320, 100, 164, 25, 0),
(70011, 3323, 100, 164, 40, 0),
(70011, 3324, 200, 164, 45, 0),
(70011, 3326, 250, 164, 75, 0),
(70011, 3328, 500, 164, 110, 0),
(70011, 3331, 500, 164, 130, 0),
(70011, 3333, 1000, 164, 135, 0),
(70011, 3337, 1000, 164, 125, 0),
(70011, 3491, 600, 164, 105, 0),
(70011, 3501, 1000, 164, 165, 0),
(70011, 3502, 1250, 164, 170, 0),
(70011, 3506, 5000, 164, 155, 0),
(70011, 3508, 7500, 164, 180, 0),
(70011, 3539, 5000, 164, 125, 20),
(70011, 6517, 800, 164, 110, 0),
(70011, 7223, 1000, 164, 185, 0),
(70011, 7408, 300, 164, 65, 0),
(70011, 7817, 200, 164, 95, 0),
(70011, 7818, 100, 164, 100, 0),
(70011, 8768, 250, 164, 150, 0),
(70011, 8880, 100, 164, 30, 0),
(70011, 9786, 50000, 164, 200, 35),
(70011, 9916, 2500, 164, 200, 0),
(70011, 9918, 2500, 164, 200, 0),
(70011, 9920, 2500, 164, 200, 0),
(70011, 9921, 2500, 164, 200, 0),
(70011, 9926, 5000, 164, 205, 0),
(70011, 9928, 5000, 164, 205, 0),
(70011, 9931, 5000, 164, 210, 0),
(70011, 9935, 5000, 164, 215, 0),
(70011, 9959, 15000, 164, 230, 0),
(70011, 9961, 15000, 164, 230, 0),
(70011, 9968, 20000, 164, 235, 0),
(70011, 9983, 100, 164, 30, 0),
(70011, 9985, 250, 164, 125, 0),
(70011, 9986, 500, 164, 130, 0),
(70011, 9987, 500, 164, 135, 0),
(70011, 9993, 10000, 164, 210, 0),
(70011, 10001, 15000, 164, 230, 0),
(70011, 14379, 250, 164, 150, 0),
(70011, 14380, 2500, 164, 200, 0),
(70011, 15972, 7500, 164, 180, 0),
(70011, 16639, 10000, 164, 250, 0),
(70011, 16640, 10000, 164, 250, 0),
(70011, 16641, 10000, 164, 250, 0),
(70011, 19666, 100, 164, 100, 0),
(70011, 19667, 250, 164, 150, 0),
(70011, 19668, 2500, 164, 200, 0),
(70011, 19669, 10000, 164, 275, 0),
(70011, 20201, 10000, 164, 275, 0),
(70011, 29545, 15000, 164, 300, 0),
(70011, 29547, 15000, 164, 305, 0),
(70011, 29548, 20000, 164, 315, 0),
(70011, 29549, 20000, 164, 315, 0),
(70011, 29550, 25000, 164, 325, 0),
(70011, 29551, 15000, 164, 300, 0),
(70011, 29552, 18000, 164, 310, 0),
(70011, 29553, 20000, 164, 315, 0),
(70011, 29556, 22000, 164, 320, 0),
(70011, 29557, 18000, 164, 310, 0),
(70011, 29558, 20000, 164, 315, 0),
(70011, 29565, 22000, 164, 320, 0),
(70011, 29654, 15000, 164, 300, 0),
(70011, 29845, 100000, 164, 275, 50),
(70011, 32284, 25000, 164, 325, 0),
(70011, 32655, 10000, 164, 300, 0),
(70011, 34607, 15000, 164, 300, 0),
(70011, 34979, 600, 164, 100, 0),
(70011, 34981, 7500, 164, 200, 0),
(70011, 34982, 10000, 164, 300, 0),
(70011, 34983, 50000, 164, 350, 0),
(70011, 51298, 350000, 164, 350, 65),
(70011, 52567, 30000, 164, 370, 0),
(70011, 52568, 30000, 164, 350, 0),
(70011, 52569, 30000, 164, 350, 0),
(70011, 52570, 30000, 164, 375, 0),
(70011, 52571, 30000, 164, 370, 0),
(70011, 52572, 30000, 164, 360, 0),
(70011, 54550, 30000, 164, 360, 0),
(70011, 54551, 40000, 164, 395, 0),
(70011, 54552, 40000, 164, 400, 0),
(70011, 54553, 40000, 164, 400, 0),
(70011, 54554, 40000, 164, 395, 0),
(70011, 54555, 40000, 164, 405, 0),
(70011, 54556, 40000, 164, 405, 0),
(70011, 54557, 40000, 164, 390, 0),
(70011, 54917, 30000, 164, 375, 0),
(70011, 54918, 30000, 164, 380, 0),
(70011, 54941, 30000, 164, 385, 0),
(70011, 54944, 30000, 164, 385, 0),
(70011, 54945, 35000, 164, 390, 0),
(70011, 54946, 30000, 164, 395, 0),
(70011, 54947, 35000, 164, 395, 0),
(70011, 54948, 30000, 164, 400, 0),
(70011, 54949, 30000, 164, 400, 0),
(70011, 55013, 40000, 164, 390, 0),
(70011, 55014, 35000, 164, 410, 0),
(70011, 55015, 40000, 164, 415, 0),
(70011, 55017, 40000, 164, 410, 0),
(70011, 55055, 40000, 164, 395, 0),
(70011, 55056, 40000, 164, 400, 0),
(70011, 55057, 40000, 164, 405, 0),
(70011, 55058, 45000, 164, 415, 0),
(70011, 55174, 50000, 164, 390, 0),
(70011, 55177, 50000, 164, 395, 0),
(70011, 55179, 50000, 164, 400, 0),
(70011, 55181, 50000, 164, 405, 0),
(70011, 55182, 40000, 164, 410, 0),
(70011, 55200, 35000, 164, 380, 0),
(70011, 55201, 35000, 164, 380, 0),
(70011, 55202, 35000, 164, 385, 0),
(70011, 55203, 35000, 164, 385, 0),
(70011, 55204, 35000, 164, 390, 0),
(70011, 55206, 40000, 164, 405, 0),
(70011, 55298, 45000, 164, 420, 0),
(70011, 55300, 45000, 164, 420, 0),
(70011, 55301, 45000, 164, 420, 0),
(70011, 55302, 45000, 164, 425, 0),
(70011, 55303, 45000, 164, 425, 0),
(70011, 55304, 45000, 164, 425, 0),
(70011, 55305, 45000, 164, 420, 0),
(70011, 55306, 45000, 164, 420, 0),
(70011, 55307, 45000, 164, 420, 0),
(70011, 55308, 45000, 164, 420, 0),
(70011, 55309, 45000, 164, 420, 0),
(70011, 55310, 45000, 164, 425, 0),
(70011, 55311, 45000, 164, 425, 0),
(70011, 55312, 45000, 164, 425, 0),
(70011, 55369, 180000, 164, 440, 0),
(70011, 55370, 150000, 164, 440, 0),
(70011, 55371, 150000, 164, 440, 0),
(70011, 55372, 120000, 164, 440, 0),
(70011, 55373, 120000, 164, 440, 0),
(70011, 55374, 120000, 164, 440, 0),
(70011, 55375, 120000, 164, 440, 0),
(70011, 55376, 120000, 164, 440, 0),
(70011, 55377, 120000, 164, 440, 0),
(70011, 55628, 45000, 164, 400, 60),
(70011, 55641, 45000, 164, 400, 60),
(70011, 55656, 50000, 164, 415, 0),
(70011, 55732, 42000, 164, 420, 0),
(70011, 55834, 30000, 164, 360, 0),
(70011, 55835, 30000, 164, 370, 0),
(70011, 55839, 42000, 164, 420, 0),
(70011, 56234, 150000, 164, 440, 0),
(70011, 56280, 40000, 164, 410, 0),
(70011, 56357, 42000, 164, 420, 0),
(70011, 56400, 150000, 164, 440, 0),
(70011, 56549, 45000, 164, 420, 0),
(70011, 56550, 45000, 164, 420, 0),
(70011, 56551, 45000, 164, 420, 0),
(70011, 56552, 45000, 164, 420, 0),
(70011, 56553, 45000, 164, 420, 0),
(70011, 56554, 45000, 164, 425, 0),
(70011, 56555, 45000, 164, 425, 0),
(70011, 56556, 45000, 164, 425, 0),
(70011, 59405, 30000, 164, 350, 0),
(70011, 59406, 45000, 164, 430, 0),
(70011, 59436, 40000, 164, 395, 0),
(70011, 59438, 40000, 164, 400, 0),
(70011, 59440, 40000, 164, 405, 0),
(70011, 59441, 45000, 164, 415, 0),
(70011, 59442, 40000, 164, 410, 0),
(70011, 61008, 120000, 164, 425, 0),
(70011, 61009, 120000, 164, 420, 0),
(70011, 61010, 120000, 164, 420, 0),
(70011, 63182, 150000, 164, 440, 0);

REPLACE INTO `creature_template` (`entry`, `difficulty_entry_1`, `difficulty_entry_2`, `difficulty_entry_3`, `KillCredit1`, `KillCredit2`, `modelid1`, `modelid2`, `modelid3`, `modelid4`, `name`, `subname`, `IconName`, `gossip_menu_id`, `minlevel`, `maxlevel`, `exp`, `faction_A`, `faction_H`, `npcflag`, `scale`, `rank`, `mindmg`, `maxdmg`, `dmgschool`, `attackpower`, `dmg_multiplier`, `baseattacktime`, `rangeattacktime`, `unit_class`, `unit_flags`, `dynamicflags`, `family`, `trainer_type`, `trainer_spell`, `trainer_class`, `trainer_race`, `minrangedmg`, `maxrangedmg`, `rangedattackpower`, `type`, `type_flags`, `lootid`, `pickpocketloot`, `skinloot`, `resistance1`, `resistance2`, `resistance3`, `resistance4`, `resistance5`, `resistance6`, `spell1`, `spell2`, `spell3`, `spell4`, `spell5`, `spell6`, `spell7`, `spell8`, `PetSpellDataId`, `VehicleId`, `mingold`, `maxgold`, `AIName`, `MovementType`, `InhabitType`, `Health_mod`, `Mana_mod`, `RacialLeader`, `questItem1`, `questItem2`, `questItem3`, `questItem4`, `questItem5`, `questItem6`, `movementId`, `RegenHealth`, `equipment_id`, `mechanic_immune_mask`, `flags_extra`, `ScriptName`) VALUES (70012, 0, 0, 0, 0, 0, 18637, 0, 18637, 0, 'Timofey Oshenko', 'Grand Master Engineering Trainer', '', 0, 83, 83, 2, 35, 35, 81, 1, 2, 340, 510, 0, 127, 1, 2000, 2000, 1, 2, 8, 0, 2, 0, 0, 0, 272, 408, 102, 7, 2, 0, 0, 0, 0, 0, 0, 0, 0, 0, 0, 0, 0, 0, 0, 0, 0, 0, 0, 0, 0, 0, '', 0, 3, 100, 1, 0, 0, 0, 0, 0, 0, 0, 0, 1, 3245, 0, 0, '');

DELETE FROM `npc_trainer` WHERE (`entry`=70012);
INSERT INTO `npc_trainer` (entry, spell, spellcost, reqskill, reqskillvalue, reqlevel) VALUES 
(70012, 3922, 115, 202, 30, 0),
(70012, 3923, 130, 202, 30, 0),
(70012, 3924, 150, 202, 50, 0),
(70012, 3925, 150, 202, 50, 0),
(70012, 3926, 225, 202, 65, 0),
(70012, 3929, 250, 202, 75, 0),
(70012, 3930, 250, 202, 75, 0),
(70012, 3931, 250, 202, 75, 0),
(70012, 3932, 300, 202, 85, 0),
(70012, 3934, 400, 202, 100, 0),
(70012, 3936, 420, 202, 105, 0),
(70012, 3937, 450, 202, 105, 0),
(70012, 3938, 450, 202, 105, 0),
(70012, 3941, 500, 202, 120, 0),
(70012, 3942, 500, 202, 125, 0),
(70012, 3945, 500, 202, 125, 0),
(70012, 3946, 500, 202, 125, 0),
(70012, 3947, 300, 202, 125, 0),
(70012, 3949, 550, 202, 130, 0),
(70012, 3950, 600, 202, 140, 0),
(70012, 3953, 600, 202, 145, 0),
(70012, 3955, 750, 202, 150, 0),
(70012, 3956, 750, 202, 150, 0),
(70012, 3958, 800, 202, 160, 0),
(70012, 3961, 900, 202, 170, 0),
(70012, 3962, 1000, 202, 175, 0),
(70012, 3963, 1000, 202, 175, 0),
(70012, 3965, 1200, 202, 185, 0),
(70012, 3967, 1400, 202, 190, 0),
(70012, 3973, 300, 202, 90, 0),
(70012, 3977, 200, 202, 60, 0),
(70012, 3978, 475, 202, 110, 0),
(70012, 4039, 10, 0, 0, 5),
(70012, 4040, 500, 202, 50, 10),
(70012, 4041, 5000, 202, 125, 20),
(70012, 6458, 400, 202, 135, 0),
(70012, 7430, 150, 202, 50, 0),
(70012, 8334, 300, 202, 100, 0),
(70012, 9271, 500, 202, 150, 0),
(70012, 12584, 1000, 202, 150, 0),
(70012, 12585, 1000, 202, 175, 0),
(70012, 12586, 1000, 202, 175, 0),
(70012, 12589, 1300, 202, 195, 0),
(70012, 12590, 1000, 202, 175, 0),
(70012, 12591, 1500, 202, 200, 0),
(70012, 12594, 1600, 202, 205, 0),
(70012, 12595, 1600, 202, 205, 0),
(70012, 12596, 1700, 202, 210, 0),
(70012, 12599, 1800, 202, 215, 0),
(70012, 12603, 1800, 202, 215, 0),
(70012, 12615, 2500, 202, 225, 0),
(70012, 12618, 2200, 202, 230, 0),
(70012, 12619, 2400, 202, 235, 0),
(70012, 12621, 2800, 202, 245, 0),
(70012, 12622, 2800, 202, 245, 0),
(70012, 12657, 50000, 202, 200, 35),
(70012, 15255, 1500, 202, 200, 0),
(70012, 19567, 4000, 202, 250, 0),
(70012, 19788, 4000, 202, 250, 0),
(70012, 19790, 10000, 202, 260, 0),
(70012, 19791, 5000, 202, 260, 0),
(70012, 19792, 10000, 202, 260, 0),
(70012, 19794, 20000, 202, 270, 0),
(70012, 19795, 10000, 202, 275, 0),
(70012, 19800, 10000, 202, 285, 0),
(70012, 19825, 20000, 202, 290, 0),
(70012, 23070, 5000, 202, 250, 0),
(70012, 23071, 5000, 202, 260, 0),
(70012, 30303, 10000, 202, 300, 0),
(70012, 30304, 10000, 202, 300, 0),
(70012, 30305, 10000, 202, 300, 0),
(70012, 30306, 20000, 202, 325, 0),
(70012, 30307, 50000, 202, 340, 0),
(70012, 30308, 50000, 202, 340, 0),
(70012, 30309, 50000, 202, 340, 0),
(70012, 30310, 15000, 202, 300, 0),
(70012, 30311, 25000, 202, 325, 0),
(70012, 30312, 20000, 202, 320, 0),
(70012, 30346, 15000, 202, 310, 0),
(70012, 30351, 100000, 202, 275, 50),
(70012, 39971, 20000, 202, 335, 0),
(70012, 40274, 50000, 202, 350, 0),
(70012, 41307, 50000, 202, 375, 0),
(70012, 41311, 50000, 202, 350, 0),
(70012, 41312, 50000, 202, 350, 0),
(70012, 41314, 50000, 202, 350, 0),
(70012, 41315, 50000, 202, 350, 0),
(70012, 41316, 50000, 202, 350, 0),
(70012, 41317, 50000, 202, 350, 0),
(70012, 41318, 50000, 202, 350, 0),
(70012, 41319, 50000, 202, 350, 0),
(70012, 41320, 50000, 202, 350, 0),
(70012, 41321, 50000, 202, 350, 0),
(70012, 44155, 60000, 202, 300, 60),
(70012, 51305, 350000, 202, 350, 65),
(70012, 53281, 50000, 202, 350, 0),
(70012, 54353, 125000, 202, 400, 0),
(70012, 54736, 100000, 202, 390, 0),
(70012, 54793, 100000, 202, 380, 0),
(70012, 54998, 125000, 202, 400, 0),
(70012, 54999, 125000, 202, 400, 0),
(70012, 55002, 100000, 202, 380, 0),
(70012, 55016, 125000, 202, 405, 0),
(70012, 56349, 50000, 202, 350, 0),
(70012, 56459, 100000, 202, 375, 0),
(70012, 56460, 50000, 202, 350, 0),
(70012, 56461, 50000, 202, 375, 0),
(70012, 56462, 150000, 202, 435, 0),
(70012, 56463, 100000, 202, 375, 0),
(70012, 56464, 100000, 202, 375, 0),
(70012, 56465, 125000, 202, 420, 0),
(70012, 56466, 125000, 202, 420, 0),
(70012, 56467, 125000, 202, 420, 0),
(70012, 56468, 125000, 202, 405, 0),
(70012, 56469, 150000, 202, 425, 0),
(70012, 56470, 150000, 202, 425, 0),
(70012, 56471, 100000, 202, 390, 0),
(70012, 56472, 150000, 202, 425, 0),
(70012, 56474, 125000, 202, 410, 0),
(70012, 56475, 125000, 202, 415, 0),
(70012, 56476, 125000, 202, 410, 0),
(70012, 56477, 125000, 202, 415, 0),
(70012, 56478, 200000, 202, 430, 0),
(70012, 56479, 200000, 202, 450, 0),
(70012, 56480, 150000, 202, 440, 0),
(70012, 56481, 150000, 202, 440, 0),
(70012, 56483, 150000, 202, 440, 0),
(70012, 56484, 150000, 202, 440, 0),
(70012, 56486, 150000, 202, 440, 0),
(70012, 56487, 150000, 202, 440, 0),
(70012, 56574, 150000, 202, 440, 0),
(70012, 60874, 200000, 202, 450, 0),
(70012, 61471, 100000, 202, 390, 0),
(70012, 61481, 125000, 202, 420, 0),
(70012, 61482, 125000, 202, 420, 0),
(70012, 61483, 125000, 202, 420, 0),
(70012, 62271, 150000, 202, 440, 0),
(70012, 63750, 5000, 202, 250, 0),
(70012, 63765, 100000, 202, 380, 0),
(70012, 63770, 125000, 202, 400, 0),
(70012, 67326, 100000, 202, 410, 0),
(70012, 67839, 100000, 202, 410, 0),
(70012, 67920, 150000, 202, 435, 0);

REPLACE INTO `creature_template` (`entry`, `difficulty_entry_1`, `difficulty_entry_2`, `difficulty_entry_3`, `KillCredit1`, `KillCredit2`, `modelid1`, `modelid2`, `modelid3`, `modelid4`, `name`, `subname`, `IconName`, `gossip_menu_id`, `minlevel`, `maxlevel`, `exp`, `faction_A`, `faction_H`, `npcflag`, `scale`, `rank`, `mindmg`, `maxdmg`, `dmgschool`, `attackpower`, `dmg_multiplier`, `baseattacktime`, `rangeattacktime`, `unit_class`, `unit_flags`, `dynamicflags`, `family`, `trainer_type`, `trainer_spell`, `trainer_class`, `trainer_race`, `minrangedmg`, `maxrangedmg`, `rangedattackpower`, `type`, `type_flags`, `lootid`, `pickpocketloot`, `skinloot`, `resistance1`, `resistance2`, `resistance3`, `resistance4`, `resistance5`, `resistance6`, `spell1`, `spell2`, `spell3`, `spell4`, `spell5`, `spell6`, `spell7`, `spell8`, `PetSpellDataId`, `VehicleId`, `mingold`, `maxgold`, `AIName`, `MovementType`, `InhabitType`, `Health_mod`, `Mana_mod`, `RacialLeader`, `questItem1`, `questItem2`, `questItem3`, `questItem4`, `questItem5`, `questItem6`, `movementId`, `RegenHealth`, `equipment_id`, `mechanic_immune_mask`, `flags_extra`, `ScriptName`) VALUES (70013, 0, 0, 0, 0, 0, 14733, 0, 14733, 0, 'Didi the Wrench', 'Goblin Engineering Trainer', '', 0, 83, 83, 2, 35, 35, 81, 1, 2, 340, 510, 0, 127, 1, 2000, 2000, 1, 2, 8, 0, 2, 0, 0, 0, 272, 408, 102, 7, 2, 0, 0, 0, 0, 0, 0, 0, 0, 0, 0, 0, 0, 0, 0, 0, 0, 0, 0, 0, 0, 0, '', 0, 3, 100, 1, 0, 0, 0, 0, 0, 0, 0, 0, 1, 547, 0, 0, '');

DELETE FROM `npc_trainer` WHERE (`entry`=70013);
INSERT INTO `npc_trainer` (entry, spell, spellcost, reqskill, reqskillvalue, reqlevel) VALUES 
(70013, 8895, 2200, 202, 130, 0),
(70013, 12715, 1000, 202, 205, 0),
(70013, 12716, 1500, 202, 205, 0),
(70013, 12717, 1500, 202, 205, 0),
(70013, 12718, 1500, 202, 205, 0),
(70013, 12754, 2600, 202, 235, 0),
(70013, 12755, 2400, 202, 230, 0),
(70013, 12758, 3000, 202, 245, 0),
(70013, 12760, 1500, 202, 205, 0),
(70013, 12908, 2800, 202, 240, 0),
(70013, 13240, 1500, 202, 205, 0),
(70013, 30558, 25000, 202, 325, 0),
(70013, 30560, 35000, 202, 340, 0),
(70013, 30563, 50000, 202, 350, 0),
(70013, 30565, 100000, 202, 375, 0),
(70013, 30566, 100000, 202, 375, 0),
(70013, 56514, 150000, 202, 425, 0);

REPLACE INTO `creature_template` (`entry`, `difficulty_entry_1`, `difficulty_entry_2`, `difficulty_entry_3`, `KillCredit1`, `KillCredit2`, `modelid1`, `modelid2`, `modelid3`, `modelid4`, `name`, `subname`, `IconName`, `gossip_menu_id`, `minlevel`, `maxlevel`, `exp`, `faction_A`, `faction_H`, `npcflag`, `scale`, `rank`, `mindmg`, `maxdmg`, `dmgschool`, `attackpower`, `dmg_multiplier`, `baseattacktime`, `rangeattacktime`, `unit_class`, `unit_flags`, `dynamicflags`, `family`, `trainer_type`, `trainer_spell`, `trainer_class`, `trainer_race`, `minrangedmg`, `maxrangedmg`, `rangedattackpower`, `type`, `type_flags`, `lootid`, `pickpocketloot`, `skinloot`, `resistance1`, `resistance2`, `resistance3`, `resistance4`, `resistance5`, `resistance6`, `spell1`, `spell2`, `spell3`, `spell4`, `spell5`, `spell6`, `spell7`, `spell8`, `PetSpellDataId`, `VehicleId`, `mingold`, `maxgold`, `AIName`, `MovementType`, `InhabitType`, `Health_mod`, `Mana_mod`, `RacialLeader`, `questItem1`, `questItem2`, `questItem3`, `questItem4`, `questItem5`, `questItem6`, `movementId`, `RegenHealth`, `equipment_id`, `mechanic_immune_mask`, `flags_extra`, `ScriptName`) VALUES (70014, 0, 0, 0, 0, 0, 28170, 0, 28170, 0, 'Findle Whistlesteam', 'Gnome Engineering Trainer', '', 0, 83, 83, 2, 35, 35, 81, 1, 2, 340, 510, 0, 127, 1, 2000, 2000, 1, 32768, 8, 0, 2, 0, 0, 0, 272, 408, 102, 7, 4096, 0, 0, 0, 0, 0, 0, 0, 0, 0, 0, 0, 0, 0, 0, 0, 0, 0, 0, 0, 0, 0, '', 0, 3, 100, 1, 0, 0, 0, 0, 0, 0, 0, 0, 1, 4493, 0, 0, '');

DELETE FROM `npc_trainer` WHERE (`entry`=70014);
INSERT INTO `npc_trainer` (entry, spell, spellcost, reqskill, reqskillvalue, reqlevel) VALUES 
(70014, 12759, 2800, 202, 240, 0),
(70014, 12895, 1500, 202, 205, 0),
(70014, 12897, 1500, 202, 210, 0),
(70014, 12899, 1500, 202, 205, 0),
(70014, 12902, 1800, 202, 210, 0),
(70014, 12903, 2000, 202, 215, 0),
(70014, 12905, 2200, 202, 225, 0),
(70014, 12906, 2400, 202, 230, 0),
(70014, 12907, 2600, 202, 235, 0),
(70014, 30568, 25000, 202, 325, 0),
(70014, 30569, 35000, 202, 340, 0),
(70014, 30570, 50000, 202, 350, 0),
(70014, 30574, 100000, 202, 375, 0),
(70014, 30575, 100000, 202, 375, 0),
(70014, 56473, 150000, 202, 425, 0);

REPLACE INTO `creature_template` (`entry`, `difficulty_entry_1`, `difficulty_entry_2`, `difficulty_entry_3`, `KillCredit1`, `KillCredit2`, `modelid1`, `modelid2`, `modelid3`, `modelid4`, `name`, `subname`, `IconName`, `gossip_menu_id`, `minlevel`, `maxlevel`, `exp`, `faction_A`, `faction_H`, `npcflag`, `scale`, `rank`, `mindmg`, `maxdmg`, `dmgschool`, `attackpower`, `dmg_multiplier`, `baseattacktime`, `rangeattacktime`, `unit_class`, `unit_flags`, `dynamicflags`, `family`, `trainer_type`, `trainer_spell`, `trainer_class`, `trainer_race`, `minrangedmg`, `maxrangedmg`, `rangedattackpower`, `type`, `type_flags`, `lootid`, `pickpocketloot`, `skinloot`, `resistance1`, `resistance2`, `resistance3`, `resistance4`, `resistance5`, `resistance6`, `spell1`, `spell2`, `spell3`, `spell4`, `spell5`, `spell6`, `spell7`, `spell8`, `PetSpellDataId`, `VehicleId`, `mingold`, `maxgold`, `AIName`, `MovementType`, `InhabitType`, `Health_mod`, `Mana_mod`, `RacialLeader`, `questItem1`, `questItem2`, `questItem3`, `questItem4`, `questItem5`, `questItem6`, `movementId`, `RegenHealth`, `equipment_id`, `mechanic_immune_mask`, `flags_extra`, `ScriptName`) VALUES (70015, 0, 0, 0, 0, 0, 22975, 0, 22975, 0, 'Diane Cannings', 'Grand Master Leatherworking Trainer', '', 0, 83, 83, 2, 35, 35, 81, 1, 2, 340, 510, 0, 127, 1, 2000, 2000, 1, 2, 8, 0, 2, 0, 0, 0, 272, 408, 102, 7, 2, 0, 0, 0, 0, 0, 0, 0, 0, 0, 0, 0, 0, 0, 0, 0, 0, 0, 0, 0, 0, 0, '', 0, 3, 100, 1, 0, 0, 0, 0, 0, 0, 0, 0, 1, 4493, 0, 0, '');

DELETE FROM `npc_trainer` WHERE (`entry`=70015);
INSERT INTO `npc_trainer` (entry, spell, spellcost, reqskill, reqskillvalue, reqlevel) VALUES 
(70015, 2154, 500, 165, 50, 10),
(70015, 2155, 10, 0, 0, 5),
(70015, 3812, 5000, 165, 125, 20),
(70015, 10663, 50000, 165, 200, 35),
(70015, 32550, 100000, 165, 275, 50),
(70015, 50936, 80000, 165, 390, 0),
(70015, 50938, 30000, 165, 375, 0),
(70015, 50939, 30000, 165, 370, 0),
(70015, 50940, 30000, 165, 380, 0),
(70015, 50941, 30000, 165, 370, 0),
(70015, 50942, 30000, 165, 375, 0),
(70015, 50943, 30000, 165, 380, 0),
(70015, 50944, 30000, 165, 370, 0),
(70015, 50945, 30000, 165, 375, 0),
(70015, 50946, 30000, 165, 380, 0),
(70015, 50947, 30000, 165, 375, 0),
(70015, 50948, 30000, 165, 370, 0),
(70015, 50949, 30000, 165, 380, 0),
(70015, 50950, 30000, 165, 375, 0),
(70015, 50951, 30000, 165, 370, 0),
(70015, 50952, 30000, 165, 375, 0),
(70015, 50953, 30000, 165, 380, 0),
(70015, 50954, 30000, 165, 380, 0),
(70015, 50955, 30000, 165, 370, 0),
(70015, 50956, 30000, 165, 375, 0),
(70015, 50957, 30000, 165, 370, 0),
(70015, 50958, 30000, 165, 380, 0),
(70015, 50959, 30000, 165, 370, 0),
(70015, 50960, 30000, 165, 380, 0),
(70015, 50961, 30000, 165, 375, 0),
(70015, 50962, 50000, 165, 350, 0),
(70015, 50963, 80000, 165, 395, 0),
(70015, 50964, 50000, 165, 405, 0),
(70015, 50965, 80000, 165, 425, 0),
(70015, 50966, 50000, 165, 400, 0),
(70015, 50967, 80000, 165, 425, 0),
(70015, 51301, 350000, 165, 350, 65),
(70015, 51568, 100000, 165, 400, 0),
(70015, 51569, 80000, 165, 395, 0),
(70015, 51570, 80000, 165, 395, 0),
(70015, 51571, 30000, 165, 385, 0),
(70015, 51572, 30000, 165, 385, 0),
(70015, 55199, 80000, 165, 395, 0),
(70015, 57683, 70000, 165, 400, 0),
(70015, 57690, 70000, 165, 400, 0),
(70015, 57691, 70000, 165, 400, 0),
(70015, 60583, 50000, 165, 405, 0),
(70015, 60584, 50000, 165, 400, 0),
(70015, 60599, 30000, 165, 385, 0),
(70015, 60600, 30000, 165, 385, 0),
(70015, 60601, 80000, 165, 395, 0),
(70015, 60604, 80000, 165, 395, 0),
(70015, 60605, 100000, 165, 400, 0),
(70015, 60607, 30000, 165, 385, 0),
(70015, 60608, 30000, 165, 385, 0),
(70015, 60611, 80000, 165, 395, 0),
(70015, 60613, 80000, 165, 395, 0),
(70015, 60620, 100000, 165, 400, 0),
(70015, 60622, 30000, 165, 385, 0),
(70015, 60624, 30000, 165, 385, 0),
(70015, 60627, 80000, 165, 395, 0),
(70015, 60629, 80000, 165, 395, 0),
(70015, 60630, 80000, 165, 400, 0),
(70015, 60631, 80000, 165, 380, 0),
(70015, 60637, 200000, 165, 440, 0),
(70015, 60640, 200000, 165, 440, 0),
(70015, 60643, 50000, 165, 415, 0),
(70015, 60649, 100000, 165, 425, 0),
(70015, 60651, 100000, 165, 420, 0),
(70015, 60652, 100000, 165, 420, 0),
(70015, 60655, 200000, 165, 425, 0),
(70015, 60658, 200000, 165, 420, 0),
(70015, 60660, 100000, 165, 425, 0),
(70015, 60665, 100000, 165, 420, 0),
(70015, 60666, 80000, 165, 420, 0),
(70015, 60669, 100000, 165, 425, 0),
(70015, 60671, 100000, 165, 420, 0),
(70015, 62448, 80000, 165, 425, 0),
(70015, 64661, 50000, 165, 350, 0),
(70015, 69386, 200000, 165, 450, 0),
(70015, 69388, 200000, 165, 450, 0);

REPLACE INTO `creature_template` (`entry`, `difficulty_entry_1`, `difficulty_entry_2`, `difficulty_entry_3`, `KillCredit1`, `KillCredit2`, `modelid1`, `modelid2`, `modelid3`, `modelid4`, `name`, `subname`, `IconName`, `gossip_menu_id`, `minlevel`, `maxlevel`, `exp`, `faction_A`, `faction_H`, `npcflag`, `scale`, `rank`, `mindmg`, `maxdmg`, `dmgschool`, `attackpower`, `dmg_multiplier`, `baseattacktime`, `rangeattacktime`, `unit_class`, `unit_flags`, `dynamicflags`, `family`, `trainer_type`, `trainer_spell`, `trainer_class`, `trainer_race`, `minrangedmg`, `maxrangedmg`, `rangedattackpower`, `type`, `type_flags`, `lootid`, `pickpocketloot`, `skinloot`, `resistance1`, `resistance2`, `resistance3`, `resistance4`, `resistance5`, `resistance6`, `spell1`, `spell2`, `spell3`, `spell4`, `spell5`, `spell6`, `spell7`, `spell8`, `PetSpellDataId`, `VehicleId`, `mingold`, `maxgold`, `AIName`, `MovementType`, `InhabitType`, `Health_mod`, `Mana_mod`, `RacialLeader`, `questItem1`, `questItem2`, `questItem3`, `questItem4`, `questItem5`, `questItem6`, `movementId`, `RegenHealth`, `equipment_id`, `mechanic_immune_mask`, `flags_extra`, `ScriptName`) VALUES (70016, 0, 0, 0, 0, 0, 23590, 0, 23590, 0, 'Derik Marks', 'Grand Master Skinning Trainer', '', 0, 83, 83, 2, 35, 35, 81, 1, 2, 340, 510, 0, 127, 1, 2000, 2000, 1, 2, 8, 0, 2, 0, 0, 0, 272, 408, 102, 7, 2, 0, 0, 0, 0, 0, 0, 0, 0, 0, 0, 0, 0, 0, 0, 0, 0, 0, 0, 0, 0, 0, '', 0, 3, 100, 1, 0, 0, 0, 0, 0, 0, 0, 0, 1, 339, 0, 0, '');

DELETE FROM `npc_trainer` WHERE (`entry`=70016);
INSERT INTO `npc_trainer` (entry, spell, spellcost, reqskill, reqskillvalue, reqlevel) VALUES 
(70016, 8615, 10, 0, 0, 0),
(70016, 8619, 500, 393, 50, 0),
(70016, 8620, 5000, 393, 125, 10),
(70016, 10769, 50000, 393, 200, 25),
(70016, 32679, 100000, 393, 275, 40),
(70016, 50307, 350000, 393, 350, 55);

REPLACE INTO `creature_template` (`entry`, `difficulty_entry_1`, `difficulty_entry_2`, `difficulty_entry_3`, `KillCredit1`, `KillCredit2`, `modelid1`, `modelid2`, `modelid3`, `modelid4`, `name`, `subname`, `IconName`, `gossip_menu_id`, `minlevel`, `maxlevel`, `exp`, `faction_A`, `faction_H`, `npcflag`, `scale`, `rank`, `mindmg`, `maxdmg`, `dmgschool`, `attackpower`, `dmg_multiplier`, `baseattacktime`, `rangeattacktime`, `unit_class`, `unit_flags`, `dynamicflags`, `family`, `trainer_type`, `trainer_spell`, `trainer_class`, `trainer_race`, `minrangedmg`, `maxrangedmg`, `rangedattackpower`, `type`, `type_flags`, `lootid`, `pickpocketloot`, `skinloot`, `resistance1`, `resistance2`, `resistance3`, `resistance4`, `resistance5`, `resistance6`, `spell1`, `spell2`, `spell3`, `spell4`, `spell5`, `spell6`, `spell7`, `spell8`, `PetSpellDataId`, `VehicleId`, `mingold`, `maxgold`, `AIName`, `MovementType`, `InhabitType`, `Health_mod`, `Mana_mod`, `RacialLeader`, `questItem1`, `questItem2`, `questItem3`, `questItem4`, `questItem5`, `questItem6`, `movementId`, `RegenHealth`, `equipment_id`, `mechanic_immune_mask`, `flags_extra`, `ScriptName`) VALUES (70017, 0, 0, 0, 0, 0, 26866, 0, 26866, 0, 'Charles Worth', 'Grand Master Tailoring Trainer', '', 0, 83, 83, 2, 35, 35, 81, 1, 2, 340, 510, 0, 127, 1, 2000, 2000, 1, 2, 8, 0, 2, 0, 0, 0, 272, 408, 102, 7, 2, 0, 0, 0, 0, 0, 0, 0, 0, 0, 0, 0, 0, 0, 0, 0, 0, 0, 0, 0, 0, 0, '', 0, 3, 100, 1, 0, 0, 0, 0, 0, 0, 0, 0, 1, 4493, 0, 0, '');

DELETE FROM `npc_trainer` WHERE (`entry`=70017);
INSERT INTO `npc_trainer` (entry, spell, spellcost, reqskill, reqskillvalue, reqlevel) VALUES 
(70017, 2385, 50, 197, 10, 0),
(70017, 2386, 200, 197, 65, 0),
(70017, 2392, 50, 197, 40, 0),
(70017, 2393, 25, 197, 1, 0),
(70017, 2394, 50, 197, 40, 0),
(70017, 2395, 300, 197, 70, 0),
(70017, 2396, 200, 197, 70, 0),
(70017, 2397, 200, 197, 60, 0),
(70017, 2399, 300, 197, 85, 0),
(70017, 2401, 300, 197, 95, 0),
(70017, 2402, 250, 197, 75, 0),
(70017, 2406, 200, 197, 100, 0),
(70017, 2964, 100, 197, 75, 0),
(70017, 3755, 100, 197, 45, 0),
(70017, 3757, 200, 197, 80, 0),
(70017, 3813, 800, 197, 150, 0),
(70017, 3839, 500, 197, 125, 0),
(70017, 3840, 100, 197, 35, 0),
(70017, 3841, 200, 197, 60, 0),
(70017, 3842, 300, 197, 70, 0),
(70017, 3843, 400, 197, 85, 0),
(70017, 3845, 300, 197, 80, 0),
(70017, 3848, 500, 197, 110, 0),
(70017, 3850, 500, 197, 110, 0),
(70017, 3852, 750, 197, 130, 0),
(70017, 3855, 750, 197, 125, 0),
(70017, 3859, 750, 197, 150, 0),
(70017, 3861, 1000, 197, 185, 0),
(70017, 3865, 1000, 197, 175, 0),
(70017, 3866, 250, 197, 110, 0),
(70017, 3871, 500, 197, 170, 0),
(70017, 3911, 10, 0, 0, 5),
(70017, 3912, 500, 197, 50, 10),
(70017, 3913, 5000, 197, 125, 20),
(70017, 3914, 50, 197, 30, 0),
(70017, 6521, 400, 197, 90, 0),
(70017, 6690, 1000, 197, 135, 0),
(70017, 7623, 50, 197, 30, 0),
(70017, 7624, 50, 197, 30, 0),
(70017, 8465, 50, 197, 40, 0),
(70017, 8467, 250, 197, 110, 0),
(70017, 8483, 500, 197, 160, 0),
(70017, 8489, 750, 197, 175, 0),
(70017, 8758, 600, 197, 140, 0),
(70017, 8760, 600, 197, 145, 0),
(70017, 8762, 750, 197, 160, 0),
(70017, 8764, 900, 197, 170, 0),
(70017, 8766, 1000, 197, 175, 0),
(70017, 8770, 1000, 197, 190, 0),
(70017, 8772, 1000, 197, 175, 0),
(70017, 8774, 1000, 197, 180, 0),
(70017, 8776, 50, 197, 15, 0),
(70017, 8791, 2500, 197, 185, 0),
(70017, 8799, 3000, 197, 195, 0),
(70017, 8804, 5000, 197, 210, 0),
(70017, 12045, 50, 197, 20, 0),
(70017, 12046, 300, 197, 75, 0),
(70017, 12048, 4000, 197, 205, 0),
(70017, 12049, 4000, 197, 205, 0),
(70017, 12050, 4000, 197, 210, 0),
(70017, 12053, 5000, 197, 215, 0),
(70017, 12061, 2500, 197, 215, 0),
(70017, 12065, 5000, 197, 225, 0),
(70017, 12067, 5000, 197, 225, 0),
(70017, 12069, 5000, 197, 225, 0),
(70017, 12070, 5000, 197, 225, 0),
(70017, 12072, 6000, 197, 230, 0),
(70017, 12073, 6000, 197, 230, 0),
(70017, 12074, 6000, 197, 230, 0),
(70017, 12077, 5000, 197, 235, 0),
(70017, 12079, 6500, 197, 235, 0),
(70017, 12088, 7500, 197, 245, 0),
(70017, 12092, 7500, 197, 250, 0),
(70017, 12181, 50000, 197, 200, 35),
(70017, 18401, 10000, 197, 250, 0),
(70017, 18402, 10000, 197, 255, 0),
(70017, 18403, 10000, 197, 255, 0),
(70017, 18406, 10000, 197, 260, 0),
(70017, 18407, 10000, 197, 260, 0),
(70017, 18409, 10000, 197, 265, 0),
(70017, 18410, 10000, 197, 265, 0),
(70017, 18411, 10000, 197, 265, 0),
(70017, 18413, 10000, 197, 270, 0),
(70017, 18414, 10000, 197, 270, 0),
(70017, 18415, 10000, 197, 270, 0),
(70017, 18416, 12500, 197, 275, 0),
(70017, 18417, 12500, 197, 275, 0),
(70017, 18420, 12500, 197, 275, 0),
(70017, 18421, 12500, 197, 275, 0),
(70017, 18423, 15000, 197, 280, 0),
(70017, 18424, 10000, 197, 280, 0),
(70017, 18437, 15000, 197, 285, 0),
(70017, 18438, 15000, 197, 285, 0),
(70017, 18441, 15000, 197, 290, 0),
(70017, 18442, 15000, 197, 290, 0),
(70017, 18444, 15000, 197, 295, 0),
(70017, 18446, 15000, 197, 300, 0),
(70017, 18449, 15000, 197, 300, 0),
(70017, 18450, 15000, 197, 300, 0),
(70017, 18451, 15000, 197, 300, 0),
(70017, 18453, 15000, 197, 300, 0),
(70017, 26745, 20000, 197, 300, 0),
(70017, 26746, 15000, 197, 315, 0),
(70017, 26764, 15000, 197, 310, 0),
(70017, 26765, 15000, 197, 310, 0),
(70017, 26770, 20000, 197, 320, 0),
(70017, 26771, 20000, 197, 325, 0),
(70017, 26772, 20000, 197, 335, 0),
(70017, 26791, 100000, 197, 275, 50),
(70017, 31460, 20000, 197, 300, 0),
(70017, 51308, 350000, 197, 350, 65),
(70017, 55642, 125000, 197, 420, 0),
(70017, 55769, 125000, 197, 420, 0),
(70017, 55777, 125000, 197, 420, 0),
(70017, 55898, 50000, 197, 360, 0),
(70017, 55899, 50000, 197, 350, 0),
(70017, 55900, 125000, 197, 400, 0),
(70017, 55901, 50000, 197, 395, 0),
(70017, 55902, 50000, 197, 350, 0),
(70017, 55903, 50000, 197, 360, 0),
(70017, 55904, 50000, 197, 360, 0),
(70017, 55906, 50000, 197, 375, 0),
(70017, 55907, 50000, 197, 380, 0),
(70017, 55908, 50000, 197, 370, 0),
(70017, 55910, 80000, 197, 385, 0),
(70017, 55911, 80000, 197, 390, 0),
(70017, 55913, 80000, 197, 385, 0),
(70017, 55914, 50000, 197, 395, 0),
(70017, 55919, 100000, 197, 395, 0),
(70017, 55920, 50000, 197, 400, 0),
(70017, 55921, 100000, 197, 405, 0),
(70017, 55922, 100000, 197, 405, 0),
(70017, 55923, 100000, 197, 410, 0),
(70017, 55924, 125000, 197, 410, 0),
(70017, 55925, 125000, 197, 415, 0),
(70017, 55941, 125000, 197, 420, 0),
(70017, 55943, 125000, 197, 415, 0),
(70017, 55995, 50000, 197, 400, 0),
(70017, 56000, 50000, 197, 400, 0),
(70017, 56001, 100000, 197, 415, 0),
(70017, 56002, 100000, 197, 415, 0),
(70017, 56003, 100000, 197, 415, 0),
(70017, 56007, 80000, 197, 410, 0),
(70017, 56008, 100000, 197, 400, 0),
(70017, 56010, 100000, 197, 400, 0),
(70017, 56014, 100000, 197, 390, 0),
(70017, 56015, 100000, 197, 395, 0),
(70017, 56018, 100000, 197, 425, 0),
(70017, 56019, 100000, 197, 420, 0),
(70017, 56020, 100000, 197, 420, 0),
(70017, 56021, 100000, 197, 425, 0),
(70017, 56022, 100000, 197, 420, 0),
(70017, 56023, 100000, 197, 420, 0),
(70017, 56024, 200000, 197, 440, 0),
(70017, 56025, 200000, 197, 435, 0),
(70017, 56026, 200000, 197, 440, 0),
(70017, 56027, 200000, 197, 435, 0),
(70017, 56028, 200000, 197, 440, 0),
(70017, 56029, 200000, 197, 435, 0),
(70017, 56030, 50000, 197, 380, 0),
(70017, 56031, 50000, 197, 350, 0),
(70017, 56034, 100000, 197, 405, 0),
(70017, 56039, 100000, 197, 405, 0),
(70017, 56048, 125000, 197, 410, 0),
(70017, 59582, 100000, 197, 415, 0),
(70017, 59583, 100000, 197, 415, 0),
(70017, 59584, 100000, 197, 420, 0),
(70017, 59585, 100000, 197, 420, 0),
(70017, 59586, 100000, 197, 420, 0),
(70017, 59587, 100000, 197, 420, 0),
(70017, 59588, 120000, 197, 420, 0),
(70017, 59589, 120000, 197, 420, 0),
(70017, 60969, 750000, 197, 410, 0),
(70017, 60971, 150000, 197, 425, 0),
(70017, 60990, 180000, 197, 420, 0),
(70017, 60993, 180000, 197, 425, 0),
(70017, 60994, 180000, 197, 420, 0),
(70017, 63742, 750, 197, 125, 0),
(70017, 64729, 100000, 197, 400, 0),
(70017, 64730, 100000, 197, 405, 0);

REPLACE INTO `creature_template` (`entry`, `difficulty_entry_1`, `difficulty_entry_2`, `difficulty_entry_3`, `KillCredit1`, `KillCredit2`, `modelid1`, `modelid2`, `modelid3`, `modelid4`, `name`, `subname`, `IconName`, `gossip_menu_id`, `minlevel`, `maxlevel`, `exp`, `faction_A`, `faction_H`, `npcflag`, `scale`, `rank`, `mindmg`, `maxdmg`, `dmgschool`, `attackpower`, `dmg_multiplier`, `baseattacktime`, `rangeattacktime`, `unit_class`, `unit_flags`, `dynamicflags`, `family`, `trainer_type`, `trainer_spell`, `trainer_class`, `trainer_race`, `minrangedmg`, `maxrangedmg`, `rangedattackpower`, `type`, `type_flags`, `lootid`, `pickpocketloot`, `skinloot`, `resistance1`, `resistance2`, `resistance3`, `resistance4`, `resistance5`, `resistance6`, `spell1`, `spell2`, `spell3`, `spell4`, `spell5`, `spell6`, `spell7`, `spell8`, `PetSpellDataId`, `VehicleId`, `mingold`, `maxgold`, `AIName`, `MovementType`, `InhabitType`, `Health_mod`, `Mana_mod`, `RacialLeader`, `questItem1`, `questItem2`, `questItem3`, `questItem4`, `questItem5`, `questItem6`, `movementId`, `RegenHealth`, `equipment_id`, `mechanic_immune_mask`, `flags_extra`, `ScriptName`) VALUES (70018, 0, 0, 0, 0, 0, 22974, 0, 22974, 0, 'Professor Pallin', 'Grand Master Inscription Trainer', '', 0, 83, 83, 2, 35, 35, 81, 1, 2, 248, 372, 0, 93, 1, 2000, 2000, 8, 2, 8, 0, 2, 0, 0, 0, 198, 298, 74, 7, 2, 0, 0, 0, 0, 0, 0, 0, 0, 0, 0, 0, 0, 0, 0, 0, 0, 0, 0, 0, 0, 0, '', 0, 3, 100, 1, 0, 0, 0, 0, 0, 0, 0, 0, 1, 4493, 0, 0, '');

DELETE FROM `npc_trainer` WHERE (`entry`=70018);
INSERT INTO `npc_trainer` (entry, spell, spellcost, reqskill, reqskillvalue, reqlevel) VALUES 
(70018, 45357, 10, 0, 0, 5),
(70018, 45375, 10, 0, 0, 5),
(70018, 45376, 500, 773, 50, 10),
(70018, 45377, 5000, 773, 125, 20),
(70018, 45378, 50000, 773, 200, 35),
(70018, 45379, 100000, 773, 275, 50),
(70018, 45380, 350000, 773, 350, 65),
(70018, 48121, 400, 773, 100, 0),
(70018, 48247, 500, 773, 110, 0),
(70018, 48248, 50, 773, 35, 0),
(70018, 50598, 400, 773, 75, 0),
(70018, 50599, 750, 773, 165, 0),
(70018, 50600, 4500, 773, 215, 0),
(70018, 50601, 10000, 773, 260, 0),
(70018, 50602, 20000, 773, 310, 0),
(70018, 50603, 50000, 773, 360, 0),
(70018, 50604, 60000, 773, 410, 0),
(70018, 50605, 400, 773, 75, 0),
(70018, 50606, 750, 773, 160, 0),
(70018, 50607, 4500, 773, 210, 0),
(70018, 50608, 10000, 773, 255, 0),
(70018, 50609, 20000, 773, 295, 0),
(70018, 50610, 50000, 773, 355, 0),
(70018, 50611, 60000, 773, 405, 0),
(70018, 50612, 400, 773, 75, 0),
(70018, 50614, 750, 773, 155, 0),
(70018, 50616, 4500, 773, 205, 0),
(70018, 50617, 10000, 773, 250, 0),
(70018, 50618, 20000, 773, 290, 0),
(70018, 50619, 50000, 773, 350, 0),
(70018, 50620, 60000, 773, 400, 0),
(70018, 52739, 150, 773, 35, 0),
(70018, 52840, 400, 773, 75, 0),
(70018, 52843, 50, 773, 35, 0),
(70018, 53462, 300, 773, 75, 0),
(70018, 56943, 30000, 773, 350, 0),
(70018, 56945, 500, 773, 115, 0),
(70018, 56948, 750, 773, 150, 0),
(70018, 56951, 750, 773, 130, 0),
(70018, 56952, 20000, 773, 310, 0),
(70018, 56953, 1000, 773, 170, 0),
(70018, 56955, 300, 773, 80, 0),
(70018, 56956, 3000, 773, 200, 0),
(70018, 56957, 10000, 773, 260, 0),
(70018, 56959, 4500, 773, 220, 0),
(70018, 56961, 400, 773, 90, 0),
(70018, 56963, 300, 773, 85, 0),
(70018, 56968, 400, 773, 100, 0),
(70018, 56971, 500, 773, 115, 0),
(70018, 56972, 30000, 773, 335, 0),
(70018, 56973, 750, 773, 130, 0),
(70018, 56974, 750, 773, 155, 0),
(70018, 56976, 300, 773, 80, 0),
(70018, 56978, 400, 773, 90, 0),
(70018, 56979, 6000, 773, 225, 0),
(70018, 56980, 50000, 773, 375, 0),
(70018, 56981, 1000, 773, 175, 0),
(70018, 56982, 4500, 773, 205, 0),
(70018, 56984, 30000, 773, 325, 0),
(70018, 56985, 10000, 773, 280, 0),
(70018, 56987, 125000, 773, 400, 0),
(70018, 56991, 20000, 773, 75, 0),
(70018, 56994, 1000, 773, 175, 0),
(70018, 56995, 400, 773, 100, 0),
(70018, 56997, 500, 773, 115, 0),
(70018, 57000, 3000, 773, 200, 0),
(70018, 57001, 6000, 773, 225, 0),
(70018, 57002, 10000, 773, 260, 0),
(70018, 57003, 30000, 773, 350, 0),
(70018, 57004, 300, 773, 80, 0),
(70018, 57005, 750, 773, 130, 0),
(70018, 57006, 50000, 773, 375, 0),
(70018, 57007, 750, 773, 150, 0),
(70018, 57008, 20000, 773, 315, 0),
(70018, 57009, 400, 773, 90, 0),
(70018, 57020, 1000, 773, 180, 0),
(70018, 57022, 300, 773, 80, 0),
(70018, 57023, 4500, 773, 205, 0),
(70018, 57024, 6000, 773, 230, 0),
(70018, 57025, 10000, 773, 265, 0),
(70018, 57026, 20000, 773, 300, 0),
(70018, 57027, 400, 773, 90, 0),
(70018, 57029, 500, 773, 105, 0),
(70018, 57030, 500, 773, 120, 0),
(70018, 57031, 750, 773, 135, 0),
(70018, 57032, 750, 773, 155, 0),
(70018, 57033, 30000, 773, 335, 0),
(70018, 57036, 50000, 773, 375, 0),
(70018, 57113, 30000, 773, 340, 0),
(70018, 57114, 300, 773, 80, 0),
(70018, 57119, 400, 773, 95, 0),
(70018, 57120, 500, 773, 105, 0),
(70018, 57121, 500, 773, 120, 0),
(70018, 57122, 20000, 773, 305, 0),
(70018, 57123, 750, 773, 135, 0),
(70018, 57125, 750, 773, 160, 0),
(70018, 57129, 3000, 773, 185, 0),
(70018, 57131, 4500, 773, 210, 0),
(70018, 57132, 6000, 773, 235, 0),
(70018, 57133, 15000, 773, 285, 0),
(70018, 57151, 4500, 773, 220, 0),
(70018, 57154, 7500, 773, 240, 0),
(70018, 57156, 15000, 773, 285, 0),
(70018, 57157, 750, 773, 125, 0),
(70018, 57158, 400, 773, 95, 0),
(70018, 57161, 1000, 773, 170, 0),
(70018, 57162, 300, 773, 85, 0),
(70018, 57163, 500, 773, 110, 0),
(70018, 57165, 3000, 773, 190, 0),
(70018, 57167, 750, 773, 140, 0),
(70018, 57168, 20000, 773, 320, 0),
(70018, 57172, 30000, 773, 345, 0),
(70018, 57183, 6000, 773, 230, 0),
(70018, 57184, 500, 773, 105, 0),
(70018, 57185, 500, 773, 270, 0),
(70018, 57186, 500, 773, 120, 0),
(70018, 57187, 20000, 773, 315, 0),
(70018, 57188, 750, 773, 135, 0),
(70018, 57192, 30000, 773, 350, 0),
(70018, 57194, 300, 773, 80, 0),
(70018, 57196, 400, 773, 95, 0),
(70018, 57197, 750, 773, 160, 0),
(70018, 57198, 50000, 773, 375, 0),
(70018, 57200, 1000, 773, 180, 0),
(70018, 57201, 4500, 773, 210, 0),
(70018, 57210, 10000, 773, 265, 0),
(70018, 57213, 15000, 773, 285, 0),
(70018, 57216, 10000, 773, 270, 0),
(70018, 57219, 10000, 773, 280, 0),
(70018, 57221, 20000, 773, 300, 0),
(70018, 57222, 30000, 773, 350, 0),
(70018, 57224, 30000, 773, 330, 0),
(70018, 57225, 50000, 773, 375, 0),
(70018, 57226, 20000, 773, 305, 0),
(70018, 57227, 30000, 773, 345, 0),
(70018, 57236, 20000, 773, 300, 0),
(70018, 57238, 500, 773, 110, 0),
(70018, 57239, 300, 773, 85, 0),
(70018, 57240, 750, 773, 125, 0),
(70018, 57241, 3000, 773, 185, 0),
(70018, 57242, 4500, 773, 215, 0),
(70018, 57244, 6000, 773, 235, 0),
(70018, 57245, 750, 773, 140, 0),
(70018, 57246, 400, 773, 95, 0),
(70018, 57248, 50000, 773, 375, 0),
(70018, 57249, 750, 773, 165, 0),
(70018, 57251, 10000, 773, 275, 0),
(70018, 57252, 30000, 773, 330, 0),
(70018, 57257, 30000, 773, 350, 0),
(70018, 57259, 300, 773, 85, 0),
(70018, 57262, 750, 773, 125, 0),
(70018, 57265, 500, 773, 110, 0),
(70018, 57266, 400, 773, 95, 0),
(70018, 57269, 750, 773, 140, 0),
(70018, 57270, 4500, 773, 215, 0),
(70018, 57271, 750, 773, 165, 0),
(70018, 57272, 10000, 773, 275, 0),
(70018, 57274, 7500, 773, 240, 0),
(70018, 57275, 30000, 773, 325, 0),
(70018, 57277, 3000, 773, 190, 0),
(70018, 57703, 400, 773, 85, 0),
(70018, 57704, 400, 773, 100, 0),
(70018, 57706, 750, 773, 125, 0),
(70018, 57707, 750, 773, 150, 0),
(70018, 57708, 750, 773, 175, 0),
(70018, 57709, 3000, 773, 200, 0),
(70018, 57710, 6000, 773, 225, 0),
(70018, 57711, 10000, 773, 250, 0),
(70018, 57712, 10000, 773, 275, 0),
(70018, 57713, 20000, 773, 290, 0),
(70018, 57714, 20000, 773, 325, 0),
(70018, 57715, 50000, 773, 350, 0),
(70018, 57716, 50000, 773, 375, 0),
(70018, 58472, 50, 773, 15, 0),
(70018, 58473, 400, 773, 85, 0),
(70018, 58476, 750, 773, 175, 0),
(70018, 58478, 4500, 773, 225, 0),
(70018, 58480, 10000, 773, 270, 0),
(70018, 58481, 20000, 773, 310, 0),
(70018, 58482, 50000, 773, 370, 0),
(70018, 58483, 60000, 773, 420, 0),
(70018, 58484, 50, 773, 15, 0),
(70018, 58485, 400, 773, 80, 0),
(70018, 58486, 750, 773, 170, 0),
(70018, 58487, 4500, 773, 220, 0),
(70018, 58488, 10000, 773, 265, 0),
(70018, 58489, 20000, 773, 305, 0),
(70018, 58490, 50000, 773, 365, 0),
(70018, 58491, 60000, 773, 415, 0),
(70018, 58565, 500, 773, 110, 0),
(70018, 59338, 20000, 773, 310, 0),
(70018, 59339, 20000, 773, 320, 0),
(70018, 59340, 30000, 773, 340, 0),
(70018, 59387, 3000, 773, 200, 0),
(70018, 59475, 750, 773, 125, 0),
(70018, 59478, 750, 773, 125, 0),
(70018, 59480, 750, 773, 125, 0),
(70018, 59484, 750, 773, 175, 0),
(70018, 59486, 750, 773, 175, 0),
(70018, 59487, 750, 773, 175, 0),
(70018, 59488, 6000, 773, 235, 0),
(70018, 59489, 6000, 773, 225, 0),
(70018, 59490, 6000, 773, 225, 0),
(70018, 59491, 6000, 773, 225, 0),
(70018, 59493, 10000, 773, 275, 0),
(70018, 59494, 10000, 773, 275, 0),
(70018, 59495, 20000, 773, 325, 0),
(70018, 59496, 20000, 773, 325, 0),
(70018, 59497, 50000, 773, 400, 0),
(70018, 59498, 50000, 773, 400, 0),
(70018, 59499, 3000, 773, 200, 0),
(70018, 59500, 50000, 773, 350, 0),
(70018, 59501, 100000, 773, 400, 0),
(70018, 59502, 10000, 773, 275, 0),
(70018, 59503, 20000, 773, 325, 0),
(70018, 59504, 50000, 773, 400, 0),
(70018, 60336, 3000, 773, 200, 0),
(70018, 60337, 50000, 773, 350, 0),
(70018, 61117, 75000, 773, 400, 35),
(70018, 61118, 75000, 773, 400, 35),
(70018, 61119, 75000, 773, 400, 35),
(70018, 61120, 75000, 773, 400, 35),
(70018, 61177, 100000, 773, 385, 0),
(70018, 61288, 1000, 773, 75, 0),
(70018, 62162, 50000, 773, 75, 0),
(70018, 64053, 50000, 773, 350, 0),
(70018, 64258, 10000, 773, 250, 0),
(70018, 64259, 10000, 773, 255, 0),
(70018, 64260, 10000, 773, 255, 0),
(70018, 64261, 10000, 773, 250, 0),
(70018, 64262, 10000, 773, 255, 0),
(70018, 64266, 10000, 773, 275, 0),
(70018, 64267, 10000, 773, 280, 0),
(70018, 67600, 400, 773, 100, 0),
(70018, 69385, 200000, 773, 440, 0);

REPLACE INTO `creature_template` (`entry`, `difficulty_entry_1`, `difficulty_entry_2`, `difficulty_entry_3`, `KillCredit1`, `KillCredit2`, `modelid1`, `modelid2`, `modelid3`, `modelid4`, `name`, `subname`, `IconName`, `gossip_menu_id`, `minlevel`, `maxlevel`, `exp`, `faction_A`, `faction_H`, `npcflag`, `scale`, `rank`, `mindmg`, `maxdmg`, `dmgschool`, `attackpower`, `dmg_multiplier`, `baseattacktime`, `rangeattacktime`, `unit_class`, `unit_flags`, `dynamicflags`, `family`, `trainer_type`, `trainer_spell`, `trainer_class`, `trainer_race`, `minrangedmg`, `maxrangedmg`, `rangedattackpower`, `type`, `type_flags`, `lootid`, `pickpocketloot`, `skinloot`, `resistance1`, `resistance2`, `resistance3`, `resistance4`, `resistance5`, `resistance6`, `spell1`, `spell2`, `spell3`, `spell4`, `spell5`, `spell6`, `spell7`, `spell8`, `PetSpellDataId`, `VehicleId`, `mingold`, `maxgold`, `AIName`, `MovementType`, `InhabitType`, `Health_mod`, `Mana_mod`, `RacialLeader`, `questItem1`, `questItem2`, `questItem3`, `questItem4`, `questItem5`, `questItem6`, `movementId`, `RegenHealth`, `equipment_id`, `mechanic_immune_mask`, `flags_extra`, `ScriptName`) VALUES (70019, 0, 0, 0, 0, 0, 27153, 0, 27153, 0, 'Johan Barnes', 'Master Enchanting Trainer', 'Trainer', 0, 83, 83, 0, 35, 35, 81, 1, 2, 119, 179, 0, 45, 1, 2000, 2000, 2, 2, 8, 0, 2, 0, 0, 0, 95, 143, 36, 7, 2, 0, 0, 0, 0, 0, 0, 0, 0, 0, 0, 0, 0, 0, 0, 0, 0, 0, 0, 0, 0, 0, '', 1, 3, 100, 1, 0, 0, 0, 0, 0, 0, 0, 0, 1, 1728, 0, 2, '');

DELETE FROM `npc_trainer` WHERE (`entry`=70019);
INSERT INTO `npc_trainer` (entry, spell, spellcost, reqskill, reqskillvalue, reqlevel) VALUES 
(70019, 7414, 10, 0, 0, 5),
(70019, 7415, 500, 333, 50, 10),
(70019, 7416, 5000, 333, 125, 20),
(70019, 7420, 50, 333, 15, 0),
(70019, 7426, 100, 333, 40, 0),
(70019, 7454, 100, 333, 45, 0),
(70019, 7457, 250, 333, 50, 0),
(70019, 7745, 500, 333, 100, 0),
(70019, 7748, 250, 333, 60, 0),
(70019, 7771, 200, 333, 90, 0),
(70019, 7779, 400, 333, 80, 0),
(70019, 7788, 500, 333, 90, 0),
(70019, 7795, 1000, 333, 100, 0),
(70019, 7857, 1000, 333, 120, 0),
(70019, 7861, 1250, 333, 125, 0),
(70019, 7863, 1400, 333, 125, 0),
(70019, 13378, 600, 333, 105, 0),
(70019, 13421, 800, 333, 115, 0),
(70019, 13485, 1500, 333, 130, 0),
(70019, 13501, 1500, 333, 130, 0),
(70019, 13503, 2000, 333, 140, 0),
(70019, 13529, 2400, 333, 145, 0),
(70019, 13538, 2500, 333, 140, 0),
(70019, 13607, 2400, 333, 145, 0),
(70019, 13622, 2500, 333, 150, 0),
(70019, 13626, 2500, 333, 150, 0),
(70019, 13628, 2500, 333, 150, 0),
(70019, 13631, 2600, 333, 155, 0),
(70019, 13635, 2600, 333, 155, 0),
(70019, 13637, 2800, 333, 160, 0),
(70019, 13640, 2700, 333, 160, 0),
(70019, 13642, 2800, 333, 165, 0),
(70019, 13644, 2800, 333, 170, 0),
(70019, 13648, 2800, 333, 170, 0),
(70019, 13657, 3000, 333, 175, 0),
(70019, 13659, 3200, 333, 180, 0),
(70019, 13661, 3600, 333, 180, 0),
(70019, 13663, 3800, 333, 185, 0),
(70019, 13693, 4000, 333, 195, 0),
(70019, 13695, 4000, 333, 200, 0),
(70019, 13700, 4000, 333, 200, 0),
(70019, 13702, 4000, 333, 200, 0),
(70019, 13746, 4200, 333, 205, 0),
(70019, 13794, 4200, 333, 205, 0),
(70019, 13815, 4400, 333, 210, 0),
(70019, 13822, 4400, 333, 210, 0),
(70019, 13836, 4600, 333, 215, 0),
(70019, 13858, 4800, 333, 220, 0),
(70019, 13887, 5000, 333, 225, 0),
(70019, 13890, 5000, 333, 225, 0),
(70019, 13905, 5400, 333, 230, 0),
(70019, 13917, 5400, 333, 230, 0),
(70019, 13921, 50000, 333, 200, 35),
(70019, 13935, 5800, 333, 235, 0),
(70019, 13937, 6200, 333, 240, 0),
(70019, 13939, 6200, 333, 240, 0),
(70019, 13941, 6200, 333, 245, 0),
(70019, 13943, 6200, 333, 245, 0),
(70019, 13948, 6500, 333, 250, 0),
(70019, 14293, 50, 333, 10, 0),
(70019, 14807, 200, 333, 70, 0),
(70019, 14809, 2600, 333, 155, 0),
(70019, 14810, 3000, 333, 175, 0),
(70019, 17180, 10000, 333, 250, 0),
(70019, 17181, 10000, 333, 250, 0),
(70019, 20008, 10000, 333, 255, 0),
(70019, 20012, 10000, 333, 270, 0),
(70019, 20013, 20000, 333, 295, 0),
(70019, 20014, 10000, 333, 265, 0),
(70019, 20016, 15000, 333, 280, 0),
(70019, 20023, 20000, 333, 295, 0),
(70019, 20028, 15000, 333, 290, 0),
(70019, 27899, 12500, 333, 305, 35),
(70019, 27905, 12500, 333, 315, 35),
(70019, 27944, 15000, 333, 310, 35),
(70019, 27957, 17500, 333, 315, 35),
(70019, 27961, 15000, 333, 310, 35),
(70019, 28027, 40000, 333, 325, 0),
(70019, 28028, 80000, 333, 350, 0),
(70019, 28030, 100000, 333, 275, 50),
(70019, 32664, 10000, 333, 300, 0),
(70019, 33990, 20000, 333, 320, 35),
(70019, 33991, 12500, 333, 300, 35),
(70019, 33993, 12500, 333, 305, 35),
(70019, 33995, 25000, 333, 340, 35),
(70019, 33996, 15000, 333, 310, 35),
(70019, 34001, 12500, 333, 305, 35),
(70019, 34002, 12500, 333, 300, 35),
(70019, 34004, 15000, 333, 310, 35),
(70019, 42613, 10000, 333, 300, 0),
(70019, 42615, 40000, 333, 335, 0),
(70019, 44383, 25000, 333, 330, 35),
(70019, 44555, 50000, 333, 375, 60),
(70019, 44616, 100000, 333, 400, 60),
(70019, 47900, 150000, 333, 425, 60),
(70019, 63746, 5000, 333, 225, 0);

REPLACE INTO `creature_template` (`entry`, `difficulty_entry_1`, `difficulty_entry_2`, `difficulty_entry_3`, `KillCredit1`, `KillCredit2`, `modelid1`, `modelid2`, `modelid3`, `modelid4`, `name`, `subname`, `IconName`, `gossip_menu_id`, `minlevel`, `maxlevel`, `exp`, `faction_A`, `faction_H`, `npcflag`, `scale`, `rank`, `mindmg`, `maxdmg`, `dmgschool`, `attackpower`, `dmg_multiplier`, `baseattacktime`, `rangeattacktime`, `unit_class`, `unit_flags`, `dynamicflags`, `family`, `trainer_type`, `trainer_spell`, `trainer_class`, `trainer_race`, `minrangedmg`, `maxrangedmg`, `rangedattackpower`, `type`, `type_flags`, `lootid`, `pickpocketloot`, `skinloot`, `resistance1`, `resistance2`, `resistance3`, `resistance4`, `resistance5`, `resistance6`, `spell1`, `spell2`, `spell3`, `spell4`, `spell5`, `spell6`, `spell7`, `spell8`, `PetSpellDataId`, `VehicleId`, `mingold`, `maxgold`, `AIName`, `MovementType`, `InhabitType`, `Health_mod`, `Mana_mod`, `RacialLeader`, `questItem1`, `questItem2`, `questItem3`, `questItem4`, `questItem5`, `questItem6`, `movementId`, `RegenHealth`, `equipment_id`, `mechanic_immune_mask`, `flags_extra`, `ScriptName`) VALUES (70020, 0, 0, 0, 0, 0, 27153, 0, 27153, 0, 'Enchanter Nalthanis', 'Grand Master Enchanting Trainer', '', 0, 83, 83, 2, 35, 35, 81, 1, 2, 248, 372, 0, 93, 1, 2000, 2000, 8, 2, 8, 0, 2, 0, 0, 0, 198, 298, 74, 7, 2, 0, 0, 0, 0, 0, 0, 0, 0, 0, 0, 0, 0, 0, 0, 0, 0, 0, 0, 0, 0, 0, '', 0, 3, 100, 1, 0, 0, 0, 0, 0, 0, 0, 0, 1, 4311, 0, 0, '');

DELETE FROM `npc_trainer` WHERE (`entry`=70020);
INSERT INTO `npc_trainer` (entry, spell, spellcost, reqskill, reqskillvalue, reqlevel) VALUES 
(70020, 27958, 50000, 333, 350, 0),
(70020, 32667, 50000, 333, 375, 35),
(70020, 44484, 150000, 333, 405, 60),
(70020, 44488, 150000, 333, 410, 60),
(70020, 44489, 150000, 333, 420, 60),
(70020, 44492, 100000, 333, 395, 60),
(70020, 44500, 100000, 333, 395, 60),
(70020, 44506, 50000, 333, 375, 60),
(70020, 44508, 150000, 333, 410, 60),
(70020, 44509, 150000, 333, 420, 60),
(70020, 44510, 150000, 333, 410, 60),
(70020, 44513, 100000, 333, 395, 60),
(70020, 44528, 90000, 333, 385, 60),
(70020, 44529, 150000, 333, 415, 60),
(70020, 44555, 50000, 333, 375, 60),
(70020, 44582, 100000, 333, 395, 60),
(70020, 44584, 150000, 333, 405, 60),
(70020, 44589, 150000, 333, 415, 60),
(70020, 44592, 50000, 333, 360, 60),
(70020, 44593, 150000, 333, 420, 60),
(70020, 44598, 150000, 333, 415, 60),
(70020, 44616, 100000, 333, 400, 60),
(70020, 44623, 50000, 333, 370, 60),
(70020, 44629, 100000, 333, 395, 60),
(70020, 44630, 80000, 333, 390, 60),
(70020, 44633, 150000, 333, 410, 60),
(70020, 44635, 100000, 333, 395, 60),
(70020, 44636, 100000, 333, 400, 0),
(70020, 44645, 100000, 333, 400, 0),
(70020, 47766, 100000, 333, 400, 60),
(70020, 47900, 150000, 333, 425, 60),
(70020, 51312, 350000, 333, 350, 65),
(70020, 59636, 100000, 333, 400, 0),
(70020, 60606, 50000, 333, 375, 60),
(70020, 60609, 50000, 333, 350, 60),
(70020, 60616, 50000, 333, 360, 60),
(70020, 60619, 150000, 333, 425, 0),
(70020, 60621, 80000, 333, 380, 60),
(70020, 60623, 90000, 333, 385, 60),
(70020, 60653, 100000, 333, 395, 60),
(70020, 60663, 150000, 333, 420, 60),
(70020, 60668, 150000, 333, 425, 60),
(70020, 60767, 100000, 333, 440, 60),
(70020, 62959, 90000, 333, 385, 60);

REPLACE INTO `creature_template` (`entry`, `difficulty_entry_1`, `difficulty_entry_2`, `difficulty_entry_3`, `KillCredit1`, `KillCredit2`, `modelid1`, `modelid2`, `modelid3`, `modelid4`, `name`, `subname`, `IconName`, `gossip_menu_id`, `minlevel`, `maxlevel`, `exp`, `faction_A`, `faction_H`, `npcflag`, `scale`, `rank`, `mindmg`, `maxdmg`, `dmgschool`, `attackpower`, `dmg_multiplier`, `baseattacktime`, `rangeattacktime`, `unit_class`, `unit_flags`, `dynamicflags`, `family`, `trainer_type`, `trainer_spell`, `trainer_class`, `trainer_race`, `minrangedmg`, `maxrangedmg`, `rangedattackpower`, `type`, `type_flags`, `lootid`, `pickpocketloot`, `skinloot`, `resistance1`, `resistance2`, `resistance3`, `resistance4`, `resistance5`, `resistance6`, `spell1`, `spell2`, `spell3`, `spell4`, `spell5`, `spell6`, `spell7`, `spell8`, `PetSpellDataId`, `VehicleId`, `mingold`, `maxgold`, `AIName`, `MovementType`, `InhabitType`, `Health_mod`, `Mana_mod`, `RacialLeader`, `questItem1`, `questItem2`, `questItem3`, `questItem4`, `questItem5`, `questItem6`, `movementId`, `RegenHealth`, `equipment_id`, `mechanic_immune_mask`, `flags_extra`, `ScriptName`) VALUES (70021, 0, 0, 0, 0, 0, 29516, 0, 29516, 0, 'Alchemist Gribble', 'Master Alchemy Trainer', '', 0, 83, 83, 0, 35, 35, 81, 1, 2, 119, 179, 0, 45, 1, 2000, 2000, 2, 2, 8, 0, 2, 0, 0, 0, 95, 143, 36, 7, 2, 0, 0, 0, 0, 0, 0, 0, 0, 0, 0, 0, 0, 0, 0, 0, 0, 0, 0, 0, 0, 0, '', 1, 3, 100, 1, 0, 0, 0, 0, 0, 0, 0, 0, 1, 1949, 0, 2, '');

DELETE FROM `npc_trainer` WHERE (`entry`=70021);
INSERT INTO `npc_trainer` (entry, spell, spellcost, reqskill, reqskillvalue, reqlevel) VALUES 
(70021, 2275, 10, 0, 0, 5),
(70021, 2280, 500, 171, 50, 10),
(70021, 2331, 100, 171, 25, 0),
(70021, 2332, 150, 171, 40, 0),
(70021, 2334, 250, 171, 50, 0),
(70021, 2337, 1000, 171, 55, 0),
(70021, 3170, 50, 171, 15, 0),
(70021, 3171, 500, 171, 90, 0),
(70021, 3173, 1500, 171, 120, 0),
(70021, 3176, 1500, 171, 125, 0),
(70021, 3177, 2000, 171, 130, 0),
(70021, 3447, 4000, 171, 110, 0),
(70021, 3448, 5000, 171, 165, 0),
(70021, 3450, 6000, 171, 175, 0),
(70021, 3452, 5000, 171, 160, 0),
(70021, 3465, 5000, 171, 125, 20),
(70021, 7179, 450, 171, 90, 0),
(70021, 7181, 5000, 171, 155, 0),
(70021, 7836, 250, 171, 80, 0),
(70021, 7837, 1000, 171, 130, 0),
(70021, 7841, 1000, 171, 100, 0),
(70021, 7845, 3000, 171, 140, 0),
(70021, 11448, 9000, 171, 205, 0),
(70021, 11449, 6500, 171, 185, 0),
(70021, 11450, 7500, 171, 195, 0),
(70021, 11451, 8000, 171, 205, 0),
(70021, 11457, 10000, 171, 215, 0),
(70021, 11460, 5000, 171, 230, 0),
(70021, 11461, 10000, 171, 235, 0),
(70021, 11465, 12000, 171, 235, 0),
(70021, 11467, 12000, 171, 240, 0),
(70021, 11478, 14000, 171, 250, 0),
(70021, 11612, 50000, 171, 200, 35),
(70021, 12609, 8000, 171, 200, 0),
(70021, 15833, 10000, 171, 230, 0),
(70021, 17551, 15000, 171, 250, 0),
(70021, 17552, 15000, 171, 255, 0),
(70021, 17553, 15000, 171, 260, 0),
(70021, 17555, 15000, 171, 270, 0),
(70021, 17556, 20000, 171, 275, 0),
(70021, 17557, 20000, 171, 275, 0),
(70021, 17572, 20000, 171, 285, 0),
(70021, 17573, 20000, 171, 285, 0),
(70021, 22808, 10000, 171, 215, 0),
(70021, 28544, 25000, 171, 305, 0),
(70021, 28545, 25000, 171, 310, 0),
(70021, 28551, 50000, 171, 325, 0),
(70021, 28597, 100000, 171, 275, 50),
(70021, 33732, 20000, 171, 300, 0),
(70021, 33733, 25000, 171, 310, 0),
(70021, 33738, 20000, 171, 300, 0),
(70021, 33740, 20000, 171, 300, 0),
(70021, 33741, 30000, 171, 315, 0),
(70021, 38070, 20000, 171, 325, 0),
(70021, 39636, 25000, 171, 310, 0),
(70021, 39638, 30000, 171, 320, 0),
(70021, 45061, 35000, 171, 325, 0),
(70021, 53042, 1000, 171, 50, 0),
(70021, 63732, 2000, 171, 135, 0);

REPLACE INTO `creature_template` (`entry`, `difficulty_entry_1`, `difficulty_entry_2`, `difficulty_entry_3`, `KillCredit1`, `KillCredit2`, `modelid1`, `modelid2`, `modelid3`, `modelid4`, `name`, `subname`, `IconName`, `gossip_menu_id`, `minlevel`, `maxlevel`, `exp`, `faction_A`, `faction_H`, `npcflag`, `scale`, `rank`, `mindmg`, `maxdmg`, `dmgschool`, `attackpower`, `dmg_multiplier`, `baseattacktime`, `rangeattacktime`, `unit_class`, `unit_flags`, `dynamicflags`, `family`, `trainer_type`, `trainer_spell`, `trainer_class`, `trainer_race`, `minrangedmg`, `maxrangedmg`, `rangedattackpower`, `type`, `type_flags`, `lootid`, `pickpocketloot`, `skinloot`, `resistance1`, `resistance2`, `resistance3`, `resistance4`, `resistance5`, `resistance6`, `spell1`, `spell2`, `spell3`, `spell4`, `spell5`, `spell6`, `spell7`, `spell8`, `PetSpellDataId`, `VehicleId`, `mingold`, `maxgold`, `AIName`, `MovementType`, `InhabitType`, `Health_mod`, `Mana_mod`, `RacialLeader`, `questItem1`, `questItem2`, `questItem3`, `questItem4`, `questItem5`, `questItem6`, `movementId`, `RegenHealth`, `equipment_id`, `mechanic_immune_mask`, `flags_extra`, `ScriptName`) VALUES (70022, 0, 0, 0, 0, 0, 22959, 0, 22959, 0, 'Linzy Blackbolt', 'Grand Master Alchemy Trainer', '', 0, 83, 83, 2, 35, 35, 81, 1, 2, 248, 372, 0, 93, 1, 2000, 2000, 8, 2, 8, 0, 2, 0, 0, 0, 198, 298, 74, 7, 2, 0, 0, 0, 0, 0, 0, 0, 0, 0, 0, 0, 0, 0, 0, 0, 0, 0, 0, 0, 0, 0, '', 0, 3, 100, 1, 0, 0, 0, 0, 0, 0, 0, 0, 1, 4493, 0, 0, '');

DELETE FROM `npc_trainer` WHERE (`entry`=70022);
INSERT INTO `npc_trainer` (entry, spell, spellcost, reqskill, reqskillvalue, reqlevel) VALUES 
(70022, 51303, 350000, 171, 350, 65),
(70022, 51304, 350000, 171, 350, 65),
(70022, 53042, 1000, 171, 50, 0),
(70022, 53812, 60000, 171, 375, 0),
(70022, 53836, 150000, 171, 405, 0),
(70022, 53837, 150000, 171, 410, 0),
(70022, 53838, 40000, 171, 350, 0),
(70022, 53839, 40000, 171, 360, 0),
(70022, 53840, 120000, 171, 395, 0),
(70022, 53841, 40000, 171, 355, 0),
(70022, 53842, 40000, 171, 365, 0),
(70022, 53847, 65000, 171, 385, 0),
(70022, 53848, 60000, 171, 375, 0),
(70022, 53898, 120000, 171, 390, 0),
(70022, 53899, 60000, 171, 375, 0),
(70022, 53900, 120000, 171, 380, 0),
(70022, 53901, 180000, 171, 435, 0),
(70022, 53902, 150000, 171, 435, 0),
(70022, 53903, 180000, 171, 435, 0),
(70022, 53905, 120000, 171, 395, 0),
(70022, 54213, 150000, 171, 435, 0),
(70022, 54218, 120000, 171, 385, 0),
(70022, 57425, 150000, 171, 430, 45),
(70022, 57427, 150000, 171, 425, 45),
(70022, 58868, 150000, 171, 410, 0),
(70022, 58871, 150000, 171, 410, 0),
(70022, 60350, 150000, 171, 395, 45),
(70022, 60367, 120000, 171, 395, 0),
(70022, 60396, 200000, 171, 400, 0),
(70022, 60403, 200000, 171, 400, 0),
(70022, 60405, 200000, 171, 400, 0),
(70022, 60893, 200000, 171, 400, 0),
(70022, 62213, 120000, 171, 385, 0),
(70022, 62409, 60000, 171, 375, 0),
(70022, 66658, 150000, 171, 450, 45),
(70022, 66660, 150000, 171, 450, 45),
(70022, 66662, 150000, 171, 450, 45),
(70022, 66663, 150000, 171, 450, 45),
(70022, 66664, 150000, 171, 450, 45),
(70022, 67025, 100000, 171, 425, 0);

REPLACE INTO `creature_template` (`entry`, `difficulty_entry_1`, `difficulty_entry_2`, `difficulty_entry_3`, `KillCredit1`, `KillCredit2`, `modelid1`, `modelid2`, `modelid3`, `modelid4`, `name`, `subname`, `IconName`, `gossip_menu_id`, `minlevel`, `maxlevel`, `exp`, `faction_A`, `faction_H`, `npcflag`, `scale`, `rank`, `mindmg`, `maxdmg`, `dmgschool`, `attackpower`, `dmg_multiplier`, `baseattacktime`, `rangeattacktime`, `unit_class`, `unit_flags`, `dynamicflags`, `family`, `trainer_type`, `trainer_spell`, `trainer_class`, `trainer_race`, `minrangedmg`, `maxrangedmg`, `rangedattackpower`, `type`, `type_flags`, `lootid`, `pickpocketloot`, `skinloot`, `resistance1`, `resistance2`, `resistance3`, `resistance4`, `resistance5`, `resistance6`, `spell1`, `spell2`, `spell3`, `spell4`, `spell5`, `spell6`, `spell7`, `spell8`, `PetSpellDataId`, `VehicleId`, `mingold`, `maxgold`, `AIName`, `MovementType`, `InhabitType`, `Health_mod`, `Mana_mod`, `RacialLeader`, `questItem1`, `questItem2`, `questItem3`, `questItem4`, `questItem5`, `questItem6`, `movementId`, `RegenHealth`, `equipment_id`, `mechanic_immune_mask`, `flags_extra`, `ScriptName`) VALUES (70023, 0, 0, 0, 0, 0, 29774, 0, 29774, 0, 'Timothy Jones', 'Grand Master Jewelcrafting Trainer', '', 0, 83, 83, 2, 35, 35, 81, 1, 2, 340, 510, 0, 127, 1, 2000, 2000, 1, 2, 8, 0, 2, 0, 0, 0, 272, 408, 102, 7, 2, 0, 0, 0, 0, 0, 0, 0, 0, 0, 0, 0, 0, 0, 0, 0, 0, 0, 0, 0, 0, 0, '', 0, 3, 100, 1, 0, 0, 0, 0, 0, 0, 0, 0, 1, 2029, 0, 0, '');

DELETE FROM `npc_trainer` WHERE (`entry`=70023);
INSERT INTO `npc_trainer` (entry, spell, spellcost, reqskill, reqskillvalue, reqlevel) VALUES 
(70023, 25245, 10, 0, 0, 5),
(70023, 25246, 500, 755, 50, 10),
(70023, 25278, 200, 755, 50, 0),
(70023, 25280, 200, 755, 50, 0),
(70023, 25283, 100, 755, 30, 0),
(70023, 25284, 400, 755, 60, 0),
(70023, 25287, 400, 755, 70, 0),
(70023, 25305, 1000, 755, 90, 0),
(70023, 25317, 600, 755, 80, 0),
(70023, 25318, 800, 755, 100, 0),
(70023, 25321, 1500, 755, 120, 0),
(70023, 25490, 300, 755, 50, 0),
(70023, 25498, 600, 755, 110, 0),
(70023, 25613, 1200, 755, 135, 0),
(70023, 25615, 1500, 755, 150, 0),
(70023, 25620, 2000, 755, 170, 0),
(70023, 25621, 2000, 755, 180, 0),
(70023, 26872, 2500, 755, 200, 0),
(70023, 26874, 5000, 755, 210, 0),
(70023, 26876, 3000, 755, 220, 0),
(70023, 26880, 3500, 755, 225, 0),
(70023, 26883, 4000, 755, 235, 0),
(70023, 26885, 5000, 755, 240, 0),
(70023, 26902, 10000, 755, 260, 0),
(70023, 26903, 10000, 755, 275, 0),
(70023, 26907, 10000, 755, 280, 0),
(70023, 26908, 12000, 755, 280, 0),
(70023, 26911, 15000, 755, 290, 0),
(70023, 26916, 20000, 755, 310, 0),
(70023, 26926, 50, 755, 5, 0),
(70023, 26927, 300, 755, 50, 0),
(70023, 26928, 100, 755, 30, 0),
(70023, 28896, 5000, 755, 125, 20),
(70023, 28899, 50000, 755, 200, 35),
(70023, 28901, 100000, 755, 275, 50),
(70023, 28903, 10000, 755, 300, 0),
(70023, 28905, 10000, 755, 305, 0),
(70023, 28910, 10000, 755, 300, 0),
(70023, 28914, 10000, 755, 315, 0),
(70023, 28916, 10000, 755, 300, 0),
(70023, 28917, 10000, 755, 305, 0),
(70023, 28925, 10000, 755, 300, 0),
(70023, 28936, 10000, 755, 325, 0),
(70023, 28938, 10000, 755, 300, 0),
(70023, 28948, 10000, 755, 325, 0),
(70023, 28950, 10000, 755, 300, 0),
(70023, 28953, 10000, 755, 305, 0),
(70023, 31048, 20000, 755, 310, 0),
(70023, 31049, 20000, 755, 310, 0),
(70023, 31050, 25000, 755, 320, 0),
(70023, 31051, 30000, 755, 335, 0),
(70023, 31052, 30000, 755, 335, 0),
(70023, 31252, 100, 755, 20, 5),
(70023, 32178, 100, 755, 20, 0),
(70023, 32179, 100, 755, 20, 0),
(70023, 32801, 200, 755, 50, 0),
(70023, 32807, 600, 755, 110, 0),
(70023, 32808, 2000, 755, 175, 0),
(70023, 32809, 3500, 755, 225, 0),
(70023, 34069, 10000, 755, 325, 0),
(70023, 34590, 10000, 755, 305, 0),
(70023, 34955, 2500, 755, 180, 0),
(70023, 34959, 3000, 755, 200, 0),
(70023, 34960, 10000, 755, 280, 0),
(70023, 34961, 10000, 755, 290, 0),
(70023, 36523, 600, 755, 75, 0),
(70023, 36524, 800, 755, 105, 0),
(70023, 36525, 4000, 755, 230, 0),
(70023, 36526, 10000, 755, 265, 0),
(70023, 37818, 500, 755, 65, 0),
(70023, 38068, 20000, 755, 325, 0),
(70023, 38175, 650, 755, 80, 0),
(70023, 40514, 8500, 755, 340, 0),
(70023, 41414, 10000, 755, 325, 0),
(70023, 41415, 10000, 755, 330, 0),
(70023, 41418, 30000, 755, 365, 0),
(70023, 41420, 8500, 755, 325, 0),
(70023, 41429, 10000, 755, 350, 0),
(70023, 47280, 30000, 755, 350, 0),
(70023, 51310, 350000, 755, 350, 65),
(70023, 53831, 10000, 755, 350, 0),
(70023, 53832, 10000, 755, 350, 0),
(70023, 53834, 10000, 755, 350, 0),
(70023, 53835, 10000, 755, 350, 0),
(70023, 53843, 10000, 755, 360, 0),
(70023, 53844, 10000, 755, 350, 0),
(70023, 53845, 10000, 755, 350, 0),
(70023, 53852, 10000, 755, 350, 0),
(70023, 53853, 10000, 755, 350, 0),
(70023, 53854, 10000, 755, 350, 0),
(70023, 53855, 10000, 755, 350, 0),
(70023, 53856, 10000, 755, 350, 0),
(70023, 53859, 10000, 755, 350, 0),
(70023, 53860, 10000, 755, 350, 0),
(70023, 53861, 10000, 755, 350, 0),
(70023, 53862, 10000, 755, 350, 0),
(70023, 53863, 10000, 755, 350, 0),
(70023, 53864, 10000, 755, 350, 0),
(70023, 53866, 10000, 755, 350, 0),
(70023, 53867, 10000, 755, 350, 0),
(70023, 53868, 10000, 755, 360, 0),
(70023, 53870, 10000, 755, 350, 0),
(70023, 53871, 10000, 755, 350, 0),
(70023, 53872, 10000, 755, 350, 0),
(70023, 53873, 10000, 755, 350, 0),
(70023, 53874, 10000, 755, 350, 0),
(70023, 53876, 10000, 755, 350, 0),
(70023, 53878, 10000, 755, 350, 0),
(70023, 53880, 10000, 755, 350, 0),
(70023, 53881, 10000, 755, 350, 0),
(70023, 53882, 10000, 755, 350, 0),
(70023, 53883, 10000, 755, 350, 0),
(70023, 53886, 10000, 755, 350, 0),
(70023, 53887, 10000, 755, 350, 0),
(70023, 53889, 10000, 755, 350, 0),
(70023, 53890, 10000, 755, 350, 0),
(70023, 53891, 10000, 755, 360, 0),
(70023, 53892, 10000, 755, 350, 0),
(70023, 53893, 10000, 755, 350, 0),
(70023, 53894, 10000, 755, 350, 0),
(70023, 53916, 10000, 755, 350, 0),
(70023, 53918, 10000, 755, 350, 0),
(70023, 53920, 10000, 755, 350, 0),
(70023, 53922, 10000, 755, 350, 0),
(70023, 53923, 10000, 755, 350, 0),
(70023, 53925, 10000, 755, 350, 0),
(70023, 53926, 10000, 755, 350, 0),
(70023, 53927, 10000, 755, 350, 0),
(70023, 53928, 10000, 755, 350, 0),
(70023, 53930, 10000, 755, 350, 0),
(70023, 53931, 10000, 755, 350, 0),
(70023, 53934, 10000, 755, 350, 0),
(70023, 53940, 10000, 755, 350, 0),
(70023, 53941, 10000, 755, 350, 0),
(70023, 53947, 100000, 755, 390, 0),
(70023, 53953, 100000, 755, 390, 0),
(70023, 53956, 100000, 755, 390, 0),
(70023, 53969, 100000, 755, 390, 0),
(70023, 53989, 100000, 755, 390, 0),
(70023, 54007, 100000, 755, 390, 0),
(70023, 54017, 10000, 755, 350, 0),
(70023, 55386, 120000, 755, 420, 0),
(70023, 55394, 120000, 755, 420, 0),
(70023, 55399, 120000, 755, 420, 0),
(70023, 55402, 120000, 755, 420, 0),
(70023, 56193, 30000, 755, 350, 0),
(70023, 56194, 30000, 755, 350, 0),
(70023, 56195, 120000, 755, 380, 0),
(70023, 56196, 80000, 755, 380, 0),
(70023, 56197, 100000, 755, 420, 0),
(70023, 56199, 150000, 755, 400, 0),
(70023, 56201, 150000, 755, 400, 0),
(70023, 56202, 150000, 755, 400, 0),
(70023, 56203, 150000, 755, 400, 0),
(70023, 56205, 10000, 755, 350, 0),
(70023, 56206, 20000, 755, 360, 0),
(70023, 56208, 20000, 755, 370, 0),
(70023, 56530, 20000, 755, 360, 0),
(70023, 56531, 100000, 755, 390, 0),
(70023, 58141, 30000, 755, 350, 0),
(70023, 58142, 30000, 755, 350, 0),
(70023, 58143, 30000, 755, 370, 0),
(70023, 58144, 30000, 755, 370, 0),
(70023, 58145, 50000, 755, 390, 0),
(70023, 58146, 50000, 755, 390, 0),
(70023, 59759, 150000, 755, 400, 0),
(70023, 62242, 150000, 755, 425, 0),
(70023, 62941, 10000, 755, 300, 0),
(70023, 63743, 3000, 755, 200, 0),
(70023, 64725, 100000, 755, 420, 0),
(70023, 64726, 100000, 755, 420, 0),
(70023, 64727, 100000, 755, 420, 0),
(70023, 64728, 100000, 755, 420, 0);

DELETE FROM `creature` WHERE `id`=70010;
INSERT INTO `creature` (`guid`,`id`,`map`,`spawnMask`,`phaseMask`,`modelid`,`equipment_id`,`position_x`,`position_y`,`position_z`,`orientation`,`spawntimesecs`,`spawndist`,`currentwaypoint`,`curhealth`,`curmana`,`MovementType`) VALUES
(9338150, 70010, 1, 1, 1, 0, 547, 1362.31, -4351.75, 26.8636, 4.75083, 300, 0, 0, 1394500, 0, 0),
(9338168, 70010, 0, 1, 1, 0, 547, -8942.63, 492.671, 94.0654, 0.632994, 300, 0, 0, 1394500, 0, 0);

DELETE FROM `creature` WHERE `id`=70011;
INSERT INTO `creature` (`guid`,`id`,`map`,`spawnMask`,`phaseMask`,`modelid`,`equipment_id`,`position_x`,`position_y`,`position_z`,`orientation`,`spawntimesecs`,`spawndist`,`currentwaypoint`,`curhealth`,`curmana`,`MovementType`) VALUES
(9338151, 70011, 1, 1, 1, 18595, 4321, 1360.04, -4351.69, 26.9214, 4.81759, 300, 0, 0, 1394500, 0, 0),
(9338167, 70011, 0, 1, 1, 18595, 4321, -8943.78, 494.617, 94.1566, 0.633779, 300, 0, 0, 1394500, 0, 0);

DELETE FROM `creature` WHERE `id`=70012;
INSERT INTO `creature` (`guid`,`id`,`map`,`spawnMask`,`phaseMask`,`modelid`,`equipment_id`,`position_x`,`position_y`,`position_z`,`orientation`,`spawntimesecs`,`spawndist`,`currentwaypoint`,`curhealth`,`curmana`,`MovementType`) VALUES
(9338152, 70012, 1, 1, 1, 0, 3245, 1357.67, -4351.98, 26.9642, 4.89378, 300, 0, 0, 1394500, 0, 0),
(9338169, 70012, 0, 1, 1, 0, 3245, -8945.45, 496.333, 94.5716, 0.613358, 300, 0, 0, 1394500, 0, 0);

DELETE FROM `creature` WHERE `id`=70013;
INSERT INTO `creature` (`guid`,`id`,`map`,`spawnMask`,`phaseMask`,`modelid`,`equipment_id`,`position_x`,`position_y`,`position_z`,`orientation`,`spawntimesecs`,`spawndist`,`currentwaypoint`,`curhealth`,`curmana`,`MovementType`) VALUES
(9338153, 70013, 1, 1, 1, 0, 547, 1355.46, -4352.3, 27.0012, 4.95268, 300, 0, 0, 1394500, 0, 0),
(9338170, 70013, 0, 1, 1, 0, 547, -8946.71, 497.419, 94.8553, 0.607861, 300, 0, 0, 1394500, 0, 0);

DELETE FROM `creature` WHERE `id`=70014;
INSERT INTO `creature` (`guid`,`id`,`map`,`spawnMask`,`phaseMask`,`modelid`,`equipment_id`,`position_x`,`position_y`,`position_z`,`orientation`,`spawntimesecs`,`spawndist`,`currentwaypoint`,`curhealth`,`curmana`,`MovementType`) VALUES
(9338171, 70014, 0, 1, 1, 0, 4493, -8947.45, 498.647, 95.1026, 0.682906, 300, 0, 0, 1394500, 0, 0),
(9338155, 70014, 1, 1, 1, 0, 4493, 1353.26, -4352.71, 27.0338, 5.0273, 300, 0, 0, 1394500, 0, 0);

DELETE FROM `creature` WHERE `id`=70015;
INSERT INTO `creature` (`guid`,`id`,`map`,`spawnMask`,`phaseMask`,`modelid`,`equipment_id`,`position_x`,`position_y`,`position_z`,`orientation`,`spawntimesecs`,`spawndist`,`currentwaypoint`,`curhealth`,`curmana`,`MovementType`) VALUES
(9338172, 70015, 0, 1, 1, 0, 4493, -8948.34, 499.652, 95.3361, 0.624002, 300, 0, 0, 1394500, 0, 0),
(9338156, 70015, 1, 1, 1, 0, 4493, 1351.31, -4352.71, 27.0767, 5.01944, 300, 0, 0, 1394500, 0, 0);

DELETE FROM `creature` WHERE `id`=70016;
INSERT INTO `creature` (`guid`,`id`,`map`,`spawnMask`,`phaseMask`,`modelid`,`equipment_id`,`position_x`,`position_y`,`position_z`,`orientation`,`spawntimesecs`,`spawndist`,`currentwaypoint`,`curhealth`,`curmana`,`MovementType`) VALUES
(9338173, 70016, 0, 1, 1, 0, 339, -8949.31, 500.618, 95.5712, 0.560384, 300, 0, 0, 1394500, 0, 0),
(9338157, 70016, 1, 1, 1, 0, 339, 1349.65, -4352.61, 27.1084, 4.93304, 300, 0, 0, 1394500, 0, 0);

DELETE FROM `creature` WHERE `id`=70017;
INSERT INTO `creature` (`guid`,`id`,`map`,`spawnMask`,`phaseMask`,`modelid`,`equipment_id`,`position_x`,`position_y`,`position_z`,`orientation`,`spawntimesecs`,`spawndist`,`currentwaypoint`,`curhealth`,`curmana`,`MovementType`) VALUES
(9338158, 70017, 1, 1, 1, 0, 0, 1348.03, -4352.98, 27.1364, 5.01629, 300, 0, 0, 1394500, 0, 0),
(9338174, 70017, 0, 1, 1, 0, 0, -8950.17, 501.901, 95.8381, 0.611435, 300, 0, 0, 1394500, 0, 0);

DELETE FROM `creature` WHERE `id`=70018;
INSERT INTO `creature` (`guid`,`id`,`map`,`spawnMask`,`phaseMask`,`modelid`,`equipment_id`,`position_x`,`position_y`,`position_z`,`orientation`,`spawntimesecs`,`spawndist`,`currentwaypoint`,`curhealth`,`curmana`,`MovementType`) VALUES
(9338159, 70018, 1, 1, 1, 0, 4493, 1346.53, -4353.35, 27.1645, 5.07913, 300, 0, 0, 1115600, 9325, 0),
(9338175, 70018, 0, 1, 1, 0, 4493, -8950.91, 503.03, 96.0726, 0.49347, 300, 0, 0, 1115600, 9325, 0);

DELETE FROM `creature` WHERE `id`=70019;
INSERT INTO `creature` (`guid`,`id`,`map`,`spawnMask`,`phaseMask`,`modelid`,`equipment_id`,`position_x`,`position_y`,`position_z`,`orientation`,`spawntimesecs`,`spawndist`,`currentwaypoint`,`curhealth`,`curmana`,`MovementType`) VALUES
(9338160, 70019, 1, 1, 1, 0, 1728, 1344.69, -4354, 27.1869, 5.1184, 300, 0, 0, 464600, 4258, 0),
(9338176, 70019, 0, 1, 1, 0, 1728, -8952.13, 504.326, 96.3808, 0.654477, 300, 0, 0, 464600, 4258, 0);

DELETE FROM `creature` WHERE `id`=70020;
INSERT INTO `creature` (`guid`,`id`,`map`,`spawnMask`,`phaseMask`,`modelid`,`equipment_id`,`position_x`,`position_y`,`position_z`,`orientation`,`spawntimesecs`,`spawndist`,`currentwaypoint`,`curhealth`,`curmana`,`MovementType`) VALUES
(9338161, 70020, 1, 1, 1, 0, 4311, 1342.98, -4354.37, 27.2097, 5.10033, 300, 0, 0, 1115600, 9325, 0),
(9338177, 70020, 0, 1, 1, 0, 4311, -8953.14, 505.819, 96.5972, 0.61128, 300, 0, 0, 1115600, 9325, 0);

DELETE FROM `creature` WHERE `id`=70021;
INSERT INTO `creature` (`guid`,`id`,`map`,`spawnMask`,`phaseMask`,`modelid`,`equipment_id`,`position_x`,`position_y`,`position_z`,`orientation`,`spawntimesecs`,`spawndist`,`currentwaypoint`,`curhealth`,`curmana`,`MovementType`) VALUES
(9338164, 70021, 1, 1, 1, 0, 1949, 1342.34, -4356.91, 27.1987, 6.05316, 300, 0, 0, 464600, 4258, 0),
(9338180, 70021, 0, 1, 1, 0, 1949, -8954.28, 507.544, 96.5975, 0.653664, 300, 0, 0, 464600, 4258, 0);

DELETE FROM `creature` WHERE `id`=70022;
INSERT INTO `creature` (`guid`,`id`,`map`,`spawnMask`,`phaseMask`,`modelid`,`equipment_id`,`position_x`,`position_y`,`position_z`,`orientation`,`spawntimesecs`,`spawndist`,`currentwaypoint`,`curhealth`,`curmana`,`MovementType`) VALUES
(9338163, 70022, 1, 1, 1, 0, 4493, 1342.73, -4359.21, 27.125, 6.17119, 300, 0, 0, 1115600, 9325, 0),
(9338179, 70022, 0, 1, 1, 0, 4493, -8955.28, 508.961, 96.5972, 0.685893, 300, 0, 0, 1115600, 9325, 0);

DELETE FROM `creature` WHERE `id`=70023;
INSERT INTO `creature` (`guid`,`id`,`map`,`spawnMask`,`phaseMask`,`modelid`,`equipment_id`,`position_x`,`position_y`,`position_z`,`orientation`,`spawntimesecs`,`spawndist`,`currentwaypoint`,`curhealth`,`curmana`,`MovementType`) VALUES
(9338184, 70023, 0, 1, 1, 0, 2029, -8956.25, 510.188, 96.5975, 0.664287, 300, 0, 0, 1394500, 0, 0),
(9338186, 70023, 1, 1, 1, 0, 2029, 1342.27, -4360.61, 27.0725, 5.947, 300, 0, 0, 1394500, 0, 0);

REPLACE INTO `gameobject_template` (`entry`, `type`, `displayId`, `name`, `IconName`, `castBarCaption`, `unk1`, `faction`, `flags`, `size`, `questItem1`, `questItem2`, `questItem3`, `questItem4`, `questItem5`, `questItem6`, `data0`, `data1`, `data2`, `data3`, `data4`, `data5`, `data6`, `data7`, `data8`, `data9`, `data10`, `data11`, `data12`, `data13`, `data14`, `data15`, `data16`, `data17`, `data18`, `data19`, `data20`, `data21`, `data22`, `data23`, `ScriptName`) VALUES (202302, 0, 9301, 'Frostmourne', '', '', '', 35, 0, 1, 0, 0, 0, 0, 0, 0, 0, 0, 0, 0, 0, 0, 0, 0, 0, 0, 0, 0, 0, 0, 0, 0, 0, 0, 0, 0, 0, 0, 0, 0, '');

SET FOREIGN_KEY_CHECKS=0;
-- ----------------------------
-- Table structure for `playercreateinfo`
-- ----------------------------
DROP TABLE IF EXISTS `playercreateinfo`;
CREATE TABLE `playercreateinfo` (
  `race` tinyint(3) unsigned NOT NULL default '0',
  `class` tinyint(3) unsigned NOT NULL default '0',
  `map` smallint(5) unsigned NOT NULL default '0',
  `zone` mediumint(8) unsigned NOT NULL default '0',
  `position_x` float NOT NULL default '0',
  `position_y` float NOT NULL default '0',
  `position_z` float NOT NULL default '0',
  `orientation` float NOT NULL default '0',
  PRIMARY KEY  (`race`,`class`)
) ENGINE=MyISAM DEFAULT CHARSET=utf8;

-- ----------------------------
-- Records of playercreateinfo
-- ----------------------------
INSERT INTO `playercreateinfo` VALUES ('1', '1', '0', '1519', '-8952.6', '566.102', '93.7933', '0');
INSERT INTO `playercreateinfo` VALUES ('1', '2', '0', '1519', '-8952.6', '566.102', '93.7933', '0');
INSERT INTO `playercreateinfo` VALUES ('1', '4', '0', '1519', '-8952.6', '566.102', '93.7933', '0');
INSERT INTO `playercreateinfo` VALUES ('1', '5', '0', '1519', '-8952.6', '566.102', '93.7933', '0');
INSERT INTO `playercreateinfo` VALUES ('1', '8', '0', '1519', '-8952.6', '566.102', '93.7933', '0');
INSERT INTO `playercreateinfo` VALUES ('1', '9', '0', '1519', '-8952.6', '566.102', '93.7933', '0');
INSERT INTO `playercreateinfo` VALUES ('2', '1', '1', '1637', '1434.25', '-4398.33', '25.4628', '0');
INSERT INTO `playercreateinfo` VALUES ('2', '3', '1', '1637', '1434.25', '-4398.33', '25.4628', '0');
INSERT INTO `playercreateinfo` VALUES ('2', '4', '1', '1637', '1434.25', '-4398.33', '25.4628', '0');
INSERT INTO `playercreateinfo` VALUES ('2', '7', '1', '1637', '1434.25', '-4398.33', '25.4628', '0');
INSERT INTO `playercreateinfo` VALUES ('2', '9', '1', '1637', '1434.25', '-4398.33', '25.4628', '0');
INSERT INTO `playercreateinfo` VALUES ('3', '1', '0', '1519', '-8952.6', '566.102', '93.7933', '0');
INSERT INTO `playercreateinfo` VALUES ('3', '2', '0', '1519', '-8952.6', '566.102', '93.7933', '0');
INSERT INTO `playercreateinfo` VALUES ('3', '3', '0', '1519', '-8952.6', '566.102', '93.7933', '0');
INSERT INTO `playercreateinfo` VALUES ('3', '4', '0', '1519', '-8952.6', '566.102', '93.7933', '0');
INSERT INTO `playercreateinfo` VALUES ('3', '5', '0', '1519', '-8952.6', '566.102', '93.7933', '0');
INSERT INTO `playercreateinfo` VALUES ('4', '1', '0', '1519', '-8952.6', '566.102', '93.7933', '0');
INSERT INTO `playercreateinfo` VALUES ('4', '3', '0', '1519', '-8952.6', '566.102', '93.7933', '0');
INSERT INTO `playercreateinfo` VALUES ('4', '4', '0', '1519', '-8952.6', '566.102', '93.7933', '0');
INSERT INTO `playercreateinfo` VALUES ('4', '5', '0', '1519', '-8952.6', '566.102', '93.7933', '0');
INSERT INTO `playercreateinfo` VALUES ('4', '11', '0', '1519', '-8952.6', '566.102', '93.7933', '0');
INSERT INTO `playercreateinfo` VALUES ('5', '1', '1', '1637', '1434.25', '-4398.33', '25.4628', '0');
INSERT INTO `playercreateinfo` VALUES ('5', '4', '1', '1637', '1434.25', '-4398.33', '25.4628', '0');
INSERT INTO `playercreateinfo` VALUES ('5', '5', '1', '1637', '1434.25', '-4398.33', '25.4628', '0');
INSERT INTO `playercreateinfo` VALUES ('5', '8', '1', '1637', '1434.25', '-4398.33', '25.4628', '0');
INSERT INTO `playercreateinfo` VALUES ('5', '9', '1', '1637', '1434.25', '-4398.33', '25.4628', '0');
INSERT INTO `playercreateinfo` VALUES ('6', '1', '1', '1637', '1434.25', '-4398.33', '25.4628', '0');
INSERT INTO `playercreateinfo` VALUES ('6', '3', '1', '1637', '1434.25', '-4398.33', '25.4628', '0');
INSERT INTO `playercreateinfo` VALUES ('6', '7', '1', '1637', '1434.25', '-4398.33', '25.4628', '0');
INSERT INTO `playercreateinfo` VALUES ('6', '11', '1', '1637', '1434.25', '-4398.33', '25.4628', '0');
INSERT INTO `playercreateinfo` VALUES ('7', '1', '0', '1519', '-8952.6', '566.102', '93.7933', '0');
INSERT INTO `playercreateinfo` VALUES ('7', '9', '0', '1519', '-8952.6', '566.102', '93.7933', '0');
INSERT INTO `playercreateinfo` VALUES ('7', '8', '0', '1519', '-8952.6', '566.102', '93.7933', '0');
INSERT INTO `playercreateinfo` VALUES ('7', '4', '0', '1519', '-8952.6', '566.102', '93.7933', '0');
INSERT INTO `playercreateinfo` VALUES ('8', '1', '1', '1637', '1434.25', '-4398.33', '25.4628', '0');
INSERT INTO `playercreateinfo` VALUES ('8', '3', '1', '1637', '1434.25', '-4398.33', '25.4628', '0');
INSERT INTO `playercreateinfo` VALUES ('8', '4', '1', '1637', '1434.25', '-4398.33', '25.4628', '0');
INSERT INTO `playercreateinfo` VALUES ('8', '5', '1', '1637', '1434.25', '-4398.33', '25.4628', '0');
INSERT INTO `playercreateinfo` VALUES ('8', '7', '1', '1637', '1434.25', '-4398.33', '25.4628', '0');
INSERT INTO `playercreateinfo` VALUES ('8', '8', '1', '1637', '1434.25', '-4398.33', '25.4628', '0');
INSERT INTO `playercreateinfo` VALUES ('10', '2', '1', '1637', '1434.25', '-4398.33', '25.4628', '0');
INSERT INTO `playercreateinfo` VALUES ('10', '3', '1', '1637', '1434.25', '-4398.33', '25.4628', '0');
INSERT INTO `playercreateinfo` VALUES ('10', '4', '1', '1637', '1434.25', '-4398.33', '25.4628', '0');
INSERT INTO `playercreateinfo` VALUES ('10', '5', '1', '1637', '1434.25', '-4398.33', '25.4628', '0');
INSERT INTO `playercreateinfo` VALUES ('10', '8', '1', '1637', '1434.25', '-4398.33', '25.4628', '0');
INSERT INTO `playercreateinfo` VALUES ('10', '9', '1', '1637', '1434.25', '-4398.33', '25.4628', '0');
INSERT INTO `playercreateinfo` VALUES ('11', '1', '0', '1519', '-8952.6', '566.102', '93.7933', '0');
INSERT INTO `playercreateinfo` VALUES ('11', '2', '0', '1519', '-8952.6', '566.102', '93.7933', '0');
INSERT INTO `playercreateinfo` VALUES ('11', '3', '0', '1519', '-8952.6', '566.102', '93.7933', '0');
INSERT INTO `playercreateinfo` VALUES ('11', '5', '0', '1519', '-8952.6', '566.102', '93.7933', '0');
INSERT INTO `playercreateinfo` VALUES ('11', '7', '0', '1519', '-8952.6', '566.102', '93.7933', '0');
INSERT INTO `playercreateinfo` VALUES ('11', '8', '0', '1519', '-8952.6', '566.102', '93.7933', '0');
INSERT INTO `playercreateinfo` VALUES ('1', '6', '0', '1519', '-8952.6', '566.102', '93.7933', '0');
INSERT INTO `playercreateinfo` VALUES ('2', '6', '1', '1637', '1434.25', '-4398.33', '25.4628', '0');
INSERT INTO `playercreateinfo` VALUES ('3', '6', '0', '1519', '-8952.6', '566.102', '93.7933', '0');
INSERT INTO `playercreateinfo` VALUES ('4', '6', '0', '1519', '-8952.6', '566.102', '93.7933', '0');
INSERT INTO `playercreateinfo` VALUES ('5', '6', '1', '1637', '1434.25', '-4398.33', '25.4628', '0');
INSERT INTO `playercreateinfo` VALUES ('6', '6', '1', '1637', '1434.25', '-4398.33', '25.4628', '0');
INSERT INTO `playercreateinfo` VALUES ('7', '6', '0', '1519', '-8952.6', '566.102', '93.7933', '0');
INSERT INTO `playercreateinfo` VALUES ('8', '6', '1', '1637', '1434.25', '-4398.33', '25.4628', '0');
INSERT INTO `playercreateinfo` VALUES ('10', '6', '1', '1637', '1434.25', '-4398.33', '25.4628', '0');
INSERT INTO `playercreateinfo` VALUES ('11', '6', '0', '1519', '-8952.6', '566.102', '93.7933', '0');

DELETE FROM `creature` WHERE `id`=100000;
INSERT INTO `creature` (`guid`,`id`,`map`,`spawnMask`,`phaseMask`,`modelid`,`equipment_id`,`position_x`,`position_y`,`position_z`,`orientation`,`spawntimesecs`,`spawndist`,`currentwaypoint`,`curhealth`,`curmana`,`MovementType`) VALUES
(9338190, 100000, 0, 1, 1, 0, 0, -8908.56, 524.485, 93.8555, 3.86955, 300, 0, 0, 534200, 0, 0),
(9338201, 100000, 1, 1, 1, 0, 0, 1447.83, -4429.03, 25.4628, 1.68307, 300, 0, 0, 534200, 0, 0);

REPLACE INTO `creature_template` (`entry`, `difficulty_entry_1`, `difficulty_entry_2`, `difficulty_entry_3`, `KillCredit1`, `KillCredit2`, `modelid1`, `modelid2`, `modelid3`, `modelid4`, `name`, `subname`, `IconName`, `gossip_menu_id`, `minlevel`, `maxlevel`, `exp`, `faction_A`, `faction_H`, `npcflag`, `scale`, `rank`, `mindmg`, `maxdmg`, `dmgschool`, `attackpower`, `dmg_multiplier`, `baseattacktime`, `rangeattacktime`, `unit_class`, `unit_flags`, `dynamicflags`, `family`, `trainer_type`, `trainer_spell`, `trainer_class`, `trainer_race`, `minrangedmg`, `maxrangedmg`, `rangedattackpower`, `type`, `type_flags`, `lootid`, `pickpocketloot`, `skinloot`, `resistance1`, `resistance2`, `resistance3`, `resistance4`, `resistance5`, `resistance6`, `spell1`, `spell2`, `spell3`, `spell4`, `spell5`, `spell6`, `spell7`, `spell8`, `PetSpellDataId`, `VehicleId`, `mingold`, `maxgold`, `AIName`, `MovementType`, `InhabitType`, `Health_mod`, `Mana_mod`, `RacialLeader`, `questItem1`, `questItem2`, `questItem3`, `questItem4`, `questItem5`, `questItem6`, `movementId`, `RegenHealth`, `equipment_id`, `mechanic_immune_mask`, `flags_extra`, `ScriptName`) VALUES (90010, 0, 0, 0, 0, 0, 28597, 0, 28597, 0, 'Terestiaf Frostwolf', 'Armor Token Vendor', '', 0, 83, 83, 0, 35, 35, 129, 1, 2, 500, 700, 0, 1200, 100, 1500, 1200, 1, 2, 0, 0, 0, 0, 0, 0, 700, 900, 1000, 7, 2, 0, 0, 0, 0, 0, 0, 0, 0, 0, 0, 0, 0, 0, 0, 0, 0, 0, 0, 0, 1000, 1000, '', 0, 3, 57, 113, 0, 0, 0, 0, 0, 0, 0, 0, 1, 1728, 0, 0, '');

DELETE FROM `npc_vendor` WHERE (`entry`=90010);
INSERT INTO `npc_vendor` (entry, item, maxcount, incrtime, ExtendedCost) VALUES 
(90010, 31089, 0, 0, 0),
(90010, 31090, 0, 0, 0),
(90010, 31091, 0, 0, 0),
(90010, 31092, 0, 0, 0),
(90010, 31093, 0, 0, 0),
(90010, 31094, 0, 0, 0),
(90010, 31095, 0, 0, 0),
(90010, 31096, 0, 0, 0),
(90010, 31097, 0, 0, 0),
(90010, 31098, 0, 0, 0),
(90010, 31099, 0, 0, 0),
(90010, 31100, 0, 0, 0),
(90010, 31101, 0, 0, 0),
(90010, 31102, 0, 0, 0),
(90010, 31103, 0, 0, 0),
(90010, 34848, 0, 0, 0),
(90010, 34851, 0, 0, 0),
(90010, 34852, 0, 0, 0),
(90010, 34853, 0, 0, 0),
(90010, 34854, 0, 0, 0),
(90010, 34855, 0, 0, 0),
(90010, 34856, 0, 0, 0),
(90010, 34857, 0, 0, 0),
(90010, 34858, 0, 0, 0),
(90010, 45632, 0, 0, 0),
(90010, 45633, 0, 0, 0),
(90010, 45634, 0, 0, 0),
(90010, 45638, 0, 0, 0),
(90010, 45639, 0, 0, 0),
(90010, 45640, 0, 0, 0),
(90010, 45641, 0, 0, 0),
(90010, 45642, 0, 0, 0),
(90010, 45643, 0, 0, 0),
(90010, 45653, 0, 0, 0),
(90010, 45654, 0, 0, 0),
(90010, 45655, 0, 0, 0),
(90010, 45656, 0, 0, 0),
(90010, 45657, 0, 0, 0),
(90010, 45658, 0, 0, 0),
(90010, 52028, 0, 0, 0),
(90010, 52029, 0, 0, 0),
(90010, 52030, 0, 0, 0);

DELETE FROM `creature` WHERE `id`=90010;
INSERT INTO `creature` (`guid`,`id`,`map`,`spawnMask`,`phaseMask`,`modelid`,`equipment_id`,`position_x`,`position_y`,`position_z`,`orientation`,`spawntimesecs`,`spawndist`,`currentwaypoint`,`curhealth`,`curmana`,`MovementType`) VALUES
(9338221, 90010, 1, 1, 1, 0, 1728, 1447.27, -4414.1, 25.4633, 4.89077, 300, 0, 0, 331056, 0, 0),
(9338205, 90010, 0, 1, 1, 0, 1728, -8946.28, 552.831, 94.3675, 0.659228, 300, 0, 0, 331056, 0, 0);

REPLACE INTO `creature_template` (`entry`, `difficulty_entry_1`, `difficulty_entry_2`, `difficulty_entry_3`, `KillCredit1`, `KillCredit2`, `modelid1`, `modelid2`, `modelid3`, `modelid4`, `name`, `subname`, `IconName`, `gossip_menu_id`, `minlevel`, `maxlevel`, `exp`, `faction_A`, `faction_H`, `npcflag`, `scale`, `rank`, `mindmg`, `maxdmg`, `dmgschool`, `attackpower`, `dmg_multiplier`, `baseattacktime`, `rangeattacktime`, `unit_class`, `unit_flags`, `dynamicflags`, `family`, `trainer_type`, `trainer_spell`, `trainer_class`, `trainer_race`, `minrangedmg`, `maxrangedmg`, `rangedattackpower`, `type`, `type_flags`, `lootid`, `pickpocketloot`, `skinloot`, `resistance1`, `resistance2`, `resistance3`, `resistance4`, `resistance5`, `resistance6`, `spell1`, `spell2`, `spell3`, `spell4`, `spell5`, `spell6`, `spell7`, `spell8`, `PetSpellDataId`, `VehicleId`, `mingold`, `maxgold`, `AIName`, `MovementType`, `InhabitType`, `Health_mod`, `Mana_mod`, `RacialLeader`, `questItem1`, `questItem2`, `questItem3`, `questItem4`, `questItem5`, `questItem6`, `movementId`, `RegenHealth`, `equipment_id`, `mechanic_immune_mask`, `flags_extra`, `ScriptName`) VALUES (200090, 0, 0, 0, 0, 0, 22974, 0, 22974, 0, 'Epic Level 70', 'Sunwell Items', '', 0, 80, 80, 0, 35, 35, 128, 1, 1, 50, 150, 0, 1000, 1, 2000, 0, 1, 2, 0, 0, 0, 0, 0, 0, 0, 0, 0, 7, 2, 0, 0, 0, 0, 0, 0, 0, 0, 0, 0, 0, 0, 0, 0, 0, 0, 0, 0, 0, 0, 0, '', 0, 3, 10, 1, 0, 0, 0, 0, 0, 0, 0, 0, 1, 4493, 0, 0, '');

DELETE FROM `npc_vendor` WHERE (`entry`=200090);
INSERT INTO `npc_vendor` (entry, item, maxcount, incrtime, ExtendedCost) VALUES 
(200090, 30879, 0, 0, 0),
(200090, 30902, 0, 0, 0),
(200090, 30908, 0, 0, 0),
(200090, 32235, 0, 0, 0),
(200090, 32273, 0, 0, 0),
(200090, 32329, 0, 0, 0),
(200090, 32375, 0, 0, 0),
(200090, 32483, 0, 0, 0),
(200090, 32496, 0, 0, 0),
(200090, 32505, 0, 0, 0),
(200090, 32649, 0, 0, 0),
(200090, 34164, 0, 0, 0),
(200090, 34165, 0, 0, 0),
(200090, 34166, 0, 0, 0),
(200090, 34167, 0, 0, 0),
(200090, 34168, 0, 0, 0),
(200090, 34169, 0, 0, 0),
(200090, 34170, 0, 0, 0),
(200090, 34176, 0, 0, 0),
(200090, 34177, 0, 0, 0),
(200090, 34179, 0, 0, 0),
(200090, 34180, 0, 0, 0),
(200090, 34181, 0, 0, 0),
(200090, 34182, 0, 0, 0),
(200090, 34183, 0, 0, 0),
(200090, 34184, 0, 0, 0),
(200090, 34185, 0, 0, 0),
(200090, 34186, 0, 0, 0),
(200090, 34188, 0, 0, 0),
(200090, 34190, 0, 0, 0),
(200090, 34192, 0, 0, 0),
(200090, 34193, 0, 0, 0),
(200090, 34194, 0, 0, 0),
(200090, 34195, 0, 0, 0),
(200090, 34196, 0, 0, 0),
(200090, 34198, 0, 0, 0),
(200090, 34199, 0, 0, 0),
(200090, 34202, 0, 0, 0),
(200090, 34203, 0, 0, 0),
(200090, 34205, 0, 0, 0),
(200090, 34206, 0, 0, 0),
(200090, 34208, 0, 0, 0),
(200090, 34209, 0, 0, 0),
(200090, 34210, 0, 0, 0),
(200090, 34211, 0, 0, 0),
(200090, 34212, 0, 0, 0),
(200090, 34214, 0, 0, 0),
(200090, 34215, 0, 0, 0),
(200090, 34228, 0, 0, 0),
(200090, 34229, 0, 0, 0),
(200090, 34231, 0, 0, 0),
(200090, 34232, 0, 0, 0),
(200090, 34233, 0, 0, 0),
(200090, 34234, 0, 0, 0),
(200090, 34240, 0, 0, 0),
(200090, 34241, 0, 0, 0),
(200090, 34242, 0, 0, 0),
(200090, 34243, 0, 0, 0),
(200090, 34244, 0, 0, 0),
(200090, 34245, 0, 0, 0),
(200090, 34247, 0, 0, 0),
(200090, 34329, 0, 0, 0),
(200090, 34332, 0, 0, 0),
(200090, 34333, 0, 0, 0),
(200090, 34335, 0, 0, 0),
(200090, 34336, 0, 0, 0),
(200090, 34337, 0, 0, 0),
(200090, 34339, 0, 0, 0),
(200090, 34340, 0, 0, 0),
(200090, 34341, 0, 0, 0),
(200090, 34342, 0, 0, 0),
(200090, 34343, 0, 0, 0),
(200090, 34344, 0, 0, 0),
(200090, 34345, 0, 0, 0),
(200090, 34347, 0, 0, 0),
(200090, 34348, 0, 0, 0),
(200090, 34349, 0, 0, 0),
(200090, 34350, 0, 0, 0),
(200090, 34351, 0, 0, 0),
(200090, 34352, 0, 0, 0),
(200090, 34361, 0, 0, 0),
(200090, 34362, 0, 0, 0),
(200090, 34363, 0, 0, 0),
(200090, 34366, 0, 0, 0),
(200090, 34367, 0, 0, 0),
(200090, 34370, 0, 0, 0),
(200090, 34372, 0, 0, 0),
(200090, 34374, 0, 0, 0),
(200090, 34376, 0, 0, 0),
(200090, 34378, 0, 0, 0),
(200090, 34380, 0, 0, 0),
(200090, 34381, 0, 0, 0),
(200090, 34382, 0, 0, 0),
(200090, 34383, 0, 0, 0),
(200090, 34384, 0, 0, 0),
(200090, 34385, 0, 0, 0),
(200090, 34386, 0, 0, 0),
(200090, 34388, 0, 0, 0),
(200090, 34389, 0, 0, 0),
(200090, 34390, 0, 0, 0),
(200090, 34391, 0, 0, 0),
(200090, 34392, 0, 0, 0),
(200090, 34393, 0, 0, 0),
(200090, 34394, 0, 0, 0),
(200090, 34395, 0, 0, 0),
(200090, 34396, 0, 0, 0),
(200090, 34397, 0, 0, 0),
(200090, 34398, 0, 0, 0),
(200090, 34399, 0, 0, 0),
(200090, 34400, 0, 0, 0),
(200090, 34401, 0, 0, 0),
(200090, 34402, 0, 0, 0),
(200090, 34403, 0, 0, 0),
(200090, 34404, 0, 0, 0),
(200090, 34405, 0, 0, 0),
(200090, 34406, 0, 0, 0),
(200090, 34407, 0, 0, 0),
(200090, 34408, 0, 0, 0),
(200090, 34409, 0, 0, 0),
(200090, 34427, 0, 0, 0),
(200090, 34429, 0, 0, 0),
(200090, 34430, 0, 0, 0);

REPLACE INTO `creature_template` (`entry`, `difficulty_entry_1`, `difficulty_entry_2`, `difficulty_entry_3`, `KillCredit1`, `KillCredit2`, `modelid1`, `modelid2`, `modelid3`, `modelid4`, `name`, `subname`, `IconName`, `gossip_menu_id`, `minlevel`, `maxlevel`, `exp`, `faction_A`, `faction_H`, `npcflag`, `scale`, `rank`, `mindmg`, `maxdmg`, `dmgschool`, `attackpower`, `dmg_multiplier`, `baseattacktime`, `rangeattacktime`, `unit_class`, `unit_flags`, `dynamicflags`, `family`, `trainer_type`, `trainer_spell`, `trainer_class`, `trainer_race`, `minrangedmg`, `maxrangedmg`, `rangedattackpower`, `type`, `type_flags`, `lootid`, `pickpocketloot`, `skinloot`, `resistance1`, `resistance2`, `resistance3`, `resistance4`, `resistance5`, `resistance6`, `spell1`, `spell2`, `spell3`, `spell4`, `spell5`, `spell6`, `spell7`, `spell8`, `PetSpellDataId`, `VehicleId`, `mingold`, `maxgold`, `AIName`, `MovementType`, `InhabitType`, `Health_mod`, `Mana_mod`, `RacialLeader`, `questItem1`, `questItem2`, `questItem3`, `questItem4`, `questItem5`, `questItem6`, `movementId`, `RegenHealth`, `equipment_id`, `mechanic_immune_mask`, `flags_extra`, `ScriptName`) VALUES (200091, 0, 0, 0, 0, 0, 18593, 0, 18593, 0, 'Reagent Level 70', 'Burning Crusade Reagents', '', 0, 83, 83, 2, 35, 35, 4225, 1, 2, 340, 510, 0, 127, 1, 2000, 2000, 1, 2, 0, 0, 2, 0, 0, 0, 272, 408, 102, 7, 2, 0, 0, 0, 0, 0, 0, 0, 0, 0, 0, 0, 0, 0, 0, 0, 0, 0, 0, 0, 1000, 1000, '', 0, 3, 100, 1, 0, 0, 0, 0, 0, 0, 0, 0, 1, 4321, 0, 0, '');

DELETE FROM `npc_vendor` WHERE (`entry`=200091);
INSERT INTO `npc_vendor` (entry, item, maxcount, incrtime, ExtendedCost) VALUES 
(200091, 2840, 0, 0, 0),
(200091, 2841, 0, 0, 0),
(200091, 3576, 0, 0, 0),
(200091, 3577, 0, 0, 0),
(200091, 3859, 0, 0, 0),
(200091, 3860, 0, 0, 0),
(200091, 6037, 0, 0, 0),
(200091, 11371, 0, 0, 0),
(200091, 12359, 0, 0, 0),
(200091, 12360, 0, 0, 0),
(200091, 12655, 0, 0, 0),
(200091, 14256, 0, 0, 0),
(200091, 17203, 0, 0, 0),
(200091, 17771, 0, 0, 0),
(200091, 20725, 0, 0, 0),
(200091, 21840, 0, 0, 0),
(200091, 21842, 0, 0, 0),
(200091, 21845, 0, 0, 0),
(200091, 21881, 0, 0, 0),
(200091, 21884, 0, 0, 0),
(200091, 21885, 0, 0, 0),
(200091, 21886, 0, 0, 0),
(200091, 22445, 0, 0, 0),
(200091, 22446, 0, 0, 0),
(200091, 22450, 0, 0, 0),
(200091, 22451, 0, 0, 0),
(200091, 22452, 0, 0, 0),
(200091, 22456, 0, 0, 0),
(200091, 22457, 0, 0, 0),
(200091, 23445, 0, 0, 0),
(200091, 23446, 0, 0, 0),
(200091, 23447, 0, 0, 0),
(200091, 23448, 0, 0, 0),
(200091, 23449, 0, 0, 0),
(200091, 23571, 0, 0, 0),
(200091, 23572, 0, 0, 0),
(200091, 23573, 0, 0, 0),
(200091, 23793, 0, 0, 0),
(200091, 24271, 0, 0, 0),
(200091, 24272, 0, 0, 0),
(200091, 25707, 0, 0, 0),
(200091, 25708, 0, 0, 0),
(200091, 29547, 0, 0, 0),
(200091, 30183, 0, 0, 0),
(200091, 31079, 0, 0, 0),
(200091, 34664, 0, 0, 0),
(200091, 35128, 0, 0, 0),
(200091, 36914, 0, 0, 0),
(200091, 40248, 0, 0, 0),
(200091, 41510, 0, 0, 0),
(200091, 41511, 0, 0, 0),
(200091, 17968, 0, 0, 0),
(200091, 12811, 0, 0, 0);

DELETE FROM `creature` WHERE `id`=200090;
INSERT INTO `creature` (`guid`,`id`,`map`,`spawnMask`,`phaseMask`,`modelid`,`equipment_id`,`position_x`,`position_y`,`position_z`,`orientation`,`spawntimesecs`,`spawndist`,`currentwaypoint`,`curhealth`,`curmana`,`MovementType`) VALUES
(9338210, 200090, 1, 1, 1, 0, 4493, 1428.35, -4414.47, 25.4627, 0.0521139, 300, 0, 0, 53420, 0, 0),
(9338214, 200090, 0, 1, 1, 0, 4493, -8948.13, 555.182, 93.8234, 0.663485, 300, 0, 0, 53420, 0, 0);

DELETE FROM `creature` WHERE `id`=200091;
INSERT INTO `creature` (`guid`,`id`,`map`,`spawnMask`,`phaseMask`,`modelid`,`equipment_id`,`position_x`,`position_y`,`position_z`,`orientation`,`spawntimesecs`,`spawndist`,`currentwaypoint`,`curhealth`,`curmana`,`MovementType`) VALUES
(9338213, 200091, 0, 1, 1, 0, 4321, -8938.79, 562.206, 93.8212, 3.78282, 300, 0, 0, 1394500, 0, 0),
(9338209, 200091, 1, 1, 1, 18595, 4321, 1423.89, -4375.8, 25.4627, 0.157448, 300, 0, 0, 1394500, 0, 0);

REPLACE INTO `creature_template` (`entry`, `difficulty_entry_1`, `difficulty_entry_2`, `difficulty_entry_3`, `KillCredit1`, `KillCredit2`, `modelid1`, `modelid2`, `modelid3`, `modelid4`, `name`, `subname`, `IconName`, `gossip_menu_id`, `minlevel`, `maxlevel`, `exp`, `faction_A`, `faction_H`, `npcflag`, `scale`, `rank`, `mindmg`, `maxdmg`, `dmgschool`, `attackpower`, `dmg_multiplier`, `baseattacktime`, `rangeattacktime`, `unit_class`, `unit_flags`, `dynamicflags`, `family`, `trainer_type`, `trainer_spell`, `trainer_class`, `trainer_race`, `minrangedmg`, `maxrangedmg`, `rangedattackpower`, `type`, `type_flags`, `lootid`, `pickpocketloot`, `skinloot`, `resistance1`, `resistance2`, `resistance3`, `resistance4`, `resistance5`, `resistance6`, `spell1`, `spell2`, `spell3`, `spell4`, `spell5`, `spell6`, `spell7`, `spell8`, `PetSpellDataId`, `VehicleId`, `mingold`, `maxgold`, `AIName`, `MovementType`, `InhabitType`, `Health_mod`, `Mana_mod`, `RacialLeader`, `questItem1`, `questItem2`, `questItem3`, `questItem4`, `questItem5`, `questItem6`, `movementId`, `RegenHealth`, `equipment_id`, `mechanic_immune_mask`, `flags_extra`, `ScriptName`) VALUES (90011, 0, 0, 0, 0, 0, 22209, 0, 22209, 0, 'Jedidiah Handers', 'Arena Season 8 Custom Items', '', 0, 83, 83, 2, 35, 35, 4225, 1, 2, 340, 510, 0, 127, 1, 2000, 2000, 1, 2, 8, 0, 2, 0, 0, 0, 272, 408, 102, 7, 2, 0, 0, 0, 0, 0, 0, 0, 0, 0, 0, 0, 0, 0, 0, 0, 0, 0, 0, 0, 0, 0, '', 0, 3, 100, 50, 0, 0, 0, 0, 0, 0, 0, 0, 1, 547, 0, 0, '');

DELETE FROM `npc_vendor` WHERE (`entry`=90011);
INSERT INTO `npc_vendor` (entry, item, maxcount, incrtime, ExtendedCost) VALUES 
(90011, 51327, 0, 0, 2569),
(90011, 51328, 0, 0, 2569),
(90011, 51329, 0, 0, 2569),
(90011, 51330, 0, 0, 2561),
(90011, 51331, 0, 0, 2561),
(90011, 51332, 0, 0, 2561),
(90011, 51333, 0, 0, 2561),
(90011, 51334, 0, 0, 2561),
(90011, 51335, 0, 0, 2561),
(90011, 51336, 0, 0, 2559),
(90011, 51337, 0, 0, 2569),
(90011, 51338, 0, 0, 2569),
(90011, 51339, 0, 0, 2569),
(90011, 51340, 0, 0, 2569),
(90011, 51341, 0, 0, 2569),
(90011, 51342, 0, 0, 2569),
(90011, 51343, 0, 0, 2569),
(90011, 51344, 0, 0, 2569),
(90011, 51345, 0, 0, 2569),
(90011, 51346, 0, 0, 2561),
(90011, 51347, 0, 0, 2561),
(90011, 51348, 0, 0, 2561),
(90011, 51349, 0, 0, 2561),
(90011, 51350, 0, 0, 2569),
(90011, 51351, 0, 0, 2569),
(90011, 51352, 0, 0, 2569),
(90011, 51353, 0, 0, 2561),
(90011, 51354, 0, 0, 2561),
(90011, 51355, 0, 0, 2561),
(90011, 51356, 0, 0, 2561),
(90011, 51357, 0, 0, 2561),
(90011, 51358, 0, 0, 2559),
(90011, 51359, 0, 0, 2569),
(90011, 51360, 0, 0, 2569),
(90011, 51361, 0, 0, 2569),
(90011, 51362, 0, 0, 2569),
(90011, 51363, 0, 0, 2569),
(90011, 51364, 0, 0, 2569),
(90011, 51365, 0, 0, 2569),
(90011, 51366, 0, 0, 2569),
(90011, 51367, 0, 0, 2569),
(90011, 51368, 0, 0, 2569),
(90011, 51369, 0, 0, 2569),
(90011, 51370, 0, 0, 2569),
(90011, 51371, 0, 0, 2569),
(90011, 51372, 0, 0, 2569),
(90011, 51373, 0, 0, 2569),
(90011, 51374, 0, 0, 2569),
(90011, 51375, 0, 0, 2569),
(90011, 51376, 0, 0, 2569),
(90011, 51452, 0, 0, 146),
(90011, 51455, 0, 0, 146),
(90011, 51533, 0, 0, 146);

DELETE FROM `creature` WHERE `id`=90011;
INSERT INTO `creature` (`guid`,`id`,`map`,`spawnMask`,`phaseMask`,`modelid`,`equipment_id`,`position_x`,`position_y`,`position_z`,`orientation`,`spawntimesecs`,`spawndist`,`currentwaypoint`,`curhealth`,`curmana`,`MovementType`) VALUES
(9338217, 90011, 0, 1, 1, 0, 547, -8929.05, 550.419, 94.312, 4.57632, 300, 0, 0, 1394500, 0, 0),
(9338218, 90011, 1, 1, 1, 0, 547, 1438.54, -4376.03, 25.4626, 3.32647, 300, 0, 0, 1394500, 0, 0);

REPLACE INTO `creature_template` (`entry`, `difficulty_entry_1`, `difficulty_entry_2`, `difficulty_entry_3`, `KillCredit1`, `KillCredit2`, `modelid1`, `modelid2`, `modelid3`, `modelid4`, `name`, `subname`, `IconName`, `gossip_menu_id`, `minlevel`, `maxlevel`, `exp`, `faction_A`, `faction_H`, `npcflag`, `scale`, `rank`, `mindmg`, `maxdmg`, `dmgschool`, `attackpower`, `dmg_multiplier`, `baseattacktime`, `rangeattacktime`, `unit_class`, `unit_flags`, `dynamicflags`, `family`, `trainer_type`, `trainer_spell`, `trainer_class`, `trainer_race`, `minrangedmg`, `maxrangedmg`, `rangedattackpower`, `type`, `type_flags`, `lootid`, `pickpocketloot`, `skinloot`, `resistance1`, `resistance2`, `resistance3`, `resistance4`, `resistance5`, `resistance6`, `spell1`, `spell2`, `spell3`, `spell4`, `spell5`, `spell6`, `spell7`, `spell8`, `PetSpellDataId`, `VehicleId`, `mingold`, `maxgold`, `AIName`, `MovementType`, `InhabitType`, `Health_mod`, `Mana_mod`, `RacialLeader`, `questItem1`, `questItem2`, `questItem3`, `questItem4`, `questItem5`, `questItem6`, `movementId`, `RegenHealth`, `equipment_id`, `mechanic_immune_mask`, `flags_extra`, `ScriptName`) VALUES (200099, 0, 0, 0, 0, 0, 22959, 0, 22959, 0, 'Arena Season 6', 'PvP Sets', '', 0, 83, 83, 0, 35, 35, 4224, 1, 2, 50, 150, 0, 1000, 1000, 2000, 0, 1, 2, 0, 0, 0, 0, 0, 0, 0, 0, 0, 7, 2, 0, 0, 0, 0, 0, 0, 0, 0, 0, 0, 0, 0, 0, 0, 0, 0, 0, 0, 0, 0, 0, '', 0, 3, 57, 75, 0, 0, 0, 0, 0, 0, 0, 0, 1, 4493, 0, 0, '');

DELETE FROM `npc_vendor` WHERE (`entry`=200099);
INSERT INTO `npc_vendor` (entry, item, maxcount, incrtime, ExtendedCost) VALUES 
(200099, 40787, 0, 0, 0),
(200099, 40788, 0, 0, 0),
(200099, 40789, 0, 0, 0),
(200099, 40807, 0, 0, 0),
(200099, 40808, 0, 0, 0),
(200099, 40809, 0, 0, 0),
(200099, 40826, 0, 0, 0),
(200099, 40827, 0, 0, 0),
(200099, 40828, 0, 0, 0),
(200099, 40847, 0, 0, 0),
(200099, 40848, 0, 0, 0),
(200099, 40849, 0, 0, 0),
(200099, 40866, 0, 0, 0),
(200099, 40868, 0, 0, 0),
(200099, 40869, 0, 0, 0),
(200099, 40907, 0, 0, 0),
(200099, 40927, 0, 0, 0),
(200099, 40933, 0, 0, 0),
(200099, 40939, 0, 0, 0),
(200099, 40963, 0, 0, 0),
(200099, 40992, 0, 0, 0),
(200099, 40993, 0, 0, 0),
(200099, 41001, 0, 0, 0),
(200099, 41007, 0, 0, 0),
(200099, 41013, 0, 0, 0),
(200099, 41019, 0, 0, 0),
(200099, 41027, 0, 0, 0),
(200099, 41033, 0, 0, 0),
(200099, 41038, 0, 0, 0),
(200099, 41044, 0, 0, 0),
(200099, 41081, 0, 0, 0),
(200099, 41087, 0, 0, 0),
(200099, 41137, 0, 0, 0),
(200099, 41143, 0, 0, 0),
(200099, 41151, 0, 0, 0),
(200099, 41157, 0, 0, 0),
(200099, 41199, 0, 0, 0),
(200099, 41205, 0, 0, 0),
(200099, 41211, 0, 0, 0),
(200099, 41217, 0, 0, 0),
(200099, 41275, 0, 0, 0),
(200099, 41281, 0, 0, 0),
(200099, 41287, 0, 0, 0),
(200099, 41293, 0, 0, 0),
(200099, 41298, 0, 0, 0),
(200099, 41304, 0, 0, 0),
(200099, 41310, 0, 0, 0),
(200099, 41316, 0, 0, 0),
(200099, 41321, 0, 0, 0),
(200099, 41327, 0, 0, 0),
(200099, 41650, 0, 0, 0),
(200099, 41655, 0, 0, 0),
(200099, 41661, 0, 0, 0),
(200099, 41667, 0, 0, 0),
(200099, 41672, 0, 0, 0),
(200099, 41678, 0, 0, 0),
(200099, 41683, 0, 0, 0),
(200099, 41715, 0, 0, 0),
(200099, 41767, 0, 0, 0),
(200099, 41773, 0, 0, 0),
(200099, 41854, 0, 0, 0),
(200099, 41859, 0, 0, 0),
(200099, 41864, 0, 0, 0),
(200099, 41869, 0, 0, 0),
(200099, 41874, 0, 0, 0),
(200099, 41915, 0, 0, 0),
(200099, 41921, 0, 0, 0),
(200099, 41927, 0, 0, 0),
(200099, 41934, 0, 0, 0),
(200099, 41940, 0, 0, 0),
(200099, 41946, 0, 0, 0),
(200099, 41953, 0, 0, 0),
(200099, 41959, 0, 0, 0),
(200099, 41965, 0, 0, 0),
(200099, 41971, 0, 0, 0),
(200099, 41993, 0, 0, 0),
(200099, 41998, 0, 0, 0),
(200099, 42005, 0, 0, 0),
(200099, 42011, 0, 0, 0),
(200099, 42017, 0, 0, 0);

DELETE FROM `creature` WHERE `id`=200099;
INSERT INTO `creature` (`guid`,`id`,`map`,`spawnMask`,`phaseMask`,`modelid`,`equipment_id`,`position_x`,`position_y`,`position_z`,`orientation`,`spawntimesecs`,`spawndist`,`currentwaypoint`,`curhealth`,`curmana`,`MovementType`) VALUES
(9338225, 200099, 0, 1, 1, 0, 0, -8933.07, 536.303, 94.3787, 0.777401, 300, 0, 0, 331056, 0, 0),
(9338222, 200099, 1, 1, 1, 0, 0, 1428.2, -4425.06, 25.4633, 0.0729456, 300, 0, 0, 331056, 0, 0);

UPDATE `item_template` SET `spelltrigger_1` = 1 WHERE `entry` = 46104;
UPDATE `item_template` SET `spelltrigger_1` = 1 WHERE `entry` = 45280;