REPLACE INTO game_event VALUES ( 79, '2009-04-15 19:00:00', '2020-12-31 05:00:00', 4800, 60, 0, 'Invasion of rabbits in Dalaran');

REPLACE INTO `creature_template` (`entry`, `heroic_entry`, `modelid_A`, `modelid_A2`, `modelid_H`, `modelid_H2`, `name`, `subname`, `IconName`, `minlevel`, `maxlevel`, `minhealth`, `maxhealth`, `minmana`, `maxmana`, `armor`, `faction_A`, `faction_H`, `npcflag`, `speed`, `scale`, `rank`, `mindmg`, `maxdmg`, `dmgschool`, `attackpower`, `baseattacktime`, `rangeattacktime`, `unit_flags`, `dynamicflags`, `family`, `trainer_type`, `trainer_spell`, `class`, `race`, `minrangedmg`, `maxrangedmg`, `rangedattackpower`, `type`, `type_flags`, `lootid`, `pickpocketloot`, `skinloot`, `resistance1`, `resistance2`, `resistance3`, `resistance4`, `resistance5`, `resistance6`, `spell1`, `spell2`, `spell3`, `spell4`, `PetSpellDataId`, `mingold`, `maxgold`, `AIName`, `MovementType`, `InhabitType`, `unk16`, `unk17`, `RacialLeader`, `RegenHealth`, `equipment_id`, `mechanic_immune_mask`, `flags_extra`, `ScriptName`) VALUES (779000, 0, 328, 0, 328, 0, 'Rabbit', '', '', 75, 80, 5000, 5000, 3000, 3000, 2500, 14, 14, 0, 2.26, 2, 0, 200, 500, 0, 600, 2000, 1457, 0, 0, 1, 0, 0, 0, 0, 100, 120, 100, 1, 2, 0, 0, 0, 0, 0, 0, 0, 0, 0, 43039, 42914, 42940, 42897, 12961, 10, 10000, '', 0, 3, 1.2, 1, 0, 1, 0, 1, 64, 'generic_creature');
REPLACE INTO `creature_template` (`entry`, `heroic_entry`, `modelid_A`, `modelid_A2`, `modelid_H`, `modelid_H2`, `name`, `subname`, `IconName`, `minlevel`, `maxlevel`, `minhealth`, `maxhealth`, `minmana`, `maxmana`, `armor`, `faction_A`, `faction_H`, `npcflag`, `speed`, `scale`, `rank`, `mindmg`, `maxdmg`, `dmgschool`, `attackpower`, `baseattacktime`, `rangeattacktime`, `unit_flags`, `dynamicflags`, `family`, `trainer_type`, `trainer_spell`, `class`, `race`, `minrangedmg`, `maxrangedmg`, `rangedattackpower`, `type`, `type_flags`, `lootid`, `pickpocketloot`, `skinloot`, `resistance1`, `resistance2`, `resistance3`, `resistance4`, `resistance5`, `resistance6`, `spell1`, `spell2`, `spell3`, `spell4`, `PetSpellDataId`, `mingold`, `maxgold`, `AIName`, `MovementType`, `InhabitType`, `unk16`, `unk17`, `RacialLeader`, `RegenHealth`, `equipment_id`, `mechanic_immune_mask`, `flags_extra`, `ScriptName`) VALUES (779001, 0, 26908, 0, 26908, 0, 'Captain Daelin', 'Defender of Dalaran', '', 80, 80, 63000, 63000, 0, 0, 14500, 2007, 2007, 0, 1, 1, 1, 637, 771, 0, 2111, 2000, 1500, 0, 0, 0, 0, 0, 0, 0, 0, 0, 0, 7, 4096, 0, 0, 0, 0, 0, 0, 0, 0, 0, 0, 0, 0, 0, 0, 0, 0, '', 0, 3, 5, 3, 0, 1, 902, 0, 0, '');

DELETE FROM `creature_questrelation` WHERE `quest` = 779000;
DELETE FROM `gameobject_questrelation` WHERE `quest` = 779000;
UPDATE `item_template` SET `StartQuest`=0 WHERE `StartQuest` = 779000;
INSERT INTO `creature_questrelation` (`id`, `quest`) VALUES (779001, 779000);
UPDATE `creature_template` SET `npcflag`=`npcflag`|2 WHERE `entry` = 779001;
DELETE FROM `creature_involvedrelation` WHERE `quest` = 779000;
DELETE FROM `gameobject_involvedrelation` WHERE `quest` = 779000;
INSERT INTO `creature_involvedrelation` (`id`, `quest`) VALUES (779001, 779000);
UPDATE `creature_template` SET `npcflag`=`npcflag`|2 WHERE `entry`=779001;
REPLACE INTO `quest_template` (`entry`, `Method`, `ZoneOrSort`, `SkillOrClass`, `MinLevel`, `QuestLevel`, `Type`, `RequiredRaces`, `RequiredSkillValue`, `RepObjectiveFaction`, `RepObjectiveValue`, `RequiredMinRepFaction`, `RequiredMinRepValue`, `RequiredMaxRepFaction`, `RequiredMaxRepValue`, `SuggestedPlayers`, `LimitTime`, `QuestFlags`, `SpecialFlags`, `CharTitleId`, `PlayersSlain`, `BonusTalents`, `PrevQuestId`, `NextQuestId`, `ExclusiveGroup`, `NextQuestInChain`, `SrcItemId`, `SrcItemCount`, `SrcSpell`, `Title`, `Details`, `Objectives`, `OfferRewardText`, `RequestItemsText`, `EndText`, `ObjectiveText1`, `ObjectiveText2`, `ObjectiveText3`, `ObjectiveText4`, `ReqItemId1`, `ReqItemId2`, `ReqItemId3`, `ReqItemId4`, `ReqItemCount1`, `ReqItemCount2`, `ReqItemCount3`, `ReqItemCount4`, `ReqSourceId1`, `ReqSourceId2`, `ReqSourceId3`, `ReqSourceId4`, `ReqSourceCount1`, `ReqSourceCount2`, `ReqSourceCount3`, `ReqSourceCount4`, `ReqCreatureOrGOId1`, `ReqCreatureOrGOId2`, `ReqCreatureOrGOId3`, `ReqCreatureOrGOId4`, `ReqCreatureOrGOCount1`, `ReqCreatureOrGOCount2`, `ReqCreatureOrGOCount3`, `ReqCreatureOrGOCount4`, `ReqSpellCast1`, `ReqSpellCast2`, `ReqSpellCast3`, `ReqSpellCast4`, `RewChoiceItemId1`, `RewChoiceItemId2`, `RewChoiceItemId3`, `RewChoiceItemId4`, `RewChoiceItemId5`, `RewChoiceItemId6`, `RewChoiceItemCount1`, `RewChoiceItemCount2`, `RewChoiceItemCount3`, `RewChoiceItemCount4`, `RewChoiceItemCount5`, `RewChoiceItemCount6`, `RewItemId1`, `RewItemId2`, `RewItemId3`, `RewItemId4`, `RewItemCount1`, `RewItemCount2`, `RewItemCount3`, `RewItemCount4`, `RewRepFaction1`, `RewRepFaction2`, `RewRepFaction3`, `RewRepFaction4`, `RewRepFaction5`, `RewRepValue1`, `RewRepValue2`, `RewRepValue3`, `RewRepValue4`, `RewRepValue5`, `RewHonorableKills`, `RewOrReqMoney`, `RewMoneyMaxLevel`, `RewSpell`, `RewSpellCast`, `RewMailTemplateId`, `RewMailDelaySecs`, `PointMapId`, `PointX`, `PointY`, `PointOpt`, `DetailsEmote1`, `DetailsEmote2`, `DetailsEmote3`, `DetailsEmote4`, `IncompleteEmote`, `CompleteEmote`, `OfferRewardEmote1`, `OfferRewardEmote2`, `OfferRewardEmote3`, `OfferRewardEmote4`, `StartScript`, `CompleteScript`) VALUES (779000, 2, 14, 0, 70, 80, 0, 0, 0, 0, 0, 0, 0, 0, 0, 0, 1020, 4232, 1, 0, 0, 0, 0, 0, 0, 0, 0, 0, 0, 'Dalaran Past', 'Скорее! Некогда медлить! $N ты должен(а) нам помочь! В городе нашествие Кроликов! Они откуда не возмись появились и убивают жителей, нам нужна помощь!', 'Убей 50 кроликов, после возвращайся к Капитану Дэлину.', 'Спасибо за помощь! Эти грызуны долго еще не появяться в нашем городе.', 'Не расслабляйся $N! Кроликов очень много, нужно убить их всех!', '', '', '', '', '', 0, 0, 0, 0, 0, 0, 0, 0, 0, 0, 0, 0, 0, 0, 0, 0, 779000, 0, 0, 0, 50, 0, 0, 0, 0, 0, 0, 0, 40752, 40753, 0, 0, 0, 0, 10, 5, 0, 0, 0, 0, 0, 0, 0, 0, 0, 0, 0, 0, 1090, 0, 0, 0, 0, 2000, 0, 0, 0, 0, 0, 200000, 300000, 48161, 0, 0, 0, 0, 0, 0, 0, 0, 0, 0, 0, 0, 1, 0, 0, 0, 0, 0, 0);

REPLACE INTO creature VALUES (7779000,779001,571,1,1,0,902,5805.46,631.07,647.462,1.50648,900,0,0,63000,0,0,0);
REPLACE INTO creature VALUES (7779003,779000,571,1,1,0,0,5782.99,661.825,646.911,2.7366,120,5,0,5000,3000,0,1);
REPLACE INTO creature VALUES (7779004,779000,571,1,1,0,0,5761.81,670.128,642.949,1.17758,120,5,0,5000,3000,0,1);
REPLACE INTO creature VALUES (7779005,779000,571,1,1,0,0,5765.86,677.163,642.735,2.06116,120,5,0,5000,3000,0,1);
REPLACE INTO creature VALUES (7779006,779000,571,1,1,0,0,5758.09,692.884,642.747,0.537485,120,5,0,5000,3000,0,1);
REPLACE INTO creature VALUES (7779007,779000,571,1,1,0,0,5769.75,698.228,641.943,0.356844,120,5,0,5000,3000,0,1);
REPLACE INTO creature VALUES (7779008,779000,571,1,1,0,0,5797.07,707.911,641.615,1.69202,120,5,0,5000,3000,0,1);
REPLACE INTO creature VALUES (7779009,779000,571,1,1,0,0,5796.22,725.444,640.268,0.290085,120,5,0,5000,3000,0,1);
REPLACE INTO creature VALUES (7779010,779000,571,1,1,0,0,5789.51,731.019,640.307,4.43699,120,5,0,5000,3000,0,1);
REPLACE INTO creature VALUES (7779011,779000,571,1,1,0,0,5770.13,733.055,641.483,2.85048,120,5,0,5000,3000,0,1);
REPLACE INTO creature VALUES (7779012,779000,571,1,1,0,0,5758.68,738.654,641.698,0.184055,120,5,0,5000,3000,0,1);
REPLACE INTO creature VALUES (7779013,779000,571,1,1,0,0,5761.01,738.349,641.698,4.58621,120,5,0,5000,3000,0,1);
REPLACE INTO creature VALUES (7779014,779000,571,1,1,0,0,5790.34,746.827,646.911,5.07316,120,5,0,5000,3000,0,1);
REPLACE INTO creature VALUES (7779015,779000,571,1,1,0,0,5795.1,765.987,660.764,0.195833,120,5,0,5000,3000,0,1);
REPLACE INTO creature VALUES (7779016,779000,571,1,1,0,0,5808.05,769.035,661.279,0.364694,120,5,0,5000,3000,0,1);
REPLACE INTO creature VALUES (7779017,779000,571,1,1,0,0,5821.83,779.589,661.279,4.59799,120,5,0,5000,3000,0,1);
REPLACE INTO creature VALUES (7779018,779000,571,1,1,0,0,5785.07,773.032,661.279,2.63842,120,5,0,5000,3000,0,1);
REPLACE INTO creature VALUES (7779019,779000,571,1,1,0,0,5773.28,782.504,661.279,5.7918,120,5,0,5000,3000,0,1);
REPLACE INTO creature VALUES (7779020,779000,571,1,1,0,0,5793.72,788.466,662.125,1.26005,120,5,0,5000,3000,0,1);
REPLACE INTO creature VALUES (7779021,779000,571,1,1,0,0,5797.32,790.281,661.867,0.490358,120,5,0,5000,3000,0,1);
REPLACE INTO creature VALUES (7779022,779000,571,1,1,0,0,5805.25,793.856,662.139,2.58345,120,5,0,5000,3000,0,1);
REPLACE INTO creature VALUES (7779023,779000,571,1,1,0,0,5796.75,781.401,662.651,4.43306,120,5,0,5000,3000,0,1);
REPLACE INTO creature VALUES (7779024,779000,571,1,1,0,0,5816.89,697.601,647.085,2.47349,120,5,0,5000,3000,0,1);
REPLACE INTO creature VALUES (7779025,779000,571,1,1,0,0,5813.52,684.627,647.049,2.41066,120,5,0,5000,3000,0,1);
REPLACE INTO creature VALUES (7779026,779000,571,1,1,0,0,5809.8,689.871,647.049,0.00341272,120,5,0,5000,3000,0,1);
REPLACE INTO creature VALUES (7779027,779000,571,1,1,0,0,5837.68,711.918,641.356,5.3991,120,5,0,5000,3000,0,1);
REPLACE INTO creature VALUES (7779028,779000,571,1,1,0,0,5853.9,715.887,640.463,1.22078,120,5,0,5000,3000,0,1);
REPLACE INTO creature VALUES (7779029,779000,571,1,1,0,0,5859.22,730.716,639.467,5.7486,120,5,0,5000,3000,0,1);
REPLACE INTO creature VALUES (7779030,779000,571,1,1,0,0,5876.13,730.68,638.925,0.00341272,120,5,0,5000,3000,0,1);
REPLACE INTO creature VALUES (7779031,779000,571,1,1,0,0,5898.44,737.163,639.705,4.60585,120,5,0,5000,3000,0,1);
REPLACE INTO creature VALUES (7779032,779000,571,1,1,0,0,5909.22,728.379,640.438,3.74976,120,5,0,5000,3000,0,1);
REPLACE INTO creature VALUES (7779033,779000,571,1,1,0,0,5892.25,724.046,639.621,5.67006,120,5,0,5000,3000,0,1);
REPLACE INTO creature VALUES (7779034,779000,571,1,1,0,0,5896.1,711.889,642.086,5.8939,120,5,0,5000,3000,0,1);
REPLACE INTO creature VALUES (7779035,779000,571,1,1,0,0,5908.89,706.049,641.089,3.45131,120,5,0,5000,3000,0,1);
REPLACE INTO creature VALUES (7779036,779000,571,1,1,0,0,5916.98,690.721,642.438,2.31641,120,5,0,5000,3000,0,1);
REPLACE INTO creature VALUES (7779037,779000,571,1,1,0,0,5893.29,683.872,642.539,3.84401,120,5,0,5000,3000,0,1);
REPLACE INTO creature VALUES (7779038,779000,571,1,1,0,0,5869.02,675.574,643.515,5.74075,120,5,0,5000,3000,0,1);
REPLACE INTO creature VALUES (7779039,779000,571,1,1,0,0,5878.59,667.934,643.915,5.49335,120,5,0,5000,3000,0,1);
REPLACE INTO creature VALUES (7779040,779000,571,1,1,0,0,5874.24,655.849,645.18,4.38201,120,5,0,5000,3000,0,1);
REPLACE INTO creature VALUES (7779041,779000,571,1,1,0,0,5877.9,657.678,645.087,5.32449,120,5,0,5000,3000,0,1);
REPLACE INTO creature VALUES (7779042,779000,571,1,1,0,0,5892.55,657.183,645.007,6.15701,120,5,0,5000,3000,0,1);
REPLACE INTO creature VALUES (7779043,779000,571,1,1,0,0,5895.42,639.998,646.29,4.92786,120,5,0,5000,3000,0,1);
REPLACE INTO creature VALUES (7779044,779000,571,1,1,0,0,5919.5,633.373,645.409,1.89622,120,5,0,5000,3000,0,1);
REPLACE INTO creature VALUES (7779045,779000,571,1,1,0,0,5948.61,672.374,641.023,5.87427,120,5,0,5000,3000,0,1);
REPLACE INTO creature VALUES (7779046,779000,571,1,1,0,0,5947.04,666.523,641.135,5.41873,120,5,0,5000,3000,0,1);
REPLACE INTO creature VALUES (7779047,779000,571,1,1,0,0,5957.14,663.867,641.214,2.17111,120,5,0,5000,3000,0,1);
REPLACE INTO creature VALUES (7779048,779000,571,1,1,0,0,5963.95,670.976,641.287,4.29562,120,5,0,5000,3000,0,1);
REPLACE INTO creature VALUES (7779049,779000,571,1,1,0,0,5945.98,650.414,642.999,3.25496,120,5,0,5000,3000,0,1);
REPLACE INTO creature VALUES (7779050,779000,571,1,1,0,0,5926.51,657.358,643.708,3.89114,120,5,0,5000,3000,0,1);
REPLACE INTO creature VALUES (7779051,779000,571,1,1,0,0,5921.83,644.165,645.174,4.55872,120,5,0,5000,3000,0,1);
REPLACE INTO creature VALUES (7779052,779000,571,1,1,0,0,5943.56,625.349,650.608,3.36884,120,5,0,5000,3000,0,1);
REPLACE INTO creature VALUES (7779053,779000,571,1,1,0,0,5955.52,605.798,650.627,5.02996,120,5,0,5000,3000,0,1);
REPLACE INTO creature VALUES (7779054,779000,571,1,1,0,0,5963.99,602.058,650.627,1.14224,120,5,0,5000,3000,0,1);
REPLACE INTO creature VALUES (7779055,779000,571,1,1,0,0,5975.88,605.372,650.627,2.39495,120,5,0,5000,3000,0,1);
REPLACE INTO creature VALUES (7779056,779000,571,1,1,0,0,5982.53,615.56,650.627,2.80335,120,5,0,5000,3000,0,1);
REPLACE INTO creature VALUES (7779057,779000,571,1,1,0,0,5973.01,620.538,650.627,3.49058,120,5,0,5000,3000,0,1);
REPLACE INTO creature VALUES (7779058,779000,571,1,1,0,0,5953.82,620.355,650.624,3.04683,120,5,0,5000,3000,0,1);
REPLACE INTO creature VALUES (7779059,779000,571,1,1,0,0,5911.45,624.059,646.832,1.8648,120,5,0,5000,3000,0,1);
REPLACE INTO creature VALUES (7779060,779000,571,1,1,0,0,5874.44,634.468,647.371,4.22493,120,5,0,5000,3000,0,1);
REPLACE INTO creature VALUES (7779061,779000,571,1,1,0,0,5861.9,610.754,651.045,3.73012,120,5,0,5000,3000,0,1);
REPLACE INTO creature VALUES (7779062,779000,571,1,1,0,0,5852.07,595.722,650.938,4.97498,120,5,0,5000,3000,0,1);
REPLACE INTO creature VALUES (7779063,779000,571,1,1,0,0,5872.53,583.547,646.864,5.61115,120,5,0,5000,3000,0,1);
REPLACE INTO creature VALUES (7779064,779000,571,1,1,0,0,5888.74,563.699,639.825,0.777025,120,5,0,5000,3000,0,1);
REPLACE INTO creature VALUES (7779065,779000,571,1,1,0,0,5898.33,566.43,639.368,6.14129,120,5,0,5000,3000,0,1);
REPLACE INTO creature VALUES (7779066,779000,571,1,1,0,0,5912.7,560.596,639.577,5.85462,120,5,0,5000,3000,0,1);
REPLACE INTO creature VALUES (7779067,779000,571,1,1,0,0,5921.68,551.234,639.9,0.694558,120,5,0,5000,3000,0,1);
REPLACE INTO creature VALUES (7779068,779000,571,1,1,0,0,5931.99,563.603,639.611,1.27183,120,5,0,5000,3000,0,1);
REPLACE INTO creature VALUES (7779069,779000,571,1,1,0,0,5936.16,578.127,639.572,3.41989,120,5,0,5000,3000,0,1);
REPLACE INTO creature VALUES (7779070,779000,571,1,1,0,0,5919.64,587.33,639.795,4.4252,120,5,0,5000,3000,0,1);
REPLACE INTO creature VALUES (7779071,779000,571,1,1,0,0,5887.11,543.75,640.076,2.38709,120,5,0,5000,3000,0,1);
REPLACE INTO creature VALUES (7779072,779000,571,1,1,0,0,5884.69,532.993,641.554,2.96436,120,5,0,5000,3000,0,1);
REPLACE INTO creature VALUES (7779073,779000,571,1,1,0,0,5862.25,526.474,641.224,2.86618,120,5,0,5000,3000,0,1);
REPLACE INTO creature VALUES (7779074,779000,571,1,1,0,0,5856.33,530.208,640.366,0.0348204,120,5,0,5000,3000,0,1);
REPLACE INTO creature VALUES (7779075,779000,571,1,1,0,0,5837.89,588.699,650.606,4.04428,120,5,0,5000,3000,0,1);
REPLACE INTO creature VALUES (7779076,779000,571,1,1,0,0,5827.92,568.93,650.86,2.73659,120,5,0,5000,3000,0,1);
REPLACE INTO creature VALUES (7779077,779000,571,1,1,0,0,5805.66,564.929,650.186,1.26397,120,5,0,5000,3000,0,1);
REPLACE INTO creature VALUES (7779078,779000,571,1,1,0,0,5790.14,570.88,650.033,2.77586,120,5,0,5000,3000,0,1);
REPLACE INTO creature VALUES (7779079,779000,571,1,1,0,0,5782.09,569.376,650.687,0.46679,120,5,0,5000,3000,0,1);
REPLACE INTO creature VALUES (7779080,779000,571,1,1,0,0,5774.14,590.092,650.266,2.83477,120,5,0,5000,3000,0,1);
REPLACE INTO creature VALUES (7779081,779000,571,1,1,0,0,5757.78,585.233,649.426,4.10711,120,5,0,5000,3000,0,1);
REPLACE INTO creature VALUES (7779082,779000,571,1,1,0,0,5749.71,570.387,650.944,4.23277,120,5,0,5000,3000,0,1);
REPLACE INTO creature VALUES (7779083,779000,571,1,1,0,0,5738.02,562.672,652.091,1.01264,120,5,0,5000,3000,0,1);
REPLACE INTO creature VALUES (7779084,779000,571,1,1,0,0,5727.67,549.562,652.673,3.96967,120,5,0,5000,3000,0,1);
REPLACE INTO creature VALUES (7779085,779000,571,1,1,0,0,5714.92,548.929,652.843,5.56795,120,5,0,5000,3000,0,1);
REPLACE INTO creature VALUES (7779086,779000,571,1,1,0,0,5727.31,535.064,652.819,1.26397,120,5,0,5000,3000,0,1);
REPLACE INTO creature VALUES (7779087,779000,571,1,1,0,0,5750.99,525.693,652.808,5.38338,120,5,0,5000,3000,0,1);
REPLACE INTO creature VALUES (7779088,779000,571,1,1,0,0,5762.96,516.405,652.805,2.37923,120,5,0,5000,3000,0,1);
REPLACE INTO creature VALUES (7779089,779000,571,1,1,0,0,5768.7,521.567,652.665,3.01148,120,5,0,5000,3000,0,1);
REPLACE INTO creature VALUES (7779090,779000,571,1,1,0,0,5729.57,516.004,647.453,1.0794,120,5,0,5000,3000,0,1);
REPLACE INTO creature VALUES (7779091,779000,571,1,1,0,0,5737.02,514.724,647.453,0.59638,120,5,0,5000,3000,0,1);
REPLACE INTO creature VALUES (7779092,779000,571,1,1,0,0,5712.56,525.215,649.78,4.00893,120,5,0,5000,3000,0,1);
REPLACE INTO creature VALUES (7779093,779000,571,1,1,0,0,5697.98,505.693,652.83,1.54671,120,5,0,5000,3000,0,1);
REPLACE INTO creature VALUES (7779094,779000,571,1,1,0,0,5700.85,515.249,650.028,1.27968,120,5,0,5000,3000,0,1);
REPLACE INTO creature VALUES (7779095,779000,571,1,1,0,0,5722.08,542.284,652.985,0.820218,120,5,0,5000,3000,0,1);
REPLACE INTO creature VALUES (7779096,779000,571,1,1,0,0,5751.17,580.383,649.737,1.46817,120,5,0,5000,3000,0,1);
REPLACE INTO creature VALUES (7779097,779000,571,1,1,0,0,5748.9,602.787,648.789,2.07293,120,5,0,5000,3000,0,1);
REPLACE INTO creature VALUES (7779098,779000,571,1,1,0,0,5727.29,617.393,647.037,2.60307,120,5,0,5000,3000,0,1);
REPLACE INTO creature VALUES (7779099,779000,571,1,1,0,0,5728.97,631.259,647.136,1.36607,120,5,0,5000,3000,0,1);
REPLACE INTO creature VALUES (7779100,779000,571,1,1,0,0,5726.94,651.534,646.471,2.34389,120,5,0,5000,3000,0,1);
REPLACE INTO creature VALUES (7779101,779000,571,1,1,0,0,5713.51,658.145,646.268,3.15285,120,5,0,5000,3000,0,1);
REPLACE INTO creature VALUES (7779102,779000,571,1,1,0,0,5693.63,656.67,646.356,5.46978,120,5,0,5000,3000,0,1);
REPLACE INTO creature VALUES (7779103,779000,571,1,1,0,0,5700.1,640.936,646.29,0.627797,120,5,0,5000,3000,0,1);
REPLACE INTO creature VALUES (7779104,779000,571,1,1,0,0,5686.39,632.142,647.034,1.00479,120,5,0,5000,3000,0,1);
REPLACE INTO creature VALUES (7779105,779000,571,1,1,0,0,5679.63,654.921,646.882,1.62525,120,5,0,5000,3000,0,1);
REPLACE INTO creature VALUES (7779106,779000,571,1,1,0,0,5670.52,681.39,651.989,5.20667,120,5,0,5000,3000,0,1);
REPLACE INTO creature VALUES (7779107,779000,571,1,1,0,0,5660.93,673.423,651.933,6.27874,120,5,0,5000,3000,0,1);
REPLACE INTO creature VALUES (7779108,779000,571,1,1,0,0,5648.8,691.884,651.993,5.71718,120,5,0,5000,3000,0,1);
REPLACE INTO creature VALUES (7779109,779000,571,1,1,0,0,5641.16,703.582,651.993,4.56657,120,5,0,5000,3000,0,1);
REPLACE INTO creature VALUES (7779110,779000,571,1,1,0,0,5628.75,697.987,651.993,5.65434,120,5,0,5000,3000,0,1);
REPLACE INTO creature VALUES (7779111,779000,571,1,1,0,0,5627.23,684.072,651.993,0.278295,120,5,0,5000,3000,0,1);
REPLACE INTO creature VALUES (7779112,779000,571,1,1,0,0,5636.22,681.779,651.993,6.1138,120,5,0,5000,3000,0,1);
REPLACE INTO creature VALUES (7779113,779000,571,1,1,0,0,5655.09,678.074,651.991,6.05097,120,5,0,5000,3000,0,1);
REPLACE INTO creature VALUES (7779114,779000,571,1,1,0,0,5711.88,662.987,646.021,6.05883,120,5,0,5000,3000,0,1);
REPLACE INTO creature VALUES (7779115,779000,571,1,1,0,0,5735.49,663.305,645.246,0.368616,120,5,0,5000,3000,0,1);
REPLACE INTO creature VALUES (7779116,779000,571,1,1,0,0,5763.26,669.566,643.054,5.83499,120,5,0,5000,3000,0,1);
REPLACE INTO creature VALUES (7779117,779000,571,1,1,0,0,5787.82,653.849,647.398,5.69754,120,5,0,5000,3000,0,1);
REPLACE INTO creature VALUES (7779118,779000,571,1,1,0,0,5818.69,652.681,647.393,4.75506,120,5,0,5000,3000,0,1);
REPLACE INTO creature VALUES (7779119,779000,571,1,1,0,0,5819.3,635.227,647.298,2.32818,120,5,0,5000,3000,0,1);
REPLACE INTO creature VALUES (7779120,779000,571,1,1,0,0,5828.46,617.559,648.362,5.51297,120,5,0,5000,3000,0,1);
REPLACE INTO creature VALUES (7779121,779000,571,1,1,0,0,5841.64,615.405,650.969,4.42912,120,5,0,5000,3000,0,1);
REPLACE INTO creature VALUES (7779122,779000,571,1,1,0,0,5807.35,627.222,647.392,3.12929,120,5,0,5000,3000,0,1);
REPLACE INTO creature VALUES (7779123,779000,571,1,1,0,0,5783.58,613.51,648.079,4.10711,120,5,0,5000,3000,0,1);
REPLACE INTO creature VALUES (7779124,779000,571,1,1,0,0,5804.75,614.142,651.276,4.88465,120,5,0,5000,3000,0,1);
REPLACE INTO creature VALUES (7779125,779000,571,1,1,0,0,5806.14,602.004,657.356,2.2732,120,5,0,5000,3000,0,1);
REPLACE INTO creature VALUES (7779126,779000,571,1,1,0,0,5843.7,606.527,650.857,0.254732,120,5,0,5000,3000,0,1);
REPLACE INTO creature VALUES (7779127,779000,571,1,1,0,0,5875.37,619.3,649.932,2.23394,120,5,0,5000,3000,0,1);
REPLACE INTO creature VALUES (7779128,779000,571,1,1,0,0,5844.75,641.285,647.512,5.75252,120,5,0,5000,3000,0,1);
REPLACE INTO creature VALUES (7779129,779000,571,1,1,0,0,5845.01,651.186,647.512,4.55479,120,5,0,5000,3000,0,1);
REPLACE INTO creature VALUES (7779130,779000,571,1,1,0,0,5855.58,654.713,647.512,1.37,120,5,0,5000,3000,0,1);
REPLACE INTO creature VALUES (7779131,779000,571,1,1,0,0,5861.63,648.351,647.497,3.30208,120,5,0,5000,3000,0,1);
REPLACE INTO creature VALUES (7779132,779000,571,1,1,0,0,5877.26,691.338,644.846,1.89229,120,5,0,5000,3000,0,1);
REPLACE INTO creature VALUES (7779133,779000,571,1,1,0,0,5877.02,701.099,644.76,4.96712,120,5,0,5000,3000,0,1);
REPLACE INTO creature VALUES (7779134,779000,571,1,1,0,0,5880.26,696.246,644.955,3.40418,120,5,0,5000,3000,0,1);
REPLACE INTO creature VALUES (7779135,779000,571,1,1,0,0,5869.12,685.128,643.351,5.01032,120,5,0,5000,3000,0,1);
REPLACE INTO creature VALUES (7779136,779000,571,1,1,0,0,5881.67,683.134,642.979,0.466789,120,5,0,5000,3000,0,1);
REPLACE INTO creature VALUES (7779137,779000,571,1,1,0,0,5899.07,691.355,641.864,0.12514,120,5,0,5000,3000,0,1);
REPLACE INTO creature VALUES (7779138,779000,571,1,1,0,0,5902.1,681.799,643.498,5.55617,120,5,0,5000,3000,0,1);
REPLACE INTO creature VALUES (7779139,779000,571,1,1,0,0,5913.59,671.043,643.496,3.17248,120,5,0,5000,3000,0,1);
REPLACE INTO creature VALUES (7779140,779000,571,1,1,0,0,5915.96,663.966,644.496,1.95119,120,5,0,5000,3000,0,1);
REPLACE INTO creature VALUES (7779141,779000,571,1,1,0,0,5907.9,673.096,643.496,0.94588,120,5,0,5000,3000,0,1);
REPLACE INTO creature VALUES (7779142,779000,571,1,1,0,0,5922.87,668.716,652.396,1.95119,120,5,0,5000,3000,0,1);
REPLACE INTO creature VALUES (7779143,779000,571,1,1,0,0,5912.7,697.072,642.222,2.29677,120,5,0,5000,3000,0,1);
REPLACE INTO creature VALUES (7779144,779000,571,1,1,0,0,5899.54,713.386,641.233,1.79804,120,5,0,5000,3000,0,1);
REPLACE INTO creature VALUES (7779145,779000,571,1,1,0,0,5908.15,727.279,640.345,0.890903,120,5,0,5000,3000,0,1);
REPLACE INTO creature VALUES (7779146,779000,571,1,1,0,0,5922.6,729.282,642.135,0.129067,120,5,0,5000,3000,0,1);
REPLACE INTO creature VALUES (7779147,779000,571,1,1,0,0,5930.51,725.706,642.135,2.97614,120,5,0,5000,3000,0,1);
REPLACE INTO creature VALUES (7779148,779000,571,1,1,0,0,5912.11,728.81,641.193,2.87403,120,5,0,5000,3000,0,1);
REPLACE INTO creature VALUES (7779149,779000,571,1,1,0,0,5902.47,744.589,641.092,1.57813,120,5,0,5000,3000,0,1);
REPLACE INTO creature VALUES (7779150,779000,571,1,1,0,0,5902.74,755.767,641.069,5.38731,120,5,0,5000,3000,0,1);
REPLACE INTO creature VALUES (7779151,779000,571,1,1,0,0,5910.16,758.698,641.083,4.20921,120,5,0,5000,3000,0,1);
REPLACE INTO creature VALUES (7779152,779000,571,1,1,0,0,5905.32,772.16,648.989,5.10849,120,5,0,5000,3000,0,1);
REPLACE INTO creature VALUES (7779153,779000,571,1,1,0,0,5913.11,769.643,648.999,3.48664,120,5,0,5000,3000,0,1);
REPLACE INTO creature VALUES (7779154,779000,571,1,1,0,0,5881.24,746.183,640.371,3.74583,120,5,0,5000,3000,0,1);
REPLACE INTO creature VALUES (7779155,779000,571,1,1,0,0,5879.11,751.448,640.371,4.55086,120,5,0,5000,3000,0,1);
REPLACE INTO creature VALUES (7779156,779000,571,1,1,0,0,5860.61,748.146,640.564,4.66474,120,5,0,5000,3000,0,1);
REPLACE INTO creature VALUES (7779157,779000,571,1,1,0,0,5862.53,745.224,640.569,5.17525,120,5,0,5000,3000,0,1);
REPLACE INTO creature VALUES (7779158,779000,571,1,1,0,0,5850.86,715.514,640.322,3.89505,120,5,0,5000,3000,0,1);
REPLACE INTO creature VALUES (7779159,779000,571,1,1,0,0,5830.14,696.613,642.224,2.26535,120,5,0,5000,3000,0,1);
REPLACE INTO creature VALUES (7779160,779000,571,1,1,0,0,5838.2,726.098,641.998,4.60191,120,5,0,5000,3000,0,1);
REPLACE INTO creature VALUES (7779161,779000,571,1,1,0,0,5761.09,714.902,641.677,2.4028,120,5,0,5000,3000,0,1);
REPLACE INTO creature VALUES (7779162,779000,571,1,1,0,0,5745.56,727.198,641.714,3.41989,120,5,0,5000,3000,0,1);
REPLACE INTO creature VALUES (7779163,779000,571,1,1,0,0,5736.08,735.834,641.78,3.62016,120,5,0,5000,3000,0,1);
REPLACE INTO creature VALUES (7779164,779000,571,1,1,0,0,5722.88,733.793,641.769,1.81768,120,5,0,5000,3000,0,1);
REPLACE INTO creature VALUES (7779165,779000,571,1,1,0,0,5724.16,744.247,641.769,1.49959,120,5,0,5000,3000,0,1);
REPLACE INTO creature VALUES (7779166,779000,571,1,1,0,0,5714.61,740.008,641.769,6.27481,120,5,0,5000,3000,0,1);
REPLACE INTO creature VALUES (7779167,779000,571,1,1,0,0,5707.21,754.588,644.185,2.12791,120,5,0,5000,3000,0,1);
REPLACE INTO creature VALUES (7779168,779000,571,1,1,0,0,5695.32,764.644,647.726,6.27088,120,5,0,5000,3000,0,1);
REPLACE INTO creature VALUES (7779169,779000,571,1,1,0,0,5680.98,758.819,647.885,0.478571,120,5,0,5000,3000,0,1);
REPLACE INTO creature VALUES (7779170,779000,571,1,1,0,0,5667.25,770.539,653.698,2.08864,120,5,0,5000,3000,0,1);
REPLACE INTO creature VALUES (7779171,779000,571,1,1,0,0,5650.79,791.515,653.698,0.0505286,120,5,0,5000,3000,0,1);
REPLACE INTO creature VALUES (7779172,779000,571,1,1,0,0,5656,800.49,653.698,6.27481,120,5,0,5000,3000,0,1);
REPLACE INTO creature VALUES (7779173,779000,571,1,1,0,0,5666.44,803.64,653.698,4.9789,120,5,0,5000,3000,0,1);
REPLACE INTO creature VALUES (7779174,779000,571,1,1,0,0,5659.44,804.553,653.698,3.47879,120,5,0,5000,3000,0,1);
REPLACE INTO creature VALUES (7779175,779000,571,1,1,0,0,5658.51,796.919,654.529,3.92647,120,5,0,5000,3000,0,1);
REPLACE INTO creature VALUES (7779176,779000,571,1,1,0,0,5677.74,795.717,653.698,5.74074,120,5,0,5000,3000,0,1);
REPLACE INTO creature VALUES (7779177,779000,571,1,1,0,0,5687.53,792.03,653.698,4.77863,120,5,0,5000,3000,0,1);
REPLACE INTO creature VALUES (7779178,779000,571,1,1,0,0,5701.07,784.135,647.905,4.46447,120,5,0,5000,3000,0,1);
REPLACE INTO creature VALUES (7779179,779000,571,1,1,0,0,5696.36,767.346,647.726,4.62548,120,5,0,5000,3000,0,1);
REPLACE INTO creature VALUES (7779180,779000,571,1,1,0,0,5706.52,756.951,645.532,5.71718,120,5,0,5000,3000,0,1);
REPLACE INTO creature VALUES (7779181,779000,571,1,1,0,0,5728.9,757.706,644.223,0.655287,120,5,0,5000,3000,0,1);
REPLACE INTO creature VALUES (7779182,779000,571,1,1,0,0,5750.04,745.178,653.574,5.39517,120,5,0,5000,3000,0,1);
REPLACE INTO creature VALUES (7779183,779000,571,1,1,0,0,5758.91,732.914,653.65,5.69362,120,5,0,5000,3000,0,1);
REPLACE INTO creature VALUES (7779184,779000,571,1,1,0,0,5767.72,734.692,653.672,2.54417,120,5,0,5000,3000,0,1);
REPLACE INTO creature VALUES (7779185,779000,571,1,1,0,0,5759.66,739.344,653.665,4.43305,120,5,0,5000,3000,0,1);
REPLACE INTO creature VALUES (7779186,779000,571,1,1,0,0,5751.13,726.372,656.933,3.54555,120,5,0,5000,3000,0,1);
REPLACE INTO creature VALUES (7779187,779000,571,1,1,0,0,5750.35,722.368,656.938,2.10434,120,5,0,5000,3000,0,1);
REPLACE INTO creature VALUES (7779188,779000,571,1,1,0,0,5738.05,732.125,656.801,3.33742,120,5,0,5000,3000,0,1);
REPLACE INTO creature VALUES (7779189,779000,571,1,1,0,0,5723.46,723.673,656.835,4.5862,120,5,0,5000,3000,0,1);
REPLACE INTO creature VALUES (7779190,779000,571,1,1,0,0,5736.18,714.534,656.909,5.17132,120,5,0,5000,3000,0,1);
REPLACE INTO creature VALUES (7779191,779000,571,1,1,0,0,5710.32,710.406,653.662,3.23139,120,5,0,5000,3000,0,1);
REPLACE INTO creature VALUES (7779192,779000,571,1,1,0,0,5701.61,694.805,653.753,1.84516,120,5,0,5000,3000,0,1);
REPLACE INTO creature VALUES (7779193,779000,571,1,1,0,0,5688.42,706.65,653.337,0.977298,120,5,0,5000,3000,0,1);
REPLACE INTO creature VALUES (7779194,779000,571,1,1,0,0,5689.75,722.14,654.856,4.21707,120,5,0,5000,3000,0,1);
REPLACE INTO creature VALUES (7779195,779000,571,1,1,0,0,5673.71,725.833,653.416,2.14754,120,5,0,5000,3000,0,1);
REPLACE INTO creature VALUES (7779196,779000,571,1,1,0,0,5678.29,723.327,653.59,5.31662,120,5,0,5000,3000,0,1);
REPLACE INTO creature VALUES (7779197,779000,571,1,1,0,0,5696.85,697.846,653.738,5.88996,120,5,0,5000,3000,0,1);
REPLACE INTO creature VALUES (7779198,779000,571,1,1,0,0,5731.69,688.643,646.536,5.01817,120,5,0,5000,3000,0,1);
REPLACE INTO creature VALUES (7779199,779000,571,1,1,0,0,5730.36,685.844,646.536,5.56402,120,5,0,5000,3000,0,1);
REPLACE INTO creature VALUES (7779200,779000,571,1,1,0,0,5714.34,690.057,645.751,2.26927,120,5,0,5000,3000,0,1);
REPLACE INTO creature VALUES (7779201,779000,571,1,1,0,0,5710.45,704.045,645.751,2.03758,120,5,0,5000,3000,0,1);
REPLACE INTO creature VALUES (7779202,779000,571,1,1,0,0,5702.5,716.216,642.472,2.34781,120,5,0,5000,3000,0,1);
REPLACE INTO creature VALUES (7779203,779000,571,1,1,0,0,5704.6,712.703,642.479,5.22237,120,5,0,5000,3000,0,1);
REPLACE INTO creature VALUES (7779204,779000,571,1,1,0,0,5689.13,700.954,642.082,2.39101,120,5,0,5000,3000,0,1);
REPLACE INTO creature VALUES (7779205,779000,571,1,1,0,0,5679.88,715.137,642.248,0.54532,120,5,0,5000,3000,0,1);
REPLACE INTO creature VALUES (7779206,779000,571,1,1,0,0,5687.03,721.676,642.657,1.20113,120,5,0,5000,3000,0,1);
REPLACE INTO creature VALUES (7779207,779000,571,1,1,0,0,5672.42,723.198,642.114,2.67375,120,5,0,5000,3000,0,1);
REPLACE INTO creature VALUES (7779208,779000,571,1,1,0,0,5657.97,728.97,641.683,2.75622,120,5,0,5000,3000,0,1);
REPLACE INTO creature VALUES (7779209,779000,571,1,1,0,0,5647.99,734.908,641.683,2.13575,120,5,0,5000,3000,0,1);
REPLACE INTO creature VALUES (7779210,779000,571,1,1,0,0,5647.12,749.916,641.609,1.7784,120,5,0,5000,3000,0,1);
REPLACE INTO creature VALUES (7779211,779000,571,1,1,0,0,5636.47,741.871,641.682,5.242,120,5,0,5000,3000,0,1);
REPLACE INTO creature VALUES (7779212,779000,571,1,1,0,0,5678.99,705.241,642.452,6.14128,120,5,0,5000,3000,0,1);
REPLACE INTO creature VALUES (7779213,779000,571,1,1,0,0,5685.96,617.434,648.237,4.20527,120,5,0,5000,3000,0,1);
REPLACE INTO creature VALUES (7779214,779000,571,1,1,0,0,5679.29,610.209,648.237,1.21683,120,5,0,5000,3000,0,1);
REPLACE INTO creature VALUES (7779215,779000,571,1,1,0,0,5664.74,608.442,656.201,0.0387321,120,5,0,5000,3000,0,1);
REPLACE INTO creature VALUES (7779216,779000,571,1,1,0,0,5662.37,642.96,647.98,2.13967,120,5,0,5000,3000,0,1);
REPLACE INTO creature VALUES (7779217,779000,571,1,1,0,0,5665.59,645.256,647.98,0.619927,120,5,0,5000,3000,0,1);
REPLACE INTO creature VALUES (7779218,779000,571,1,1,0,0,5724.38,619.578,646.799,5.90173,120,5,0,5000,3000,0,1);
REPLACE INTO creature VALUES (7779219,779000,571,1,1,0,0,5747.98,617.709,649.678,6.07059,120,5,0,5000,3000,0,1);
REPLACE INTO creature VALUES (7779220,779000,571,1,1,0,0,5760.08,627.644,650.092,4.85715,120,5,0,5000,3000,0,1);
REPLACE INTO creature VALUES (7779221,779000,571,1,1,0,0,5763.52,622.242,650.092,3.50234,120,5,0,5000,3000,0,1);
REPLACE INTO creature VALUES (7779222,779000,571,1,1,0,0,5741.83,611.233,648.352,2.37529,120,5,0,5000,3000,0,1);
REPLACE INTO creature VALUES (7779223,779000,571,1,1,0,0,5755.21,641.989,650.142,0.502116,120,5,0,5000,3000,0,1);
REPLACE INTO creature VALUES (7779224,779000,571,1,1,0,0,5757.58,646.634,650.132,6.26694,120,5,0,5000,3000,0,1);
REPLACE INTO creature VALUES (7779225,779000,571,1,1,0,0,5773.27,632.181,661.078,3.41594,120,5,0,5000,3000,0,1);
REPLACE INTO creature VALUES (7779226,779000,571,1,1,0,0,5763.73,623.653,661.046,6.01561,120,5,0,5000,3000,0,1);
REPLACE INTO creature VALUES (7779227,779000,571,1,1,0,0,5765.18,629.256,661.072,1.92761,120,5,0,5000,3000,0,1);
REPLACE INTO creature VALUES (7779228,779000,571,1,1,0,0,5762.37,637.542,661.072,2.75621,120,5,0,5000,3000,0,1);
REPLACE INTO creature VALUES (7779229,779000,571,1,1,0,0,5746.45,627.217,661.993,3.1921,120,5,0,5000,3000,0,1);
REPLACE INTO creature VALUES (7779230,779000,571,1,1,0,0,5801.38,569.341,650.076,5.49725,120,5,0,5000,3000,0,1);
REPLACE INTO creature VALUES (7779231,779000,571,1,1,0,0,5813.73,536.81,652.886,4.25632,120,5,0,5000,3000,0,1);
REPLACE INTO creature VALUES (7779232,779000,571,1,1,0,0,5809.34,527.32,657.668,5.40693,120,5,0,5000,3000,0,1);
REPLACE INTO creature VALUES (7779233,779000,571,1,1,0,0,5822.65,518.078,657.748,6.17269,120,5,0,5000,3000,0,1);
REPLACE INTO creature VALUES (7779234,779000,571,1,1,0,0,5830.71,508.293,657.699,4.63724,120,5,0,5000,3000,0,1);
REPLACE INTO creature VALUES (7779235,779000,571,1,1,0,0,5828.71,485.037,658.113,4.92783,120,5,0,5000,3000,0,1);
REPLACE INTO creature VALUES (7779236,779000,571,1,1,0,0,5818.75,471.068,658.778,3.64763,120,5,0,5000,3000,0,1);
REPLACE INTO creature VALUES (7779237,779000,571,1,1,0,0,5797.49,461.831,658.776,5.15167,120,5,0,5000,3000,0,1);
REPLACE INTO creature VALUES (7779238,779000,571,1,1,0,0,5809.63,447.993,658.755,6.00383,120,5,0,5000,3000,0,1);
REPLACE INTO creature VALUES (7779239,779000,571,1,1,0,0,5845.5,454.198,657.664,0.812346,120,5,0,5000,3000,0,1);
REPLACE INTO creature VALUES (7779240,779000,571,1,1,0,0,5842.36,429.735,657.622,4.29559,120,5,0,5000,3000,0,1);
REPLACE INTO creature VALUES (7779241,779000,571,1,1,0,0,5832.63,418.773,657.576,3.26279,120,5,0,5000,3000,0,1);
REPLACE INTO creature VALUES (7779242,779000,571,1,1,0,0,5801.62,418.696,657.636,1.76268,120,5,0,5000,3000,0,1);
REPLACE INTO creature VALUES (7779243,779000,571,1,1,0,0,5803.88,436.532,658.771,1.08331,120,5,0,5000,3000,0,1);
REPLACE INTO creature VALUES (7779244,779000,571,1,1,0,0,5817.63,457.567,658.761,1.14221,120,5,0,5000,3000,0,1);
REPLACE INTO creature VALUES (7779245,779000,571,1,1,0,0,5833.23,515.334,657.748,1.36605,120,5,0,5000,3000,0,1);
REPLACE INTO creature VALUES (7779246,779000,571,1,1,0,0,5819.86,548.129,651.135,2.43027,120,5,0,5000,3000,0,1);
REPLACE INTO creature VALUES (7779247,779000,571,1,1,0,0,5806.91,582.454,652.392,1.72341,120,5,0,5000,3000,0,1);
REPLACE INTO creature VALUES (7779248,779000,571,1,1,0,0,5814.41,591.228,652.73,2.48917,120,5,0,5000,3000,0,1);
REPLACE INTO creature VALUES (7779249,779000,571,1,1,0,0,5787.3,590.121,652.715,1.48386,120,5,0,5000,3000,0,1);
REPLACE INTO creature VALUES (7779250,779000,571,1,1,0,0,5798.56,603.357,655.426,0.729878,120,5,0,5000,3000,0,1);
REPLACE INTO creature VALUES (7779251,779000,571,1,1,0,0,5803.99,608.624,655.117,6.102,120,5,0,5000,3000,0,1);
REPLACE INTO creature VALUES (7779252,779000,571,1,1,0,0,5833.22,578.712,650.87,5.16345,120,5,0,5000,3000,0,1);
REPLACE INTO creature VALUES (7779253,779000,571,1,1,0,0,5832.11,566.484,651.806,5.8978,120,5,0,5000,3000,0,1);
REPLACE INTO creature VALUES (7779254,779000,571,1,1,0,0,5828.39,577.435,650.334,2.27711,120,5,0,5000,3000,0,1);
REPLACE INTO creature VALUES (7779255,779000,571,1,1,0,0,5847.63,567.169,652.656,5.47761,120,5,0,5000,3000,0,1);
REPLACE INTO creature VALUES (7779256,779000,571,1,1,0,0,5848.01,556.718,652.656,5.57186,120,5,0,5000,3000,0,1);
REPLACE INTO creature VALUES (7779257,779000,571,1,1,0,0,5854.97,556.984,652.656,0.250786,120,5,0,5000,3000,0,1);
REPLACE INTO creature VALUES (7779258,779000,571,1,1,0,0,5859.57,563.586,652.656,2.38314,120,5,0,5000,3000,0,1);
REPLACE INTO creature VALUES (7779259,779000,571,1,1,0,0,5837.8,575.975,652.143,1.55062,120,5,0,5000,3000,0,1);
REPLACE INTO creature VALUES (7779260,779000,571,1,1,0,0,5846.9,592.297,650.794,1.07545,120,5,0,5000,3000,0,1);
REPLACE INTO creature VALUES (7779261,779000,571,1,1,0,0,5910.46,540.267,650.004,5.403,120,5,0,5000,3000,0,1);
REPLACE INTO creature VALUES (7779262,779000,571,1,1,0,0,5930.08,538.911,650.21,0.0190938,120,5,0,5000,3000,0,1);
REPLACE INTO creature VALUES (7779263,779000,571,1,1,0,0,5938.85,534.161,650.228,4.10709,120,5,0,5000,3000,0,1);
REPLACE INTO creature VALUES (7779264,779000,571,1,1,0,0,5925.55,530.997,651.064,4.51942,120,5,0,5000,3000,0,1);
REPLACE INTO creature VALUES (7779265,779000,571,1,1,0,0,5932.5,515.775,650.167,5.08491,120,5,0,5000,3000,0,1);
REPLACE INTO creature VALUES (7779266,779000,571,1,1,0,0,5931.27,506.575,650.18,5.86638,120,5,0,5000,3000,0,1);
REPLACE INTO creature VALUES (7779267,779000,571,1,1,0,0,5941.81,509.652,650.696,0.835907,120,5,0,5000,3000,0,1);
REPLACE INTO creature VALUES (7779268,779000,571,1,1,0,0,5935.6,510.295,650.18,2.36743,120,5,0,5000,3000,0,1);
REPLACE INTO creature VALUES (7779269,779000,571,1,1,0,0,5955.29,568.052,660.487,1.40532,120,5,0,5000,3000,0,1);
REPLACE INTO creature VALUES (7779270,779000,571,1,1,0,0,5943.12,567.491,660.501,3.19996,120,5,0,5000,3000,0,1);
REPLACE INTO creature VALUES (7779271,779000,571,1,1,0,0,5929.12,578.083,660.49,2.42634,120,5,0,5000,3000,0,1);
REPLACE INTO creature VALUES (7779272,779000,571,1,1,0,0,5916.12,578.011,660.49,4.54299,120,5,0,5000,3000,0,1);
REPLACE INTO creature VALUES (7779273,779000,571,1,1,0,0,5917.74,565.457,660.49,5.43834,120,5,0,5000,3000,0,1);
REPLACE INTO creature VALUES (7779274,779000,571,1,1,0,0,5932.96,557.528,660.49,2.32031,120,5,0,5000,3000,0,1);
REPLACE INTO creature VALUES (7779275,779000,571,1,1,0,0,5961.61,560.312,660.495,5.48154,120,5,0,5000,3000,0,1);
REPLACE INTO creature VALUES (7779276,779000,571,1,1,0,0,5972.35,547.224,661.087,5.25377,120,5,0,5000,3000,0,1);
REPLACE INTO creature VALUES (7779277,779000,571,1,1,0,0,5986.07,536.361,660.673,2.04542,120,5,0,5000,3000,0,1);
REPLACE INTO creature VALUES (7779278,779000,571,1,1,0,0,5967.29,536.325,660.49,1.70377,120,5,0,5000,3000,0,1);
REPLACE INTO creature VALUES (7779279,779000,571,1,1,0,0,5963.81,548.068,660.49,1.84907,120,5,0,5000,3000,0,1);
REPLACE INTO creature VALUES (7779280,779000,571,1,1,0,0,5915.86,582.368,639.558,5.6661,120,5,0,5000,3000,0,1);
REPLACE INTO creature VALUES (7779281,779000,571,1,1,0,0,5882.1,538.951,640.573,4.82573,120,5,0,5000,3000,0,1);
REPLACE INTO creature VALUES (7779282,779000,571,1,1,0,0,5887.59,513.454,641.57,4.95532,120,5,0,5000,3000,0,1);
REPLACE INTO creature VALUES (7779283,779000,571,1,1,0,0,5886.9,499.472,641.564,3.92645,120,5,0,5000,3000,0,1);
REPLACE INTO creature VALUES (7779284,779000,571,1,1,0,0,5872.31,493.868,642.27,4.96317,120,5,0,5000,3000,0,1);
REPLACE INTO creature VALUES (7779285,779000,571,1,1,0,0,5877.45,480.878,641.552,5.38728,120,5,0,5000,3000,0,1);
REPLACE INTO creature VALUES (7779286,779000,571,1,1,0,0,5893.75,489.65,642.038,5.68181,120,5,0,5000,3000,0,1);
REPLACE INTO creature VALUES (7779287,779000,571,1,1,0,0,5902.21,475.547,640.786,4.91604,120,5,0,5000,3000,0,1);
REPLACE INTO creature VALUES (7779288,779000,571,1,1,0,0,5884.41,448.941,653.421,3.36096,120,5,0,5000,3000,0,1);
REPLACE INTO creature VALUES (7779289,779000,571,1,1,0,0,5872.31,450.762,655.527,1.58203,120,5,0,5000,3000,0,1);
REPLACE INTO creature VALUES (7779290,779000,571,1,1,0,0,5881.29,461.217,655.527,2.18679,120,5,0,5000,3000,0,1);
REPLACE INTO creature VALUES (7779291,779000,571,1,1,0,0,5884.65,480.73,655.527,2.00222,120,5,0,5000,3000,0,1);
REPLACE INTO creature VALUES (7779292,779000,571,1,1,0,0,5869.34,491.314,655.527,4.75111,120,5,0,5000,3000,0,1);
REPLACE INTO creature VALUES (7779293,779000,571,1,1,0,0,5881.83,484.25,641.548,1.05189,120,5,0,5000,3000,0,1);
REPLACE INTO creature VALUES (7779294,779000,571,1,1,0,0,5879.52,577.927,643.52,2.67373,120,5,0,5000,3000,0,1);
REPLACE INTO creature VALUES (7779295,779000,571,1,1,0,0,5850.44,601.289,651.077,0.651332,120,5,0,5000,3000,0,1);
REPLACE INTO creature VALUES (7779296,779000,571,1,1,0,0,5912.92,665.277,643.497,0.388224,120,5,0,5000,3000,0,1);

REPLACE INTO game_event_creature_quest VALUES (779001,779000,79);
REPLACE INTO game_event_creature VALUES (7779000,79);
REPLACE INTO game_event_creature VALUES (7779003,79);
REPLACE INTO game_event_creature VALUES (7779004,79);
REPLACE INTO game_event_creature VALUES (7779005,79);
REPLACE INTO game_event_creature VALUES (7779006,79);
REPLACE INTO game_event_creature VALUES (7779007,79);
REPLACE INTO game_event_creature VALUES (7779008,79);
REPLACE INTO game_event_creature VALUES (7779009,79);
REPLACE INTO game_event_creature VALUES (7779010,79);
REPLACE INTO game_event_creature VALUES (7779011,79);
REPLACE INTO game_event_creature VALUES (7779012,79);
REPLACE INTO game_event_creature VALUES (7779013,79);
REPLACE INTO game_event_creature VALUES (7779014,79);
REPLACE INTO game_event_creature VALUES (7779015,79);
REPLACE INTO game_event_creature VALUES (7779016,79);
REPLACE INTO game_event_creature VALUES (7779017,79);
REPLACE INTO game_event_creature VALUES (7779018,79);
REPLACE INTO game_event_creature VALUES (7779019,79);
REPLACE INTO game_event_creature VALUES (7779020,79);
REPLACE INTO game_event_creature VALUES (7779021,79);
REPLACE INTO game_event_creature VALUES (7779022,79);
REPLACE INTO game_event_creature VALUES (7779023,79);
REPLACE INTO game_event_creature VALUES (7779024,79);
REPLACE INTO game_event_creature VALUES (7779025,79);
REPLACE INTO game_event_creature VALUES (7779026,79);
REPLACE INTO game_event_creature VALUES (7779027,79);
REPLACE INTO game_event_creature VALUES (7779028,79);
REPLACE INTO game_event_creature VALUES (7779029,79);
REPLACE INTO game_event_creature VALUES (7779030,79);
REPLACE INTO game_event_creature VALUES (7779031,79);
REPLACE INTO game_event_creature VALUES (7779032,79);
REPLACE INTO game_event_creature VALUES (7779033,79);
REPLACE INTO game_event_creature VALUES (7779034,79);
REPLACE INTO game_event_creature VALUES (7779035,79);
REPLACE INTO game_event_creature VALUES (7779036,79);
REPLACE INTO game_event_creature VALUES (7779037,79);
REPLACE INTO game_event_creature VALUES (7779038,79);
REPLACE INTO game_event_creature VALUES (7779039,79);
REPLACE INTO game_event_creature VALUES (7779040,79);
REPLACE INTO game_event_creature VALUES (7779041,79);
REPLACE INTO game_event_creature VALUES (7779042,79);
REPLACE INTO game_event_creature VALUES (7779043,79);
REPLACE INTO game_event_creature VALUES (7779044,79);
REPLACE INTO game_event_creature VALUES (7779045,79);
REPLACE INTO game_event_creature VALUES (7779046,79);
REPLACE INTO game_event_creature VALUES (7779047,79);
REPLACE INTO game_event_creature VALUES (7779048,79);
REPLACE INTO game_event_creature VALUES (7779049,79);
REPLACE INTO game_event_creature VALUES (7779050,79);
REPLACE INTO game_event_creature VALUES (7779051,79);
REPLACE INTO game_event_creature VALUES (7779052,79);
REPLACE INTO game_event_creature VALUES (7779053,79);
REPLACE INTO game_event_creature VALUES (7779054,79);
REPLACE INTO game_event_creature VALUES (7779055,79);
REPLACE INTO game_event_creature VALUES (7779056,79);
REPLACE INTO game_event_creature VALUES (7779057,79);
REPLACE INTO game_event_creature VALUES (7779058,79);
REPLACE INTO game_event_creature VALUES (7779059,79);
REPLACE INTO game_event_creature VALUES (7779060,79);
REPLACE INTO game_event_creature VALUES (7779061,79);
REPLACE INTO game_event_creature VALUES (7779062,79);
REPLACE INTO game_event_creature VALUES (7779063,79);
REPLACE INTO game_event_creature VALUES (7779064,79);
REPLACE INTO game_event_creature VALUES (7779065,79);
REPLACE INTO game_event_creature VALUES (7779066,79);
REPLACE INTO game_event_creature VALUES (7779067,79);
REPLACE INTO game_event_creature VALUES (7779068,79);
REPLACE INTO game_event_creature VALUES (7779069,79);
REPLACE INTO game_event_creature VALUES (7779070,79);
REPLACE INTO game_event_creature VALUES (7779071,79);
REPLACE INTO game_event_creature VALUES (7779072,79);
REPLACE INTO game_event_creature VALUES (7779073,79);
REPLACE INTO game_event_creature VALUES (7779074,79);
REPLACE INTO game_event_creature VALUES (7779075,79);
REPLACE INTO game_event_creature VALUES (7779076,79);
REPLACE INTO game_event_creature VALUES (7779077,79);
REPLACE INTO game_event_creature VALUES (7779078,79);
REPLACE INTO game_event_creature VALUES (7779079,79);
REPLACE INTO game_event_creature VALUES (7779080,79);
REPLACE INTO game_event_creature VALUES (7779081,79);
REPLACE INTO game_event_creature VALUES (7779082,79);
REPLACE INTO game_event_creature VALUES (7779083,79);
REPLACE INTO game_event_creature VALUES (7779084,79);
REPLACE INTO game_event_creature VALUES (7779085,79);
REPLACE INTO game_event_creature VALUES (7779086,79);
REPLACE INTO game_event_creature VALUES (7779087,79);
REPLACE INTO game_event_creature VALUES (7779088,79);
REPLACE INTO game_event_creature VALUES (7779089,79);
REPLACE INTO game_event_creature VALUES (7779090,79);
REPLACE INTO game_event_creature VALUES (7779091,79);
REPLACE INTO game_event_creature VALUES (7779092,79);
REPLACE INTO game_event_creature VALUES (7779093,79);
REPLACE INTO game_event_creature VALUES (7779094,79);
REPLACE INTO game_event_creature VALUES (7779095,79);
REPLACE INTO game_event_creature VALUES (7779096,79);
REPLACE INTO game_event_creature VALUES (7779097,79);
REPLACE INTO game_event_creature VALUES (7779098,79);
REPLACE INTO game_event_creature VALUES (7779099,79);
REPLACE INTO game_event_creature VALUES (7779100,79);
REPLACE INTO game_event_creature VALUES (7779101,79);
REPLACE INTO game_event_creature VALUES (7779102,79);
REPLACE INTO game_event_creature VALUES (7779103,79);
REPLACE INTO game_event_creature VALUES (7779104,79);
REPLACE INTO game_event_creature VALUES (7779105,79);
REPLACE INTO game_event_creature VALUES (7779106,79);
REPLACE INTO game_event_creature VALUES (7779107,79);
REPLACE INTO game_event_creature VALUES (7779108,79);
REPLACE INTO game_event_creature VALUES (7779109,79);
REPLACE INTO game_event_creature VALUES (7779110,79);
REPLACE INTO game_event_creature VALUES (7779111,79);
REPLACE INTO game_event_creature VALUES (7779112,79);
REPLACE INTO game_event_creature VALUES (7779113,79);
REPLACE INTO game_event_creature VALUES (7779114,79);
REPLACE INTO game_event_creature VALUES (7779115,79);
REPLACE INTO game_event_creature VALUES (7779116,79);
REPLACE INTO game_event_creature VALUES (7779117,79);
REPLACE INTO game_event_creature VALUES (7779118,79);
REPLACE INTO game_event_creature VALUES (7779119,79);
REPLACE INTO game_event_creature VALUES (7779120,79);
REPLACE INTO game_event_creature VALUES (7779121,79);
REPLACE INTO game_event_creature VALUES (7779122,79);
REPLACE INTO game_event_creature VALUES (7779123,79);
REPLACE INTO game_event_creature VALUES (7779124,79);
REPLACE INTO game_event_creature VALUES (7779125,79);
REPLACE INTO game_event_creature VALUES (7779126,79);
REPLACE INTO game_event_creature VALUES (7779127,79);
REPLACE INTO game_event_creature VALUES (7779128,79);
REPLACE INTO game_event_creature VALUES (7779129,79);
REPLACE INTO game_event_creature VALUES (7779130,79);
REPLACE INTO game_event_creature VALUES (7779131,79);
REPLACE INTO game_event_creature VALUES (7779132,79);
REPLACE INTO game_event_creature VALUES (7779133,79);
REPLACE INTO game_event_creature VALUES (7779134,79);
REPLACE INTO game_event_creature VALUES (7779135,79);
REPLACE INTO game_event_creature VALUES (7779136,79);
REPLACE INTO game_event_creature VALUES (7779137,79);
REPLACE INTO game_event_creature VALUES (7779138,79);
REPLACE INTO game_event_creature VALUES (7779139,79);
REPLACE INTO game_event_creature VALUES (7779140,79);
REPLACE INTO game_event_creature VALUES (7779141,79);
REPLACE INTO game_event_creature VALUES (7779142,79);
REPLACE INTO game_event_creature VALUES (7779143,79);
REPLACE INTO game_event_creature VALUES (7779144,79);
REPLACE INTO game_event_creature VALUES (7779145,79);
REPLACE INTO game_event_creature VALUES (7779146,79);
REPLACE INTO game_event_creature VALUES (7779147,79);
REPLACE INTO game_event_creature VALUES (7779148,79);
REPLACE INTO game_event_creature VALUES (7779149,79);
REPLACE INTO game_event_creature VALUES (7779150,79);
REPLACE INTO game_event_creature VALUES (7779151,79);
REPLACE INTO game_event_creature VALUES (7779152,79);
REPLACE INTO game_event_creature VALUES (7779153,79);
REPLACE INTO game_event_creature VALUES (7779154,79);
REPLACE INTO game_event_creature VALUES (7779155,79);
REPLACE INTO game_event_creature VALUES (7779156,79);
REPLACE INTO game_event_creature VALUES (7779157,79);
REPLACE INTO game_event_creature VALUES (7779158,79);
REPLACE INTO game_event_creature VALUES (7779159,79);
REPLACE INTO game_event_creature VALUES (7779160,79);
REPLACE INTO game_event_creature VALUES (7779161,79);
REPLACE INTO game_event_creature VALUES (7779162,79);
REPLACE INTO game_event_creature VALUES (7779163,79);
REPLACE INTO game_event_creature VALUES (7779164,79);
REPLACE INTO game_event_creature VALUES (7779165,79);
REPLACE INTO game_event_creature VALUES (7779166,79);
REPLACE INTO game_event_creature VALUES (7779167,79);
REPLACE INTO game_event_creature VALUES (7779168,79);
REPLACE INTO game_event_creature VALUES (7779169,79);
REPLACE INTO game_event_creature VALUES (7779170,79);
REPLACE INTO game_event_creature VALUES (7779171,79);
REPLACE INTO game_event_creature VALUES (7779172,79);
REPLACE INTO game_event_creature VALUES (7779173,79);
REPLACE INTO game_event_creature VALUES (7779174,79);
REPLACE INTO game_event_creature VALUES (7779175,79);
REPLACE INTO game_event_creature VALUES (7779176,79);
REPLACE INTO game_event_creature VALUES (7779177,79);
REPLACE INTO game_event_creature VALUES (7779178,79);
REPLACE INTO game_event_creature VALUES (7779179,79);
REPLACE INTO game_event_creature VALUES (7779180,79);
REPLACE INTO game_event_creature VALUES (7779181,79);
REPLACE INTO game_event_creature VALUES (7779182,79);
REPLACE INTO game_event_creature VALUES (7779183,79);
REPLACE INTO game_event_creature VALUES (7779184,79);
REPLACE INTO game_event_creature VALUES (7779185,79);
REPLACE INTO game_event_creature VALUES (7779186,79);
REPLACE INTO game_event_creature VALUES (7779187,79);
REPLACE INTO game_event_creature VALUES (7779188,79);
REPLACE INTO game_event_creature VALUES (7779189,79);
REPLACE INTO game_event_creature VALUES (7779190,79);
REPLACE INTO game_event_creature VALUES (7779191,79);
REPLACE INTO game_event_creature VALUES (7779192,79);
REPLACE INTO game_event_creature VALUES (7779193,79);
REPLACE INTO game_event_creature VALUES (7779194,79);
REPLACE INTO game_event_creature VALUES (7779195,79);
REPLACE INTO game_event_creature VALUES (7779196,79);
REPLACE INTO game_event_creature VALUES (7779197,79);
REPLACE INTO game_event_creature VALUES (7779198,79);
REPLACE INTO game_event_creature VALUES (7779199,79);
REPLACE INTO game_event_creature VALUES (7779200,79);
REPLACE INTO game_event_creature VALUES (7779201,79);
REPLACE INTO game_event_creature VALUES (7779202,79);
REPLACE INTO game_event_creature VALUES (7779203,79);
REPLACE INTO game_event_creature VALUES (7779204,79);
REPLACE INTO game_event_creature VALUES (7779205,79);
REPLACE INTO game_event_creature VALUES (7779206,79);
REPLACE INTO game_event_creature VALUES (7779207,79);
REPLACE INTO game_event_creature VALUES (7779208,79);
REPLACE INTO game_event_creature VALUES (7779209,79);
REPLACE INTO game_event_creature VALUES (7779210,79);
REPLACE INTO game_event_creature VALUES (7779211,79);
REPLACE INTO game_event_creature VALUES (7779212,79);
REPLACE INTO game_event_creature VALUES (7779213,79);
REPLACE INTO game_event_creature VALUES (7779214,79);
REPLACE INTO game_event_creature VALUES (7779215,79);
REPLACE INTO game_event_creature VALUES (7779216,79);
REPLACE INTO game_event_creature VALUES (7779217,79);
REPLACE INTO game_event_creature VALUES (7779218,79);
REPLACE INTO game_event_creature VALUES (7779219,79);
REPLACE INTO game_event_creature VALUES (7779220,79);
REPLACE INTO game_event_creature VALUES (7779221,79);
REPLACE INTO game_event_creature VALUES (7779222,79);
REPLACE INTO game_event_creature VALUES (7779223,79);
REPLACE INTO game_event_creature VALUES (7779224,79);
REPLACE INTO game_event_creature VALUES (7779225,79);
REPLACE INTO game_event_creature VALUES (7779226,79);
REPLACE INTO game_event_creature VALUES (7779227,79);
REPLACE INTO game_event_creature VALUES (7779228,79);
REPLACE INTO game_event_creature VALUES (7779229,79);
REPLACE INTO game_event_creature VALUES (7779230,79);
REPLACE INTO game_event_creature VALUES (7779231,79);
REPLACE INTO game_event_creature VALUES (7779232,79);
REPLACE INTO game_event_creature VALUES (7779233,79);
REPLACE INTO game_event_creature VALUES (7779234,79);
REPLACE INTO game_event_creature VALUES (7779235,79);
REPLACE INTO game_event_creature VALUES (7779236,79);
REPLACE INTO game_event_creature VALUES (7779237,79);
REPLACE INTO game_event_creature VALUES (7779238,79);
REPLACE INTO game_event_creature VALUES (7779239,79);
REPLACE INTO game_event_creature VALUES (7779240,79);
REPLACE INTO game_event_creature VALUES (7779241,79);
REPLACE INTO game_event_creature VALUES (7779242,79);
REPLACE INTO game_event_creature VALUES (7779243,79);
REPLACE INTO game_event_creature VALUES (7779244,79);
REPLACE INTO game_event_creature VALUES (7779245,79);
REPLACE INTO game_event_creature VALUES (7779246,79);
REPLACE INTO game_event_creature VALUES (7779247,79);
REPLACE INTO game_event_creature VALUES (7779248,79);
REPLACE INTO game_event_creature VALUES (7779249,79);
REPLACE INTO game_event_creature VALUES (7779250,79);
REPLACE INTO game_event_creature VALUES (7779251,79);
REPLACE INTO game_event_creature VALUES (7779252,79);
REPLACE INTO game_event_creature VALUES (7779253,79);
REPLACE INTO game_event_creature VALUES (7779254,79);
REPLACE INTO game_event_creature VALUES (7779255,79);
REPLACE INTO game_event_creature VALUES (7779256,79);
REPLACE INTO game_event_creature VALUES (7779257,79);
REPLACE INTO game_event_creature VALUES (7779258,79);
REPLACE INTO game_event_creature VALUES (7779259,79);
REPLACE INTO game_event_creature VALUES (7779260,79);
REPLACE INTO game_event_creature VALUES (7779261,79);
REPLACE INTO game_event_creature VALUES (7779262,79);
REPLACE INTO game_event_creature VALUES (7779263,79);
REPLACE INTO game_event_creature VALUES (7779264,79);
REPLACE INTO game_event_creature VALUES (7779265,79);
REPLACE INTO game_event_creature VALUES (7779266,79);
REPLACE INTO game_event_creature VALUES (7779267,79);
REPLACE INTO game_event_creature VALUES (7779268,79);
REPLACE INTO game_event_creature VALUES (7779269,79);
REPLACE INTO game_event_creature VALUES (7779270,79);
REPLACE INTO game_event_creature VALUES (7779271,79);
REPLACE INTO game_event_creature VALUES (7779272,79);
REPLACE INTO game_event_creature VALUES (7779273,79);
REPLACE INTO game_event_creature VALUES (7779274,79);
REPLACE INTO game_event_creature VALUES (7779275,79);
REPLACE INTO game_event_creature VALUES (7779276,79);
REPLACE INTO game_event_creature VALUES (7779277,79);
REPLACE INTO game_event_creature VALUES (7779278,79);
REPLACE INTO game_event_creature VALUES (7779279,79);
REPLACE INTO game_event_creature VALUES (7779280,79);
REPLACE INTO game_event_creature VALUES (7779281,79);
REPLACE INTO game_event_creature VALUES (7779282,79);
REPLACE INTO game_event_creature VALUES (7779283,79);
REPLACE INTO game_event_creature VALUES (7779284,79);
REPLACE INTO game_event_creature VALUES (7779285,79);
REPLACE INTO game_event_creature VALUES (7779286,79);
REPLACE INTO game_event_creature VALUES (7779287,79);
REPLACE INTO game_event_creature VALUES (7779288,79);
REPLACE INTO game_event_creature VALUES (7779289,79);
REPLACE INTO game_event_creature VALUES (7779290,79);
REPLACE INTO game_event_creature VALUES (7779291,79);
REPLACE INTO game_event_creature VALUES (7779292,79);
REPLACE INTO game_event_creature VALUES (7779293,79);
REPLACE INTO game_event_creature VALUES (7779294,79);
REPLACE INTO game_event_creature VALUES (7779295,79);
REPLACE INTO game_event_creature VALUES (7779296,79);